run_id,call_id,batch_id,provider,model,temperature,prompt_id,repeat_id,sample_in_call,timestamp_utc,experiment_type,condition_id,condition_name,label_cue,score_cue,symptom_cue,profile_id,profile_short,ia_like_profile,participant_uid,feature_condition,task_id,task_name,prompt_hash,input_tokens,output_tokens,accuracy,mean_rt_ms,rt_sd_ms,interference_effect_ms,
IA_minimax_MiniMax-M2.5_20260603T032216Z,5b86292f-1a0c-4fc7-a7f2-8cd999b9b61e,1,minimax,MiniMax-M2.5,0.7,IA_cue_competition_C000_no_cue_P1_low_PDU_low_ATT_stroop,1,1,2026-06-03T03:22:21.214476+00:00,cue_competition,C000_no_cue,no-cue,0,0,0,P1_low_PDU_low_ATT,low PDU / low attention difficulties,0,,,stroop,Stroop color-word task,8c8408017fe4,394,457,97.2,623,112,98,
IA_minimax_MiniMax-M2.5_20260603T032216Z,5b86292f-1a0c-4fc7-a7f2-8cd999b9b61e,1,minimax,MiniMax-M2.5,0.7,IA_cue_competition_C000_no_cue_P1_low_PDU_low_ATT_stroop,2,2,2026-06-03T03:22:21.214476+00:00,cue_competition,C000_no_cue,no-cue,0,0,0,P1_low_PDU_low_ATT,low PDU / low attention difficulties,0,,,stroop,Stroop color-word task,8c8408017fe4,394,457,96.8,645,124,112,
IA_minimax_MiniMax-M2.5_20260603T032216Z,5b86292f-1a0c-4fc7-a7f2-8cd999b9b61e,1,minimax,MiniMax-M2.5,0.7,IA_cue_competition_C000_no_cue_P1_low_PDU_low_ATT_stroop,3,3,2026-06-03T03:22:21.214476+00:00,cue_competition,C000_no_cue,no-cue,0,0,0,P1_low_PDU_low_ATT,low PDU / low attention difficulties,0,,,stroop,Stroop color-word task,8c8408017fe4,394,457,97.5,598,108,89,
IA_minimax_MiniMax-M2.5_20260603T032216Z,5b86292f-1a0c-4fc7-a7f2-8cd999b9b61e,1,minimax,MiniMax-M2.5,0.7,IA_cue_competition_C000_no_cue_P1_low_PDU_low_ATT_stroop,4,4,2026-06-03T03:22:21.214476+00:00,cue_competition,C000_no_cue,no-cue,0,0,0,P1_low_PDU_low_ATT,low PDU / low attention difficulties,0,,,stroop,Stroop color-word task,8c8408017fe4,394,457,96.4,668,131,105,
IA_minimax_MiniMax-M2.5_20260603T032216Z,5b86292f-1a0c-4fc7-a7f2-8cd999b9b61e,1,minimax,MiniMax-M2.5,0.7,IA_cue_competition_C000_no_cue_P1_low_PDU_low_ATT_stroop,5,5,2026-06-03T03:22:21.215465+00:00,cue_competition,C000_no_cue,no-cue,0,0,0,P1_low_PDU_low_ATT,low PDU / low attention difficulties,0,,,stroop,Stroop color-word task,8c8408017fe4,394,457,97.1,635,118,95,
IA_minimax_MiniMax-M2.5_20260603T032216Z,0f7b437a-abe8-4e94-a9ec-7e95b5f908d3,2,minimax,MiniMax-M2.5,0.7,IA_cue_competition_C000_no_cue_P1_low_PDU_low_ATT_stroop,6,1,2026-06-03T03:22:26.406287+00:00,cue_competition,C000_no_cue,no-cue,0,0,0,P1_low_PDU_low_ATT,low PDU / low attention difficulties,0,,,stroop,Stroop color-word task,8c8408017fe4,394,432,96.2,523.4,87.6,78.9,
IA_minimax_MiniMax-M2.5_20260603T032216Z,0f7b437a-abe8-4e94-a9ec-7e95b5f908d3,2,minimax,MiniMax-M2.5,0.7,IA_cue_competition_C000_no_cue_P1_low_PDU_low_ATT_stroop,7,2,2026-06-03T03:22:26.406287+00:00,cue_competition,C000_no_cue,no-cue,0,0,0,P1_low_PDU_low_ATT,low PDU / low attention difficulties,0,,,stroop,Stroop color-word task,8c8408017fe4,394,432,97.8,489.1,72.3,65.4,
IA_minimax_MiniMax-M2.5_20260603T032216Z,0f7b437a-abe8-4e94-a9ec-7e95b5f908d3,2,minimax,MiniMax-M2.5,0.7,IA_cue_competition_C000_no_cue_P1_low_PDU_low_ATT_stroop,8,3,2026-06-03T03:22:26.406287+00:00,cue_competition,C000_no_cue,no-cue,0,0,0,P1_low_PDU_low_ATT,low PDU / low attention difficulties,0,,,stroop,Stroop color-word task,8c8408017fe4,394,432,94.5,567.8,98.2,92.1,
IA_minimax_MiniMax-M2.5_20260603T032216Z,0f7b437a-abe8-4e94-a9ec-7e95b5f908d3,2,minimax,MiniMax-M2.5,0.7,IA_cue_competition_C000_no_cue_P1_low_PDU_low_ATT_stroop,9,4,2026-06-03T03:22:26.406287+00:00,cue_competition,C000_no_cue,no-cue,0,0,0,P1_low_PDU_low_ATT,low PDU / low attention difficulties,0,,,stroop,Stroop color-word task,8c8408017fe4,394,432,98.1,445.6,64.7,58.3,
IA_minimax_MiniMax-M2.5_20260603T032216Z,0f7b437a-abe8-4e94-a9ec-7e95b5f908d3,2,minimax,MiniMax-M2.5,0.7,IA_cue_competition_C000_no_cue_P1_low_PDU_low_ATT_stroop,10,5,2026-06-03T03:22:26.406844+00:00,cue_competition,C000_no_cue,no-cue,0,0,0,P1_low_PDU_low_ATT,low PDU / low attention difficulties,0,,,stroop,Stroop color-word task,8c8408017fe4,394,432,95.9,512.3,81.4,85.6,
IA_minimax_MiniMax-M2.5_20260603T032216Z,97066153-0e1e-4498-8a82-910e9abcc091,3,minimax,MiniMax-M2.5,0.7,IA_cue_competition_C000_no_cue_P1_low_PDU_low_ATT_stroop,11,1,2026-06-03T03:22:31.226624+00:00,cue_competition,C000_no_cue,no-cue,0,0,0,P1_low_PDU_low_ATT,low PDU / low attention difficulties,0,,,stroop,Stroop color-word task,8c8408017fe4,394,405,94.2,542.8,98.4,78.6,
IA_minimax_MiniMax-M2.5_20260603T032216Z,97066153-0e1e-4498-8a82-910e9abcc091,3,minimax,MiniMax-M2.5,0.7,IA_cue_competition_C000_no_cue_P1_low_PDU_low_ATT_stroop,12,2,2026-06-03T03:22:31.226624+00:00,cue_competition,C000_no_cue,no-cue,0,0,0,P1_low_PDU_low_ATT,low PDU / low attention difficulties,0,,,stroop,Stroop color-word task,8c8408017fe4,394,405,95.8,518.3,87.2,92.1,
IA_minimax_MiniMax-M2.5_20260603T032216Z,97066153-0e1e-4498-8a82-910e9abcc091,3,minimax,MiniMax-M2.5,0.7,IA_cue_competition_C000_no_cue_P1_low_PDU_low_ATT_stroop,13,3,2026-06-03T03:22:31.226624+00:00,cue_competition,C000_no_cue,no-cue,0,0,0,P1_low_PDU_low_ATT,low PDU / low attention difficulties,0,,,stroop,Stroop color-word task,8c8408017fe4,394,405,93.6,567.4,105.8,68.3,
IA_minimax_MiniMax-M2.5_20260603T032216Z,97066153-0e1e-4498-8a82-910e9abcc091,3,minimax,MiniMax-M2.5,0.7,IA_cue_competition_C000_no_cue_P1_low_PDU_low_ATT_stroop,14,4,2026-06-03T03:22:31.226624+00:00,cue_competition,C000_no_cue,no-cue,0,0,0,P1_low_PDU_low_ATT,low PDU / low attention difficulties,0,,,stroop,Stroop color-word task,8c8408017fe4,394,405,96.1,501.2,82.6,85.7,
IA_minimax_MiniMax-M2.5_20260603T032216Z,97066153-0e1e-4498-8a82-910e9abcc091,3,minimax,MiniMax-M2.5,0.7,IA_cue_competition_C000_no_cue_P1_low_PDU_low_ATT_stroop,15,5,2026-06-03T03:22:31.226624+00:00,cue_competition,C000_no_cue,no-cue,0,0,0,P1_low_PDU_low_ATT,low PDU / low attention difficulties,0,,,stroop,Stroop color-word task,8c8408017fe4,394,405,94.9,529.7,93.1,73.4,
IA_minimax_MiniMax-M2.5_20260603T032216Z,a1a751e6-2e00-4163-9200-6020d86701d7,4,minimax,MiniMax-M2.5,0.7,IA_cue_competition_C000_no_cue_P1_low_PDU_low_ATT_stroop,16,1,2026-06-03T03:22:36.420120+00:00,cue_competition,C000_no_cue,no-cue,0,0,0,P1_low_PDU_low_ATT,low PDU / low attention difficulties,0,,,stroop,Stroop color-word task,8c8408017fe4,394,434,0.97,582,142,198,
IA_minimax_MiniMax-M2.5_20260603T032216Z,a1a751e6-2e00-4163-9200-6020d86701d7,4,minimax,MiniMax-M2.5,0.7,IA_cue_competition_C000_no_cue_P1_low_PDU_low_ATT_stroop,17,2,2026-06-03T03:22:36.420120+00:00,cue_competition,C000_no_cue,no-cue,0,0,0,P1_low_PDU_low_ATT,low PDU / low attention difficulties,0,,,stroop,Stroop color-word task,8c8408017fe4,394,434,0.96,634,168,227,
IA_minimax_MiniMax-M2.5_20260603T032216Z,a1a751e6-2e00-4163-9200-6020d86701d7,4,minimax,MiniMax-M2.5,0.7,IA_cue_competition_C000_no_cue_P1_low_PDU_low_ATT_stroop,18,3,2026-06-03T03:22:36.420120+00:00,cue_competition,C000_no_cue,no-cue,0,0,0,P1_low_PDU_low_ATT,low PDU / low attention difficulties,0,,,stroop,Stroop color-word task,8c8408017fe4,394,434,0.98,547,121,175,
IA_minimax_MiniMax-M2.5_20260603T032216Z,a1a751e6-2e00-4163-9200-6020d86701d7,4,minimax,MiniMax-M2.5,0.7,IA_cue_competition_C000_no_cue_P1_low_PDU_low_ATT_stroop,19,4,2026-06-03T03:22:36.420120+00:00,cue_competition,C000_no_cue,no-cue,0,0,0,P1_low_PDU_low_ATT,low PDU / low attention difficulties,0,,,stroop,Stroop color-word task,8c8408017fe4,394,434,0.95,668,189,256,
IA_minimax_MiniMax-M2.5_20260603T032216Z,a1a751e6-2e00-4163-9200-6020d86701d7,4,minimax,MiniMax-M2.5,0.7,IA_cue_competition_C000_no_cue_P1_low_PDU_low_ATT_stroop,20,5,2026-06-03T03:22:36.420120+00:00,cue_competition,C000_no_cue,no-cue,0,0,0,P1_low_PDU_low_ATT,low PDU / low attention difficulties,0,,,stroop,Stroop color-word task,8c8408017fe4,394,434,0.97,598,154,212,
IA_minimax_MiniMax-M2.5_20260603T032216Z,08c95257-eb40-4f35-8d3b-16a57a535703,1,minimax,MiniMax-M2.5,0.7,IA_cue_competition_C000_no_cue_P1_low_PDU_low_ATT_nback,1,1,2026-06-03T03:22:42.576577+00:00,cue_competition,C000_no_cue,no-cue,0,0,0,P1_low_PDU_low_ATT,low PDU / low attention difficulties,0,,,nback,n-back working-memory task,c507af81106d,414,559,85.2,92.4,83.8,72.1,
IA_minimax_MiniMax-M2.5_20260603T032216Z,08c95257-eb40-4f35-8d3b-16a57a535703,1,minimax,MiniMax-M2.5,0.7,IA_cue_competition_C000_no_cue_P1_low_PDU_low_ATT_nback,2,2,2026-06-03T03:22:42.576577+00:00,cue_competition,C000_no_cue,no-cue,0,0,0,P1_low_PDU_low_ATT,low PDU / low attention difficulties,0,,,nback,n-back working-memory task,c507af81106d,414,559,83.7,90.1,81.5,70.3,
IA_minimax_MiniMax-M2.5_20260603T032216Z,08c95257-eb40-4f35-8d3b-16a57a535703,1,minimax,MiniMax-M2.5,0.7,IA_cue_competition_C000_no_cue_P1_low_PDU_low_ATT_nback,3,3,2026-06-03T03:22:42.576577+00:00,cue_competition,C000_no_cue,no-cue,0,0,0,P1_low_PDU_low_ATT,low PDU / low attention difficulties,0,,,nback,n-back working-memory task,c507af81106d,414,559,87.1,94.2,86.4,75.8,
IA_minimax_MiniMax-M2.5_20260603T032216Z,08c95257-eb40-4f35-8d3b-16a57a535703,1,minimax,MiniMax-M2.5,0.7,IA_cue_competition_C000_no_cue_P1_low_PDU_low_ATT_nback,4,4,2026-06-03T03:22:42.576577+00:00,cue_competition,C000_no_cue,no-cue,0,0,0,P1_low_PDU_low_ATT,low PDU / low attention difficulties,0,,,nback,n-back working-memory task,c507af81106d,414,559,82.4,89.6,80.2,68.7,
IA_minimax_MiniMax-M2.5_20260603T032216Z,08c95257-eb40-4f35-8d3b-16a57a535703,1,minimax,MiniMax-M2.5,0.7,IA_cue_competition_C000_no_cue_P1_low_PDU_low_ATT_nback,5,5,2026-06-03T03:22:42.576577+00:00,cue_competition,C000_no_cue,no-cue,0,0,0,P1_low_PDU_low_ATT,low PDU / low attention difficulties,0,,,nback,n-back working-memory task,c507af81106d,414,559,86.5,93.1,85.7,74.2,
IA_minimax_MiniMax-M2.5_20260603T032216Z,b9816b76-7680-4c0f-b2af-f8a128d952ae,2,minimax,MiniMax-M2.5,0.7,IA_cue_competition_C000_no_cue_P1_low_PDU_low_ATT_nback,6,1,2026-06-03T03:22:47.968966+00:00,cue_competition,C000_no_cue,no-cue,0,0,0,P1_low_PDU_low_ATT,low PDU / low attention difficulties,0,,,nback,n-back working-memory task,c507af81106d,414,459,79.2,91.5,78.3,67.8,
IA_minimax_MiniMax-M2.5_20260603T032216Z,b9816b76-7680-4c0f-b2af-f8a128d952ae,2,minimax,MiniMax-M2.5,0.7,IA_cue_competition_C000_no_cue_P1_low_PDU_low_ATT_nback,7,2,2026-06-03T03:22:47.969541+00:00,cue_competition,C000_no_cue,no-cue,0,0,0,P1_low_PDU_low_ATT,low PDU / low attention difficulties,0,,,nback,n-back working-memory task,c507af81106d,414,459,82.7,93.2,82.1,72.8,
IA_minimax_MiniMax-M2.5_20260603T032216Z,b9816b76-7680-4c0f-b2af-f8a128d952ae,2,minimax,MiniMax-M2.5,0.7,IA_cue_competition_C000_no_cue_P1_low_PDU_low_ATT_nback,8,3,2026-06-03T03:22:47.969541+00:00,cue_competition,C000_no_cue,no-cue,0,0,0,P1_low_PDU_low_ATT,low PDU / low attention difficulties,0,,,nback,n-back working-memory task,c507af81106d,414,459,76.4,88.9,75.6,64.7,
IA_minimax_MiniMax-M2.5_20260603T032216Z,b9816b76-7680-4c0f-b2af-f8a128d952ae,2,minimax,MiniMax-M2.5,0.7,IA_cue_competition_C000_no_cue_P1_low_PDU_low_ATT_nback,9,4,2026-06-03T03:22:47.969541+00:00,cue_competition,C000_no_cue,no-cue,0,0,0,P1_low_PDU_low_ATT,low PDU / low attention difficulties,0,,,nback,n-back working-memory task,c507af81106d,414,459,80.1,90.7,79.4,70.2,
IA_minimax_MiniMax-M2.5_20260603T032216Z,b9816b76-7680-4c0f-b2af-f8a128d952ae,2,minimax,MiniMax-M2.5,0.7,IA_cue_competition_C000_no_cue_P1_low_PDU_low_ATT_nback,10,5,2026-06-03T03:22:47.969541+00:00,cue_competition,C000_no_cue,no-cue,0,0,0,P1_low_PDU_low_ATT,low PDU / low attention difficulties,0,,,nback,n-back working-memory task,c507af81106d,414,459,77.8,89.3,76.8,67.3,
IA_minimax_MiniMax-M2.5_20260603T032216Z,5b6bee07-481e-46e8-9b23-45141fd5bbd0,3,minimax,MiniMax-M2.5,0.7,IA_cue_competition_C000_no_cue_P1_low_PDU_low_ATT_nback,11,1,2026-06-03T03:22:54.256689+00:00,cue_competition,C000_no_cue,no-cue,0,0,0,P1_low_PDU_low_ATT,low PDU / low attention difficulties,0,,,nback,n-back working-memory task,c507af81106d,414,563,88,94,86,78,
IA_minimax_MiniMax-M2.5_20260603T032216Z,5b6bee07-481e-46e8-9b23-45141fd5bbd0,3,minimax,MiniMax-M2.5,0.7,IA_cue_competition_C000_no_cue_P1_low_PDU_low_ATT_nback,12,2,2026-06-03T03:22:54.256689+00:00,cue_competition,C000_no_cue,no-cue,0,0,0,P1_low_PDU_low_ATT,low PDU / low attention difficulties,0,,,nback,n-back working-memory task,c507af81106d,414,563,86,92,84,76,
IA_minimax_MiniMax-M2.5_20260603T032216Z,5b6bee07-481e-46e8-9b23-45141fd5bbd0,3,minimax,MiniMax-M2.5,0.7,IA_cue_competition_C000_no_cue_P1_low_PDU_low_ATT_nback,13,3,2026-06-03T03:22:54.256689+00:00,cue_competition,C000_no_cue,no-cue,0,0,0,P1_low_PDU_low_ATT,low PDU / low attention difficulties,0,,,nback,n-back working-memory task,c507af81106d,414,563,90,95,88,80,
IA_minimax_MiniMax-M2.5_20260603T032216Z,5b6bee07-481e-46e8-9b23-45141fd5bbd0,3,minimax,MiniMax-M2.5,0.7,IA_cue_competition_C000_no_cue_P1_low_PDU_low_ATT_nback,14,4,2026-06-03T03:22:54.256689+00:00,cue_competition,C000_no_cue,no-cue,0,0,0,P1_low_PDU_low_ATT,low PDU / low attention difficulties,0,,,nback,n-back working-memory task,c507af81106d,414,563,87,93,85,77,
IA_minimax_MiniMax-M2.5_20260603T032216Z,5b6bee07-481e-46e8-9b23-45141fd5bbd0,3,minimax,MiniMax-M2.5,0.7,IA_cue_competition_C000_no_cue_P1_low_PDU_low_ATT_nback,15,5,2026-06-03T03:22:54.256689+00:00,cue_competition,C000_no_cue,no-cue,0,0,0,P1_low_PDU_low_ATT,low PDU / low attention difficulties,0,,,nback,n-back working-memory task,c507af81106d,414,563,89,94,87,79,
IA_minimax_MiniMax-M2.5_20260603T032216Z,5f32050f-deab-4056-92ea-c3e36a3f8348,4,minimax,MiniMax-M2.5,0.7,IA_cue_competition_C000_no_cue_P1_low_PDU_low_ATT_nback,16,1,2026-06-03T03:23:01.460458+00:00,cue_competition,C000_no_cue,no-cue,0,0,0,P1_low_PDU_low_ATT,low PDU / low attention difficulties,0,,,nback,n-back working-memory task,c507af81106d,414,670,82,92,82,72,
IA_minimax_MiniMax-M2.5_20260603T032216Z,5f32050f-deab-4056-92ea-c3e36a3f8348,4,minimax,MiniMax-M2.5,0.7,IA_cue_competition_C000_no_cue_P1_low_PDU_low_ATT_nback,17,2,2026-06-03T03:23:01.460458+00:00,cue_competition,C000_no_cue,no-cue,0,0,0,P1_low_PDU_low_ATT,low PDU / low attention difficulties,0,,,nback,n-back working-memory task,c507af81106d,414,670,85,94,86,75,
IA_minimax_MiniMax-M2.5_20260603T032216Z,5f32050f-deab-4056-92ea-c3e36a3f8348,4,minimax,MiniMax-M2.5,0.7,IA_cue_competition_C000_no_cue_P1_low_PDU_low_ATT_nback,18,3,2026-06-03T03:23:01.460458+00:00,cue_competition,C000_no_cue,no-cue,0,0,0,P1_low_PDU_low_ATT,low PDU / low attention difficulties,0,,,nback,n-back working-memory task,c507af81106d,414,670,79,90,78,69,
IA_minimax_MiniMax-M2.5_20260603T032216Z,5f32050f-deab-4056-92ea-c3e36a3f8348,4,minimax,MiniMax-M2.5,0.7,IA_cue_competition_C000_no_cue_P1_low_PDU_low_ATT_nback,19,4,2026-06-03T03:23:01.460458+00:00,cue_competition,C000_no_cue,no-cue,0,0,0,P1_low_PDU_low_ATT,low PDU / low attention difficulties,0,,,nback,n-back working-memory task,c507af81106d,414,670,88,95,89,80,
IA_minimax_MiniMax-M2.5_20260603T032216Z,5f32050f-deab-4056-92ea-c3e36a3f8348,4,minimax,MiniMax-M2.5,0.7,IA_cue_competition_C000_no_cue_P1_low_PDU_low_ATT_nback,20,5,2026-06-03T03:23:01.460458+00:00,cue_competition,C000_no_cue,no-cue,0,0,0,P1_low_PDU_low_ATT,low PDU / low attention difficulties,0,,,nback,n-back working-memory task,c507af81106d,414,670,83,91,84,74,
IA_minimax_MiniMax-M2.5_20260603T032216Z,fd8e6002-ae51-42fc-a332-7b6100d415e5,1,minimax,MiniMax-M2.5,0.7,IA_cue_competition_C000_no_cue_P1_low_PDU_low_ATT_bart,1,1,2026-06-03T03:23:07.258743+00:00,cue_competition,C000_no_cue,no-cue,0,0,0,P1_low_PDU_low_ATT,low PDU / low attention difficulties,0,,,bart,Balloon Analogue Risk Task,c00b532aafba,408,494,24.6,18.75,5,0.52,
IA_minimax_MiniMax-M2.5_20260603T032216Z,fd8e6002-ae51-42fc-a332-7b6100d415e5,1,minimax,MiniMax-M2.5,0.7,IA_cue_competition_C000_no_cue_P1_low_PDU_low_ATT_bart,2,2,2026-06-03T03:23:07.258743+00:00,cue_competition,C000_no_cue,no-cue,0,0,0,P1_low_PDU_low_ATT,low PDU / low attention difficulties,0,,,bart,Balloon Analogue Risk Task,c00b532aafba,408,494,31.2,26.5,3,0.68,
IA_minimax_MiniMax-M2.5_20260603T032216Z,fd8e6002-ae51-42fc-a332-7b6100d415e5,1,minimax,MiniMax-M2.5,0.7,IA_cue_competition_C000_no_cue_P1_low_PDU_low_ATT_bart,3,3,2026-06-03T03:23:07.258743+00:00,cue_competition,C000_no_cue,no-cue,0,0,0,P1_low_PDU_low_ATT,low PDU / low attention difficulties,0,,,bart,Balloon Analogue Risk Task,c00b532aafba,408,494,17.8,12.25,7,0.38,
IA_minimax_MiniMax-M2.5_20260603T032216Z,fd8e6002-ae51-42fc-a332-7b6100d415e5,1,minimax,MiniMax-M2.5,0.7,IA_cue_competition_C000_no_cue_P1_low_PDU_low_ATT_bart,4,4,2026-06-03T03:23:07.258743+00:00,cue_competition,C000_no_cue,no-cue,0,0,0,P1_low_PDU_low_ATT,low PDU / low attention difficulties,0,,,bart,Balloon Analogue Risk Task,c00b532aafba,408,494,28.4,22,4,0.61,
IA_minimax_MiniMax-M2.5_20260603T032216Z,fd8e6002-ae51-42fc-a332-7b6100d415e5,1,minimax,MiniMax-M2.5,0.7,IA_cue_competition_C000_no_cue_P1_low_PDU_low_ATT_bart,5,5,2026-06-03T03:23:07.258743+00:00,cue_competition,C000_no_cue,no-cue,0,0,0,P1_low_PDU_low_ATT,low PDU / low attention difficulties,0,,,bart,Balloon Analogue Risk Task,c00b532aafba,408,494,20.1,15.5,6,0.44,
IA_minimax_MiniMax-M2.5_20260603T032216Z,167b64fb-0445-4b0d-86c2-555601a77934,2,minimax,MiniMax-M2.5,0.7,IA_cue_competition_C000_no_cue_P1_low_PDU_low_ATT_bart,6,1,2026-06-03T03:23:15.722524+00:00,cue_competition,C000_no_cue,no-cue,0,0,0,P1_low_PDU_low_ATT,low PDU / low attention difficulties,0,,,bart,Balloon Analogue Risk Task,c00b532aafba,408,796,42,38,2,0.55,
IA_minimax_MiniMax-M2.5_20260603T032216Z,167b64fb-0445-4b0d-86c2-555601a77934,2,minimax,MiniMax-M2.5,0.7,IA_cue_competition_C000_no_cue_P1_low_PDU_low_ATT_bart,7,2,2026-06-03T03:23:15.722524+00:00,cue_competition,C000_no_cue,no-cue,0,0,0,P1_low_PDU_low_ATT,low PDU / low attention difficulties,0,,,bart,Balloon Analogue Risk Task,c00b532aafba,408,796,58,25,4,0.68,
IA_minimax_MiniMax-M2.5_20260603T032216Z,167b64fb-0445-4b0d-86c2-555601a77934,2,minimax,MiniMax-M2.5,0.7,IA_cue_competition_C000_no_cue_P1_low_PDU_low_ATT_bart,8,3,2026-06-03T03:23:15.722524+00:00,cue_competition,C000_no_cue,no-cue,0,0,0,P1_low_PDU_low_ATT,low PDU / low attention difficulties,0,,,bart,Balloon Analogue Risk Task,c00b532aafba,408,796,31,48,1,0.42,
IA_minimax_MiniMax-M2.5_20260603T032216Z,167b64fb-0445-4b0d-86c2-555601a77934,2,minimax,MiniMax-M2.5,0.7,IA_cue_competition_C000_no_cue_P1_low_PDU_low_ATT_bart,9,4,2026-06-03T03:23:15.722524+00:00,cue_competition,C000_no_cue,no-cue,0,0,0,P1_low_PDU_low_ATT,low PDU / low attention difficulties,0,,,bart,Balloon Analogue Risk Task,c00b532aafba,408,796,52,32,3,0.61,
IA_minimax_MiniMax-M2.5_20260603T032216Z,167b64fb-0445-4b0d-86c2-555601a77934,2,minimax,MiniMax-M2.5,0.7,IA_cue_competition_C000_no_cue_P1_low_PDU_low_ATT_bart,10,5,2026-06-03T03:23:15.722524+00:00,cue_competition,C000_no_cue,no-cue,0,0,0,P1_low_PDU_low_ATT,low PDU / low attention difficulties,0,,,bart,Balloon Analogue Risk Task,c00b532aafba,408,796,35,42,2,0.49,
IA_minimax_MiniMax-M2.5_20260603T032216Z,92be6c50-72c6-4899-8868-341eb03eea32,3,minimax,MiniMax-M2.5,0.7,IA_cue_competition_C000_no_cue_P1_low_PDU_low_ATT_bart,11,1,2026-06-03T03:23:23.632763+00:00,cue_competition,C000_no_cue,no-cue,0,0,0,P1_low_PDU_low_ATT,low PDU / low attention difficulties,0,,,bart,Balloon Analogue Risk Task,c00b532aafba,408,734,35,450,3,0.55,
IA_minimax_MiniMax-M2.5_20260603T032216Z,92be6c50-72c6-4899-8868-341eb03eea32,3,minimax,MiniMax-M2.5,0.7,IA_cue_competition_C000_no_cue_P1_low_PDU_low_ATT_bart,12,2,2026-06-03T03:23:23.632763+00:00,cue_competition,C000_no_cue,no-cue,0,0,0,P1_low_PDU_low_ATT,low PDU / low attention difficulties,0,,,bart,Balloon Analogue Risk Task,c00b532aafba,408,734,42,520,2,0.62,
IA_minimax_MiniMax-M2.5_20260603T032216Z,92be6c50-72c6-4899-8868-341eb03eea32,3,minimax,MiniMax-M2.5,0.7,IA_cue_competition_C000_no_cue_P1_low_PDU_low_ATT_bart,13,3,2026-06-03T03:23:23.632763+00:00,cue_competition,C000_no_cue,no-cue,0,0,0,P1_low_PDU_low_ATT,low PDU / low attention difficulties,0,,,bart,Balloon Analogue Risk Task,c00b532aafba,408,734,28,380,4,0.48,
IA_minimax_MiniMax-M2.5_20260603T032216Z,92be6c50-72c6-4899-8868-341eb03eea32,3,minimax,MiniMax-M2.5,0.7,IA_cue_competition_C000_no_cue_P1_low_PDU_low_ATT_bart,14,4,2026-06-03T03:23:23.632763+00:00,cue_competition,C000_no_cue,no-cue,0,0,0,P1_low_PDU_low_ATT,low PDU / low attention difficulties,0,,,bart,Balloon Analogue Risk Task,c00b532aafba,408,734,48,580,2,0.68,
IA_minimax_MiniMax-M2.5_20260603T032216Z,92be6c50-72c6-4899-8868-341eb03eea32,3,minimax,MiniMax-M2.5,0.7,IA_cue_competition_C000_no_cue_P1_low_PDU_low_ATT_bart,15,5,2026-06-03T03:23:23.632763+00:00,cue_competition,C000_no_cue,no-cue,0,0,0,P1_low_PDU_low_ATT,low PDU / low attention difficulties,0,,,bart,Balloon Analogue Risk Task,c00b532aafba,408,734,38,470,3,0.58,
IA_minimax_MiniMax-M2.5_20260603T032216Z,97b76937-a9fc-4ad0-a8b1-d9f1f255ecd2,4,minimax,MiniMax-M2.5,0.7,IA_cue_competition_C000_no_cue_P1_low_PDU_low_ATT_bart,16,1,2026-06-03T03:23:33.079782+00:00,cue_competition,C000_no_cue,no-cue,0,0,0,P1_low_PDU_low_ATT,low PDU / low attention difficulties,0,,,bart,Balloon Analogue Risk Task,c00b532aafba,408,905,8,25,1,0.55,
IA_minimax_MiniMax-M2.5_20260603T032216Z,97b76937-a9fc-4ad0-a8b1-d9f1f255ecd2,4,minimax,MiniMax-M2.5,0.7,IA_cue_competition_C000_no_cue_P1_low_PDU_low_ATT_bart,17,2,2026-06-03T03:23:33.079782+00:00,cue_competition,C000_no_cue,no-cue,0,0,0,P1_low_PDU_low_ATT,low PDU / low attention difficulties,0,,,bart,Balloon Analogue Risk Task,c00b532aafba,408,905,5,35,0,0.35,
IA_minimax_MiniMax-M2.5_20260603T032216Z,97b76937-a9fc-4ad0-a8b1-d9f1f255ecd2,4,minimax,MiniMax-M2.5,0.7,IA_cue_competition_C000_no_cue_P1_low_PDU_low_ATT_bart,18,3,2026-06-03T03:23:33.079782+00:00,cue_competition,C000_no_cue,no-cue,0,0,0,P1_low_PDU_low_ATT,low PDU / low attention difficulties,0,,,bart,Balloon Analogue Risk Task,c00b532aafba,408,905,12,18,3,0.75,
IA_minimax_MiniMax-M2.5_20260603T032216Z,97b76937-a9fc-4ad0-a8b1-d9f1f255ecd2,4,minimax,MiniMax-M2.5,0.7,IA_cue_competition_C000_no_cue_P1_low_PDU_low_ATT_bart,19,4,2026-06-03T03:23:33.079782+00:00,cue_competition,C000_no_cue,no-cue,0,0,0,P1_low_PDU_low_ATT,low PDU / low attention difficulties,0,,,bart,Balloon Analogue Risk Task,c00b532aafba,408,905,10,28,2,0.65,
IA_minimax_MiniMax-M2.5_20260603T032216Z,97b76937-a9fc-4ad0-a8b1-d9f1f255ecd2,4,minimax,MiniMax-M2.5,0.7,IA_cue_competition_C000_no_cue_P1_low_PDU_low_ATT_bart,20,5,2026-06-03T03:23:33.079782+00:00,cue_competition,C000_no_cue,no-cue,0,0,0,P1_low_PDU_low_ATT,low PDU / low attention difficulties,0,,,bart,Balloon Analogue Risk Task,c00b532aafba,408,905,6,32,0,0.4,
IA_minimax_MiniMax-M2.5_20260603T032216Z,ca802dc5-2b8f-4f70-b9f0-2a14e1bbda04,1,minimax,MiniMax-M2.5,0.7,IA_cue_competition_C000_no_cue_P1_low_PDU_low_ATT_ddt,1,1,2026-06-03T03:23:37.961578+00:00,cue_competition,C000_no_cue,no-cue,0,0,0,P1_low_PDU_low_ATT,low PDU / low attention difficulties,0,,,ddt,Delay Discounting Task,a489a4de2552,391,420,0.042,-3.17,0.38,,
IA_minimax_MiniMax-M2.5_20260603T032216Z,ca802dc5-2b8f-4f70-b9f0-2a14e1bbda04,1,minimax,MiniMax-M2.5,0.7,IA_cue_competition_C000_no_cue_P1_low_PDU_low_ATT_ddt,2,2,2026-06-03T03:23:37.961578+00:00,cue_competition,C000_no_cue,no-cue,0,0,0,P1_low_PDU_low_ATT,low PDU / low attention difficulties,0,,,ddt,Delay Discounting Task,a489a4de2552,391,420,0.028,-3.58,0.31,,
IA_minimax_MiniMax-M2.5_20260603T032216Z,ca802dc5-2b8f-4f70-b9f0-2a14e1bbda04,1,minimax,MiniMax-M2.5,0.7,IA_cue_competition_C000_no_cue_P1_low_PDU_low_ATT_ddt,3,3,2026-06-03T03:23:37.961578+00:00,cue_competition,C000_no_cue,no-cue,0,0,0,P1_low_PDU_low_ATT,low PDU / low attention difficulties,0,,,ddt,Delay Discounting Task,a489a4de2552,391,420,0.055,-2.9,0.44,,
IA_minimax_MiniMax-M2.5_20260603T032216Z,ca802dc5-2b8f-4f70-b9f0-2a14e1bbda04,1,minimax,MiniMax-M2.5,0.7,IA_cue_competition_C000_no_cue_P1_low_PDU_low_ATT_ddt,4,4,2026-06-03T03:23:37.961578+00:00,cue_competition,C000_no_cue,no-cue,0,0,0,P1_low_PDU_low_ATT,low PDU / low attention difficulties,0,,,ddt,Delay Discounting Task,a489a4de2552,391,420,0.019,-3.96,0.27,,
IA_minimax_MiniMax-M2.5_20260603T032216Z,ca802dc5-2b8f-4f70-b9f0-2a14e1bbda04,1,minimax,MiniMax-M2.5,0.7,IA_cue_competition_C000_no_cue_P1_low_PDU_low_ATT_ddt,5,5,2026-06-03T03:23:37.961578+00:00,cue_competition,C000_no_cue,no-cue,0,0,0,P1_low_PDU_low_ATT,low PDU / low attention difficulties,0,,,ddt,Delay Discounting Task,a489a4de2552,391,420,0.063,-2.76,0.47,,
IA_minimax_MiniMax-M2.5_20260603T032216Z,94537717-e53c-4c98-a3f1-2ef32cc4c823,2,minimax,MiniMax-M2.5,0.7,IA_cue_competition_C000_no_cue_P1_low_PDU_low_ATT_ddt,6,1,2026-06-03T03:23:44.170197+00:00,cue_competition,C000_no_cue,no-cue,0,0,0,P1_low_PDU_low_ATT,low PDU / low attention difficulties,0,,,ddt,Delay Discounting Task,a489a4de2552,391,522,0.0083,-4.79,0.42,,
IA_minimax_MiniMax-M2.5_20260603T032216Z,94537717-e53c-4c98-a3f1-2ef32cc4c823,2,minimax,MiniMax-M2.5,0.7,IA_cue_competition_C000_no_cue_P1_low_PDU_low_ATT_ddt,7,2,2026-06-03T03:23:44.170197+00:00,cue_competition,C000_no_cue,no-cue,0,0,0,P1_low_PDU_low_ATT,low PDU / low attention difficulties,0,,,ddt,Delay Discounting Task,a489a4de2552,391,522,0.0147,-4.22,0.48,,
IA_minimax_MiniMax-M2.5_20260603T032216Z,94537717-e53c-4c98-a3f1-2ef32cc4c823,2,minimax,MiniMax-M2.5,0.7,IA_cue_competition_C000_no_cue_P1_low_PDU_low_ATT_ddt,8,3,2026-06-03T03:23:44.170197+00:00,cue_competition,C000_no_cue,no-cue,0,0,0,P1_low_PDU_low_ATT,low PDU / low attention difficulties,0,,,ddt,Delay Discounting Task,a489a4de2552,391,522,0.0112,-4.49,0.45,,
IA_minimax_MiniMax-M2.5_20260603T032216Z,94537717-e53c-4c98-a3f1-2ef32cc4c823,2,minimax,MiniMax-M2.5,0.7,IA_cue_competition_C000_no_cue_P1_low_PDU_low_ATT_ddt,9,4,2026-06-03T03:23:44.170197+00:00,cue_competition,C000_no_cue,no-cue,0,0,0,P1_low_PDU_low_ATT,low PDU / low attention difficulties,0,,,ddt,Delay Discounting Task,a489a4de2552,391,522,0.0061,-5.1,0.38,,
IA_minimax_MiniMax-M2.5_20260603T032216Z,94537717-e53c-4c98-a3f1-2ef32cc4c823,2,minimax,MiniMax-M2.5,0.7,IA_cue_competition_C000_no_cue_P1_low_PDU_low_ATT_ddt,10,5,2026-06-03T03:23:44.170197+00:00,cue_competition,C000_no_cue,no-cue,0,0,0,P1_low_PDU_low_ATT,low PDU / low attention difficulties,0,,,ddt,Delay Discounting Task,a489a4de2552,391,522,0.0218,-3.82,0.52,,
IA_minimax_MiniMax-M2.5_20260603T032216Z,fb5f5e0f-6f6d-4a91-af6f-1d1e5c861b60,3,minimax,MiniMax-M2.5,0.7,IA_cue_competition_C000_no_cue_P1_low_PDU_low_ATT_ddt,11,1,2026-06-03T03:23:50.569335+00:00,cue_competition,C000_no_cue,no-cue,0,0,0,P1_low_PDU_low_ATT,low PDU / low attention difficulties,0,,,ddt,Delay Discounting Task,a489a4de2552,391,590,0.005,-5.298,0.35,,
IA_minimax_MiniMax-M2.5_20260603T032216Z,fb5f5e0f-6f6d-4a91-af6f-1d1e5c861b60,3,minimax,MiniMax-M2.5,0.7,IA_cue_competition_C000_no_cue_P1_low_PDU_low_ATT_ddt,12,2,2026-06-03T03:23:50.569335+00:00,cue_competition,C000_no_cue,no-cue,0,0,0,P1_low_PDU_low_ATT,low PDU / low attention difficulties,0,,,ddt,Delay Discounting Task,a489a4de2552,391,590,0.012,-4.423,0.42,,
IA_minimax_MiniMax-M2.5_20260603T032216Z,fb5f5e0f-6f6d-4a91-af6f-1d1e5c861b60,3,minimax,MiniMax-M2.5,0.7,IA_cue_competition_C000_no_cue_P1_low_PDU_low_ATT_ddt,13,3,2026-06-03T03:23:50.569335+00:00,cue_competition,C000_no_cue,no-cue,0,0,0,P1_low_PDU_low_ATT,low PDU / low attention difficulties,0,,,ddt,Delay Discounting Task,a489a4de2552,391,590,0.008,-4.828,0.38,,
IA_minimax_MiniMax-M2.5_20260603T032216Z,fb5f5e0f-6f6d-4a91-af6f-1d1e5c861b60,3,minimax,MiniMax-M2.5,0.7,IA_cue_competition_C000_no_cue_P1_low_PDU_low_ATT_ddt,14,4,2026-06-03T03:23:50.569335+00:00,cue_competition,C000_no_cue,no-cue,0,0,0,P1_low_PDU_low_ATT,low PDU / low attention difficulties,0,,,ddt,Delay Discounting Task,a489a4de2552,391,590,0.015,-4.2,0.45,,
IA_minimax_MiniMax-M2.5_20260603T032216Z,fb5f5e0f-6f6d-4a91-af6f-1d1e5c861b60,3,minimax,MiniMax-M2.5,0.7,IA_cue_competition_C000_no_cue_P1_low_PDU_low_ATT_ddt,15,5,2026-06-03T03:23:50.569335+00:00,cue_competition,C000_no_cue,no-cue,0,0,0,P1_low_PDU_low_ATT,low PDU / low attention difficulties,0,,,ddt,Delay Discounting Task,a489a4de2552,391,590,0.006,-5.116,0.33,,
IA_minimax_MiniMax-M2.5_20260603T032216Z,95e00259-45e7-4faf-a89a-2242c625800f,4,minimax,MiniMax-M2.5,0.7,IA_cue_competition_C000_no_cue_P1_low_PDU_low_ATT_ddt,16,1,2026-06-03T03:23:58.946551+00:00,cue_competition,C000_no_cue,no-cue,0,0,0,P1_low_PDU_low_ATT,low PDU / low attention difficulties,0,,,ddt,Delay Discounting Task,a489a4de2552,391,804,0.012,-4.42,0.52,,
IA_minimax_MiniMax-M2.5_20260603T032216Z,95e00259-45e7-4faf-a89a-2242c625800f,4,minimax,MiniMax-M2.5,0.7,IA_cue_competition_C000_no_cue_P1_low_PDU_low_ATT_ddt,17,2,2026-06-03T03:23:58.946551+00:00,cue_competition,C000_no_cue,no-cue,0,0,0,P1_low_PDU_low_ATT,low PDU / low attention difficulties,0,,,ddt,Delay Discounting Task,a489a4de2552,391,804,0.006,-5.12,0.42,,
IA_minimax_MiniMax-M2.5_20260603T032216Z,95e00259-45e7-4faf-a89a-2242c625800f,4,minimax,MiniMax-M2.5,0.7,IA_cue_competition_C000_no_cue_P1_low_PDU_low_ATT_ddt,18,3,2026-06-03T03:23:58.946551+00:00,cue_competition,C000_no_cue,no-cue,0,0,0,P1_low_PDU_low_ATT,low PDU / low attention difficulties,0,,,ddt,Delay Discounting Task,a489a4de2552,391,804,0.038,-3.27,0.62,,
IA_minimax_MiniMax-M2.5_20260603T032216Z,95e00259-45e7-4faf-a89a-2242c625800f,4,minimax,MiniMax-M2.5,0.7,IA_cue_competition_C000_no_cue_P1_low_PDU_low_ATT_ddt,19,4,2026-06-03T03:23:58.946551+00:00,cue_competition,C000_no_cue,no-cue,0,0,0,P1_low_PDU_low_ATT,low PDU / low attention difficulties,0,,,ddt,Delay Discounting Task,a489a4de2552,391,804,0.009,-4.71,0.45,,
IA_minimax_MiniMax-M2.5_20260603T032216Z,95e00259-45e7-4faf-a89a-2242c625800f,4,minimax,MiniMax-M2.5,0.7,IA_cue_competition_C000_no_cue_P1_low_PDU_low_ATT_ddt,20,5,2026-06-03T03:23:58.946551+00:00,cue_competition,C000_no_cue,no-cue,0,0,0,P1_low_PDU_low_ATT,low PDU / low attention difficulties,0,,,ddt,Delay Discounting Task,a489a4de2552,391,804,0.022,-3.82,0.56,,
IA_minimax_MiniMax-M2.5_20260603T032216Z,7dc614ec-8d26-488a-bfec-957ec8818fe8,1,minimax,MiniMax-M2.5,0.7,IA_cue_competition_C000_no_cue_P1_low_PDU_low_ATT_questionnaire,1,1,2026-06-03T03:24:05.697640+00:00,cue_competition,C000_no_cue,no-cue,0,0,0,P1_low_PDU_low_ATT,low PDU / low attention difficulties,0,,,questionnaire,questionnaire-profile prediction,74ad46d1addf,419,557,32,28,38,2,3
IA_minimax_MiniMax-M2.5_20260603T032216Z,7dc614ec-8d26-488a-bfec-957ec8818fe8,1,minimax,MiniMax-M2.5,0.7,IA_cue_competition_C000_no_cue_P1_low_PDU_low_ATT_questionnaire,2,2,2026-06-03T03:24:05.697640+00:00,cue_competition,C000_no_cue,no-cue,0,0,0,P1_low_PDU_low_ATT,low PDU / low attention difficulties,0,,,questionnaire,questionnaire-profile prediction,74ad46d1addf,419,557,41,35,52,4,3
IA_minimax_MiniMax-M2.5_20260603T032216Z,7dc614ec-8d26-488a-bfec-957ec8818fe8,1,minimax,MiniMax-M2.5,0.7,IA_cue_competition_C000_no_cue_P1_low_PDU_low_ATT_questionnaire,3,3,2026-06-03T03:24:05.697640+00:00,cue_competition,C000_no_cue,no-cue,0,0,0,P1_low_PDU_low_ATT,low PDU / low attention difficulties,0,,,questionnaire,questionnaire-profile prediction,74ad46d1addf,419,557,27,24,31,1,2
IA_minimax_MiniMax-M2.5_20260603T032216Z,7dc614ec-8d26-488a-bfec-957ec8818fe8,1,minimax,MiniMax-M2.5,0.7,IA_cue_competition_C000_no_cue_P1_low_PDU_low_ATT_questionnaire,4,4,2026-06-03T03:24:05.697640+00:00,cue_competition,C000_no_cue,no-cue,0,0,0,P1_low_PDU_low_ATT,low PDU / low attention difficulties,0,,,questionnaire,questionnaire-profile prediction,74ad46d1addf,419,557,38,33,45,3,4
IA_minimax_MiniMax-M2.5_20260603T032216Z,7dc614ec-8d26-488a-bfec-957ec8818fe8,1,minimax,MiniMax-M2.5,0.7,IA_cue_competition_C000_no_cue_P1_low_PDU_low_ATT_questionnaire,5,5,2026-06-03T03:24:05.697640+00:00,cue_competition,C000_no_cue,no-cue,0,0,0,P1_low_PDU_low_ATT,low PDU / low attention difficulties,0,,,questionnaire,questionnaire-profile prediction,74ad46d1addf,419,557,35,30,42,2,2
IA_minimax_MiniMax-M2.5_20260603T032216Z,b6e232dc-942f-4572-b9a9-a6868db49dda,2,minimax,MiniMax-M2.5,0.7,IA_cue_competition_C000_no_cue_P1_low_PDU_low_ATT_questionnaire,6,1,2026-06-03T03:24:12.012024+00:00,cue_competition,C000_no_cue,no-cue,0,0,0,P1_low_PDU_low_ATT,low PDU / low attention difficulties,0,,,questionnaire,questionnaire-profile prediction,74ad46d1addf,419,508,18,15,42,2,1
IA_minimax_MiniMax-M2.5_20260603T032216Z,b6e232dc-942f-4572-b9a9-a6868db49dda,2,minimax,MiniMax-M2.5,0.7,IA_cue_competition_C000_no_cue_P1_low_PDU_low_ATT_questionnaire,7,2,2026-06-03T03:24:12.012024+00:00,cue_competition,C000_no_cue,no-cue,0,0,0,P1_low_PDU_low_ATT,low PDU / low attention difficulties,0,,,questionnaire,questionnaire-profile prediction,74ad46d1addf,419,508,24,19,51,3,2
IA_minimax_MiniMax-M2.5_20260603T032216Z,b6e232dc-942f-4572-b9a9-a6868db49dda,2,minimax,MiniMax-M2.5,0.7,IA_cue_competition_C000_no_cue_P1_low_PDU_low_ATT_questionnaire,8,3,2026-06-03T03:24:12.012024+00:00,cue_competition,C000_no_cue,no-cue,0,0,0,P1_low_PDU_low_ATT,low PDU / low attention difficulties,0,,,questionnaire,questionnaire-profile prediction,74ad46d1addf,419,508,12,11,35,1,0
IA_minimax_MiniMax-M2.5_20260603T032216Z,b6e232dc-942f-4572-b9a9-a6868db49dda,2,minimax,MiniMax-M2.5,0.7,IA_cue_competition_C000_no_cue_P1_low_PDU_low_ATT_questionnaire,9,4,2026-06-03T03:24:12.012024+00:00,cue_competition,C000_no_cue,no-cue,0,0,0,P1_low_PDU_low_ATT,low PDU / low attention difficulties,0,,,questionnaire,questionnaire-profile prediction,74ad46d1addf,419,508,21,17,48,2,1
IA_minimax_MiniMax-M2.5_20260603T032216Z,b6e232dc-942f-4572-b9a9-a6868db49dda,2,minimax,MiniMax-M2.5,0.7,IA_cue_competition_C000_no_cue_P1_low_PDU_low_ATT_questionnaire,10,5,2026-06-03T03:24:12.012024+00:00,cue_competition,C000_no_cue,no-cue,0,0,0,P1_low_PDU_low_ATT,low PDU / low attention difficulties,0,,,questionnaire,questionnaire-profile prediction,74ad46d1addf,419,508,28,22,55,3,2
IA_minimax_MiniMax-M2.5_20260603T032216Z,729e568c-eae5-4ca2-8c91-ee0075947a20,3,minimax,MiniMax-M2.5,0.7,IA_cue_competition_C000_no_cue_P1_low_PDU_low_ATT_questionnaire,11,1,2026-06-03T03:24:18.717160+00:00,cue_competition,C000_no_cue,no-cue,0,0,0,P1_low_PDU_low_ATT,low PDU / low attention difficulties,0,,,questionnaire,questionnaire-profile prediction,74ad46d1addf,419,554,22,18,28,2,3
IA_minimax_MiniMax-M2.5_20260603T032216Z,729e568c-eae5-4ca2-8c91-ee0075947a20,3,minimax,MiniMax-M2.5,0.7,IA_cue_competition_C000_no_cue_P1_low_PDU_low_ATT_questionnaire,12,2,2026-06-03T03:24:18.717160+00:00,cue_competition,C000_no_cue,no-cue,0,0,0,P1_low_PDU_low_ATT,low PDU / low attention difficulties,0,,,questionnaire,questionnaire-profile prediction,74ad46d1addf,419,554,31,24,35,4,4
IA_minimax_MiniMax-M2.5_20260603T032216Z,729e568c-eae5-4ca2-8c91-ee0075947a20,3,minimax,MiniMax-M2.5,0.7,IA_cue_competition_C000_no_cue_P1_low_PDU_low_ATT_questionnaire,13,3,2026-06-03T03:24:18.717160+00:00,cue_competition,C000_no_cue,no-cue,0,0,0,P1_low_PDU_low_ATT,low PDU / low attention difficulties,0,,,questionnaire,questionnaire-profile prediction,74ad46d1addf,419,554,15,12,22,1,2
IA_minimax_MiniMax-M2.5_20260603T032216Z,729e568c-eae5-4ca2-8c91-ee0075947a20,3,minimax,MiniMax-M2.5,0.7,IA_cue_competition_C000_no_cue_P1_low_PDU_low_ATT_questionnaire,14,4,2026-06-03T03:24:18.717160+00:00,cue_competition,C000_no_cue,no-cue,0,0,0,P1_low_PDU_low_ATT,low PDU / low attention difficulties,0,,,questionnaire,questionnaire-profile prediction,74ad46d1addf,419,554,38,29,42,5,5
IA_minimax_MiniMax-M2.5_20260603T032216Z,729e568c-eae5-4ca2-8c91-ee0075947a20,3,minimax,MiniMax-M2.5,0.7,IA_cue_competition_C000_no_cue_P1_low_PDU_low_ATT_questionnaire,15,5,2026-06-03T03:24:18.717160+00:00,cue_competition,C000_no_cue,no-cue,0,0,0,P1_low_PDU_low_ATT,low PDU / low attention difficulties,0,,,questionnaire,questionnaire-profile prediction,74ad46d1addf,419,554,26,21,31,3,3
IA_minimax_MiniMax-M2.5_20260603T032216Z,b69930fc-e97e-4b93-925f-9ade71aea3ba,4,minimax,MiniMax-M2.5,0.7,IA_cue_competition_C000_no_cue_P1_low_PDU_low_ATT_questionnaire,16,1,2026-06-03T03:24:24.948069+00:00,cue_competition,C000_no_cue,no-cue,0,0,0,P1_low_PDU_low_ATT,low PDU / low attention difficulties,0,,,questionnaire,questionnaire-profile prediction,74ad46d1addf,419,559,14,9,11,3,4
IA_minimax_MiniMax-M2.5_20260603T032216Z,b69930fc-e97e-4b93-925f-9ade71aea3ba,4,minimax,MiniMax-M2.5,0.7,IA_cue_competition_C000_no_cue_P1_low_PDU_low_ATT_questionnaire,17,2,2026-06-03T03:24:24.948069+00:00,cue_competition,C000_no_cue,no-cue,0,0,0,P1_low_PDU_low_ATT,low PDU / low attention difficulties,0,,,questionnaire,questionnaire-profile prediction,74ad46d1addf,419,559,18,12,8,2,3
IA_minimax_MiniMax-M2.5_20260603T032216Z,b69930fc-e97e-4b93-925f-9ade71aea3ba,4,minimax,MiniMax-M2.5,0.7,IA_cue_competition_C000_no_cue_P1_low_PDU_low_ATT_questionnaire,18,3,2026-06-03T03:24:24.948069+00:00,cue_competition,C000_no_cue,no-cue,0,0,0,P1_low_PDU_low_ATT,low PDU / low attention difficulties,0,,,questionnaire,questionnaire-profile prediction,74ad46d1addf,419,559,11,7,13,4,5
IA_minimax_MiniMax-M2.5_20260603T032216Z,b69930fc-e97e-4b93-925f-9ade71aea3ba,4,minimax,MiniMax-M2.5,0.7,IA_cue_competition_C000_no_cue_P1_low_PDU_low_ATT_questionnaire,19,4,2026-06-03T03:24:24.948069+00:00,cue_competition,C000_no_cue,no-cue,0,0,0,P1_low_PDU_low_ATT,low PDU / low attention difficulties,0,,,questionnaire,questionnaire-profile prediction,74ad46d1addf,419,559,16,10,9,3,2
IA_minimax_MiniMax-M2.5_20260603T032216Z,b69930fc-e97e-4b93-925f-9ade71aea3ba,4,minimax,MiniMax-M2.5,0.7,IA_cue_competition_C000_no_cue_P1_low_PDU_low_ATT_questionnaire,20,5,2026-06-03T03:24:24.948069+00:00,cue_competition,C000_no_cue,no-cue,0,0,0,P1_low_PDU_low_ATT,low PDU / low attention difficulties,0,,,questionnaire,questionnaire-profile prediction,74ad46d1addf,419,559,13,8,12,4,4
IA_minimax_MiniMax-M2.5_20260603T032216Z,abf7a7b9-b05f-44e6-a6cb-0072dbde5098,1,minimax,MiniMax-M2.5,0.7,IA_cue_competition_C000_no_cue_P2_moderate_PDU_low_ATT_stroop,1,1,2026-06-03T03:24:30.245181+00:00,cue_competition,C000_no_cue,no-cue,0,0,0,P2_moderate_PDU_low_ATT,moderate PDU / low attention difficulties,1,,,stroop,Stroop color-word task,9b0c8e25eff7,394,450,97.3,542.8,98.4,112.6,
IA_minimax_MiniMax-M2.5_20260603T032216Z,abf7a7b9-b05f-44e6-a6cb-0072dbde5098,1,minimax,MiniMax-M2.5,0.7,IA_cue_competition_C000_no_cue_P2_moderate_PDU_low_ATT_stroop,2,2,2026-06-03T03:24:30.245181+00:00,cue_competition,C000_no_cue,no-cue,0,0,0,P2_moderate_PDU_low_ATT,moderate PDU / low attention difficulties,1,,,stroop,Stroop color-word task,9b0c8e25eff7,394,450,96.8,567.2,105.1,128.4,
IA_minimax_MiniMax-M2.5_20260603T032216Z,abf7a7b9-b05f-44e6-a6cb-0072dbde5098,1,minimax,MiniMax-M2.5,0.7,IA_cue_competition_C000_no_cue_P2_moderate_PDU_low_ATT_stroop,3,3,2026-06-03T03:24:30.246189+00:00,cue_competition,C000_no_cue,no-cue,0,0,0,P2_moderate_PDU_low_ATT,moderate PDU / low attention difficulties,1,,,stroop,Stroop color-word task,9b0c8e25eff7,394,450,98.1,523.6,91.7,98.2,
IA_minimax_MiniMax-M2.5_20260603T032216Z,abf7a7b9-b05f-44e6-a6cb-0072dbde5098,1,minimax,MiniMax-M2.5,0.7,IA_cue_competition_C000_no_cue_P2_moderate_PDU_low_ATT_stroop,4,4,2026-06-03T03:24:30.246189+00:00,cue_competition,C000_no_cue,no-cue,0,0,0,P2_moderate_PDU_low_ATT,moderate PDU / low attention difficulties,1,,,stroop,Stroop color-word task,9b0c8e25eff7,394,450,97.6,551.4,102.3,119.8,
IA_minimax_MiniMax-M2.5_20260603T032216Z,abf7a7b9-b05f-44e6-a6cb-0072dbde5098,1,minimax,MiniMax-M2.5,0.7,IA_cue_competition_C000_no_cue_P2_moderate_PDU_low_ATT_stroop,5,5,2026-06-03T03:24:30.246189+00:00,cue_competition,C000_no_cue,no-cue,0,0,0,P2_moderate_PDU_low_ATT,moderate PDU / low attention difficulties,1,,,stroop,Stroop color-word task,9b0c8e25eff7,394,450,96.2,578.9,112.6,135.2,
IA_minimax_MiniMax-M2.5_20260603T032216Z,9933638e-ba1e-4736-9d18-4f77ab3c3bcf,2,minimax,MiniMax-M2.5,0.7,IA_cue_competition_C000_no_cue_P2_moderate_PDU_low_ATT_stroop,6,1,2026-06-03T03:24:36.722839+00:00,cue_competition,C000_no_cue,no-cue,0,0,0,P2_moderate_PDU_low_ATT,moderate PDU / low attention difficulties,1,,,stroop,Stroop color-word task,9b0c8e25eff7,394,587,96.5,580,145,95,
IA_minimax_MiniMax-M2.5_20260603T032216Z,9933638e-ba1e-4736-9d18-4f77ab3c3bcf,2,minimax,MiniMax-M2.5,0.7,IA_cue_competition_C000_no_cue_P2_moderate_PDU_low_ATT_stroop,7,2,2026-06-03T03:24:36.722839+00:00,cue_competition,C000_no_cue,no-cue,0,0,0,P2_moderate_PDU_low_ATT,moderate PDU / low attention difficulties,1,,,stroop,Stroop color-word task,9b0c8e25eff7,394,587,97.2,560,138,105,
IA_minimax_MiniMax-M2.5_20260603T032216Z,9933638e-ba1e-4736-9d18-4f77ab3c3bcf,2,minimax,MiniMax-M2.5,0.7,IA_cue_competition_C000_no_cue_P2_moderate_PDU_low_ATT_stroop,8,3,2026-06-03T03:24:36.722839+00:00,cue_competition,C000_no_cue,no-cue,0,0,0,P2_moderate_PDU_low_ATT,moderate PDU / low attention difficulties,1,,,stroop,Stroop color-word task,9b0c8e25eff7,394,587,95.8,605,155,88,
IA_minimax_MiniMax-M2.5_20260603T032216Z,9933638e-ba1e-4736-9d18-4f77ab3c3bcf,2,minimax,MiniMax-M2.5,0.7,IA_cue_competition_C000_no_cue_P2_moderate_PDU_low_ATT_stroop,9,4,2026-06-03T03:24:36.722839+00:00,cue_competition,C000_no_cue,no-cue,0,0,0,P2_moderate_PDU_low_ATT,moderate PDU / low attention difficulties,1,,,stroop,Stroop color-word task,9b0c8e25eff7,394,587,97.5,545,130,112,
IA_minimax_MiniMax-M2.5_20260603T032216Z,9933638e-ba1e-4736-9d18-4f77ab3c3bcf,2,minimax,MiniMax-M2.5,0.7,IA_cue_competition_C000_no_cue_P2_moderate_PDU_low_ATT_stroop,10,5,2026-06-03T03:24:36.722839+00:00,cue_competition,C000_no_cue,no-cue,0,0,0,P2_moderate_PDU_low_ATT,moderate PDU / low attention difficulties,1,,,stroop,Stroop color-word task,9b0c8e25eff7,394,587,96.1,595,148,98,
IA_minimax_MiniMax-M2.5_20260603T032216Z,6f312fe6-32f5-458b-b46a-c647bca637b8,3,minimax,MiniMax-M2.5,0.7,IA_cue_competition_C000_no_cue_P2_moderate_PDU_low_ATT_stroop,11,1,2026-06-03T03:24:41.901737+00:00,cue_competition,C000_no_cue,no-cue,0,0,0,P2_moderate_PDU_low_ATT,moderate PDU / low attention difficulties,1,,,stroop,Stroop color-word task,9b0c8e25eff7,394,436,94.2,487,112,78,
IA_minimax_MiniMax-M2.5_20260603T032216Z,6f312fe6-32f5-458b-b46a-c647bca637b8,3,minimax,MiniMax-M2.5,0.7,IA_cue_competition_C000_no_cue_P2_moderate_PDU_low_ATT_stroop,12,2,2026-06-03T03:24:41.901737+00:00,cue_competition,C000_no_cue,no-cue,0,0,0,P2_moderate_PDU_low_ATT,moderate PDU / low attention difficulties,1,,,stroop,Stroop color-word task,9b0c8e25eff7,394,436,95.8,472,98,85,
IA_minimax_MiniMax-M2.5_20260603T032216Z,6f312fe6-32f5-458b-b46a-c647bca637b8,3,minimax,MiniMax-M2.5,0.7,IA_cue_competition_C000_no_cue_P2_moderate_PDU_low_ATT_stroop,13,3,2026-06-03T03:24:41.901737+00:00,cue_competition,C000_no_cue,no-cue,0,0,0,P2_moderate_PDU_low_ATT,moderate PDU / low attention difficulties,1,,,stroop,Stroop color-word task,9b0c8e25eff7,394,436,93.1,501,124,72,
IA_minimax_MiniMax-M2.5_20260603T032216Z,6f312fe6-32f5-458b-b46a-c647bca637b8,3,minimax,MiniMax-M2.5,0.7,IA_cue_competition_C000_no_cue_P2_moderate_PDU_low_ATT_stroop,14,4,2026-06-03T03:24:41.901737+00:00,cue_competition,C000_no_cue,no-cue,0,0,0,P2_moderate_PDU_low_ATT,moderate PDU / low attention difficulties,1,,,stroop,Stroop color-word task,9b0c8e25eff7,394,436,96.3,465,105,81,
IA_minimax_MiniMax-M2.5_20260603T032216Z,6f312fe6-32f5-458b-b46a-c647bca637b8,3,minimax,MiniMax-M2.5,0.7,IA_cue_competition_C000_no_cue_P2_moderate_PDU_low_ATT_stroop,15,5,2026-06-03T03:24:41.901737+00:00,cue_competition,C000_no_cue,no-cue,0,0,0,P2_moderate_PDU_low_ATT,moderate PDU / low attention difficulties,1,,,stroop,Stroop color-word task,9b0c8e25eff7,394,436,94.7,493,118,76,
IA_minimax_MiniMax-M2.5_20260603T032216Z,d1820e7f-56ac-4641-887d-a0f834599e17,4,minimax,MiniMax-M2.5,0.7,IA_cue_competition_C000_no_cue_P2_moderate_PDU_low_ATT_stroop,16,1,2026-06-03T03:24:48.342967+00:00,cue_competition,C000_no_cue,no-cue,0,0,0,P2_moderate_PDU_low_ATT,moderate PDU / low attention difficulties,1,,,stroop,Stroop color-word task,9b0c8e25eff7,394,565,96.5,485,112,78,
IA_minimax_MiniMax-M2.5_20260603T032216Z,d1820e7f-56ac-4641-887d-a0f834599e17,4,minimax,MiniMax-M2.5,0.7,IA_cue_competition_C000_no_cue_P2_moderate_PDU_low_ATT_stroop,17,2,2026-06-03T03:24:48.342967+00:00,cue_competition,C000_no_cue,no-cue,0,0,0,P2_moderate_PDU_low_ATT,moderate PDU / low attention difficulties,1,,,stroop,Stroop color-word task,9b0c8e25eff7,394,565,97.2,472,105,85,
IA_minimax_MiniMax-M2.5_20260603T032216Z,d1820e7f-56ac-4641-887d-a0f834599e17,4,minimax,MiniMax-M2.5,0.7,IA_cue_competition_C000_no_cue_P2_moderate_PDU_low_ATT_stroop,18,3,2026-06-03T03:24:48.342967+00:00,cue_competition,C000_no_cue,no-cue,0,0,0,P2_moderate_PDU_low_ATT,moderate PDU / low attention difficulties,1,,,stroop,Stroop color-word task,9b0c8e25eff7,394,565,95.8,498,118,72,
IA_minimax_MiniMax-M2.5_20260603T032216Z,d1820e7f-56ac-4641-887d-a0f834599e17,4,minimax,MiniMax-M2.5,0.7,IA_cue_competition_C000_no_cue_P2_moderate_PDU_low_ATT_stroop,19,4,2026-06-03T03:24:48.342967+00:00,cue_competition,C000_no_cue,no-cue,0,0,0,P2_moderate_PDU_low_ATT,moderate PDU / low attention difficulties,1,,,stroop,Stroop color-word task,9b0c8e25eff7,394,565,97.8,465,98,92,
IA_minimax_MiniMax-M2.5_20260603T032216Z,d1820e7f-56ac-4641-887d-a0f834599e17,4,minimax,MiniMax-M2.5,0.7,IA_cue_competition_C000_no_cue_P2_moderate_PDU_low_ATT_stroop,20,5,2026-06-03T03:24:48.342967+00:00,cue_competition,C000_no_cue,no-cue,0,0,0,P2_moderate_PDU_low_ATT,moderate PDU / low attention difficulties,1,,,stroop,Stroop color-word task,9b0c8e25eff7,394,565,96.1,490,120,68,
IA_minimax_MiniMax-M2.5_20260603T032216Z,661f313e-dbb7-4a91-af9e-e3d12154e42e,1,minimax,MiniMax-M2.5,0.7,IA_cue_competition_C000_no_cue_P2_moderate_PDU_low_ATT_nback,1,1,2026-06-03T03:24:56.793288+00:00,cue_competition,C000_no_cue,no-cue,0,0,0,P2_moderate_PDU_low_ATT,moderate PDU / low attention difficulties,1,,,nback,n-back working-memory task,9d1313a9896e,414,688,0.807,0.903,0.817,0.701,
IA_minimax_MiniMax-M2.5_20260603T032216Z,661f313e-dbb7-4a91-af9e-e3d12154e42e,1,minimax,MiniMax-M2.5,0.7,IA_cue_competition_C000_no_cue_P2_moderate_PDU_low_ATT_nback,2,2,2026-06-03T03:24:56.793288+00:00,cue_competition,C000_no_cue,no-cue,0,0,0,P2_moderate_PDU_low_ATT,moderate PDU / low attention difficulties,1,,,nback,n-back working-memory task,9d1313a9896e,414,688,0.77,0.876,0.783,0.651,
IA_minimax_MiniMax-M2.5_20260603T032216Z,661f313e-dbb7-4a91-af9e-e3d12154e42e,1,minimax,MiniMax-M2.5,0.7,IA_cue_competition_C000_no_cue_P2_moderate_PDU_low_ATT_nback,3,3,2026-06-03T03:24:56.794693+00:00,cue_competition,C000_no_cue,no-cue,0,0,0,P2_moderate_PDU_low_ATT,moderate PDU / low attention difficulties,1,,,nback,n-back working-memory task,9d1313a9896e,414,688,0.827,0.917,0.841,0.723,
IA_minimax_MiniMax-M2.5_20260603T032216Z,661f313e-dbb7-4a91-af9e-e3d12154e42e,1,minimax,MiniMax-M2.5,0.7,IA_cue_competition_C000_no_cue_P2_moderate_PDU_low_ATT_nback,4,4,2026-06-03T03:24:56.794693+00:00,cue_competition,C000_no_cue,no-cue,0,0,0,P2_moderate_PDU_low_ATT,moderate PDU / low attention difficulties,1,,,nback,n-back working-memory task,9d1313a9896e,414,688,0.767,0.864,0.762,0.675,
IA_minimax_MiniMax-M2.5_20260603T032216Z,661f313e-dbb7-4a91-af9e-e3d12154e42e,1,minimax,MiniMax-M2.5,0.7,IA_cue_competition_C000_no_cue_P2_moderate_PDU_low_ATT_nback,5,5,2026-06-03T03:24:56.794693+00:00,cue_competition,C000_no_cue,no-cue,0,0,0,P2_moderate_PDU_low_ATT,moderate PDU / low attention difficulties,1,,,nback,n-back working-memory task,9d1313a9896e,414,688,0.79,0.908,0.803,0.659,
IA_minimax_MiniMax-M2.5_20260603T032216Z,a1eb2242-4787-4d4c-b3b1-c3eaa7daf57e,2,minimax,MiniMax-M2.5,0.7,IA_cue_competition_C000_no_cue_P2_moderate_PDU_low_ATT_nback,6,1,2026-06-03T03:25:02.533628+00:00,cue_competition,C000_no_cue,no-cue,0,0,0,P2_moderate_PDU_low_ATT,moderate PDU / low attention difficulties,1,,,nback,n-back working-memory task,9d1313a9896e,414,464,82.4,91.2,83.6,72.4,
IA_minimax_MiniMax-M2.5_20260603T032216Z,a1eb2242-4787-4d4c-b3b1-c3eaa7daf57e,2,minimax,MiniMax-M2.5,0.7,IA_cue_competition_C000_no_cue_P2_moderate_PDU_low_ATT_nback,7,2,2026-06-03T03:25:02.533628+00:00,cue_competition,C000_no_cue,no-cue,0,0,0,P2_moderate_PDU_low_ATT,moderate PDU / low attention difficulties,1,,,nback,n-back working-memory task,9d1313a9896e,414,464,79.8,89.4,81.2,68.8,
IA_minimax_MiniMax-M2.5_20260603T032216Z,a1eb2242-4787-4d4c-b3b1-c3eaa7daf57e,2,minimax,MiniMax-M2.5,0.7,IA_cue_competition_C000_no_cue_P2_moderate_PDU_low_ATT_nback,8,3,2026-06-03T03:25:02.533628+00:00,cue_competition,C000_no_cue,no-cue,0,0,0,P2_moderate_PDU_low_ATT,moderate PDU / low attention difficulties,1,,,nback,n-back working-memory task,9d1313a9896e,414,464,84.1,93.8,85.4,73.1,
IA_minimax_MiniMax-M2.5_20260603T032216Z,a1eb2242-4787-4d4c-b3b1-c3eaa7daf57e,2,minimax,MiniMax-M2.5,0.7,IA_cue_competition_C000_no_cue_P2_moderate_PDU_low_ATT_nback,9,4,2026-06-03T03:25:02.533628+00:00,cue_competition,C000_no_cue,no-cue,0,0,0,P2_moderate_PDU_low_ATT,moderate PDU / low attention difficulties,1,,,nback,n-back working-memory task,9d1313a9896e,414,464,80.6,90.1,82.3,69.4,
IA_minimax_MiniMax-M2.5_20260603T032216Z,a1eb2242-4787-4d4c-b3b1-c3eaa7daf57e,2,minimax,MiniMax-M2.5,0.7,IA_cue_competition_C000_no_cue_P2_moderate_PDU_low_ATT_nback,10,5,2026-06-03T03:25:02.533628+00:00,cue_competition,C000_no_cue,no-cue,0,0,0,P2_moderate_PDU_low_ATT,moderate PDU / low attention difficulties,1,,,nback,n-back working-memory task,9d1313a9896e,414,464,81.9,92.5,84.1,71.1,
IA_minimax_MiniMax-M2.5_20260603T032216Z,659394e7-d96d-463c-b365-320a45c073ab,3,minimax,MiniMax-M2.5,0.7,IA_cue_competition_C000_no_cue_P2_moderate_PDU_low_ATT_nback,11,1,2026-06-03T03:25:09.510208+00:00,cue_competition,C000_no_cue,no-cue,0,0,0,P2_moderate_PDU_low_ATT,moderate PDU / low attention difficulties,1,,,nback,n-back working-memory task,9d1313a9896e,414,565,88,95,88,81,
IA_minimax_MiniMax-M2.5_20260603T032216Z,659394e7-d96d-463c-b365-320a45c073ab,3,minimax,MiniMax-M2.5,0.7,IA_cue_competition_C000_no_cue_P2_moderate_PDU_low_ATT_nback,12,2,2026-06-03T03:25:09.510208+00:00,cue_competition,C000_no_cue,no-cue,0,0,0,P2_moderate_PDU_low_ATT,moderate PDU / low attention difficulties,1,,,nback,n-back working-memory task,9d1313a9896e,414,565,91,96,91,86,
IA_minimax_MiniMax-M2.5_20260603T032216Z,659394e7-d96d-463c-b365-320a45c073ab,3,minimax,MiniMax-M2.5,0.7,IA_cue_competition_C000_no_cue_P2_moderate_PDU_low_ATT_nback,13,3,2026-06-03T03:25:09.510208+00:00,cue_competition,C000_no_cue,no-cue,0,0,0,P2_moderate_PDU_low_ATT,moderate PDU / low attention difficulties,1,,,nback,n-back working-memory task,9d1313a9896e,414,565,85,93,85,77,
IA_minimax_MiniMax-M2.5_20260603T032216Z,659394e7-d96d-463c-b365-320a45c073ab,3,minimax,MiniMax-M2.5,0.7,IA_cue_competition_C000_no_cue_P2_moderate_PDU_low_ATT_nback,14,4,2026-06-03T03:25:09.510208+00:00,cue_competition,C000_no_cue,no-cue,0,0,0,P2_moderate_PDU_low_ATT,moderate PDU / low attention difficulties,1,,,nback,n-back working-memory task,9d1313a9896e,414,565,89,94,89,84,
IA_minimax_MiniMax-M2.5_20260603T032216Z,659394e7-d96d-463c-b365-320a45c073ab,3,minimax,MiniMax-M2.5,0.7,IA_cue_competition_C000_no_cue_P2_moderate_PDU_low_ATT_nback,15,5,2026-06-03T03:25:09.510208+00:00,cue_competition,C000_no_cue,no-cue,0,0,0,P2_moderate_PDU_low_ATT,moderate PDU / low attention difficulties,1,,,nback,n-back working-memory task,9d1313a9896e,414,565,87,92,87,82,
IA_minimax_MiniMax-M2.5_20260603T032216Z,f7a2048a-0636-4729-b81a-445d812665e3,4,minimax,MiniMax-M2.5,0.7,IA_cue_competition_C000_no_cue_P2_moderate_PDU_low_ATT_nback,16,1,2026-06-03T03:25:16.736780+00:00,cue_competition,C000_no_cue,no-cue,0,0,0,P2_moderate_PDU_low_ATT,moderate PDU / low attention difficulties,1,,,nback,n-back working-memory task,9d1313a9896e,414,575,80,92,78,65,
IA_minimax_MiniMax-M2.5_20260603T032216Z,f7a2048a-0636-4729-b81a-445d812665e3,4,minimax,MiniMax-M2.5,0.7,IA_cue_competition_C000_no_cue_P2_moderate_PDU_low_ATT_nback,17,2,2026-06-03T03:25:16.736780+00:00,cue_competition,C000_no_cue,no-cue,0,0,0,P2_moderate_PDU_low_ATT,moderate PDU / low attention difficulties,1,,,nback,n-back working-memory task,9d1313a9896e,414,575,78,90,75,62,
IA_minimax_MiniMax-M2.5_20260603T032216Z,f7a2048a-0636-4729-b81a-445d812665e3,4,minimax,MiniMax-M2.5,0.7,IA_cue_competition_C000_no_cue_P2_moderate_PDU_low_ATT_nback,18,3,2026-06-03T03:25:16.736780+00:00,cue_competition,C000_no_cue,no-cue,0,0,0,P2_moderate_PDU_low_ATT,moderate PDU / low attention difficulties,1,,,nback,n-back working-memory task,9d1313a9896e,414,575,82,94,80,68,
IA_minimax_MiniMax-M2.5_20260603T032216Z,f7a2048a-0636-4729-b81a-445d812665e3,4,minimax,MiniMax-M2.5,0.7,IA_cue_competition_C000_no_cue_P2_moderate_PDU_low_ATT_nback,19,4,2026-06-03T03:25:16.736780+00:00,cue_competition,C000_no_cue,no-cue,0,0,0,P2_moderate_PDU_low_ATT,moderate PDU / low attention difficulties,1,,,nback,n-back working-memory task,9d1313a9896e,414,575,77,89,74,60,
IA_minimax_MiniMax-M2.5_20260603T032216Z,f7a2048a-0636-4729-b81a-445d812665e3,4,minimax,MiniMax-M2.5,0.7,IA_cue_competition_C000_no_cue_P2_moderate_PDU_low_ATT_nback,20,5,2026-06-03T03:25:16.736780+00:00,cue_competition,C000_no_cue,no-cue,0,0,0,P2_moderate_PDU_low_ATT,moderate PDU / low attention difficulties,1,,,nback,n-back working-memory task,9d1313a9896e,414,575,81,93,79,66,
IA_minimax_MiniMax-M2.5_20260603T032216Z,24245e54-1f2f-4f02-b22f-e937bf01f7df,1,minimax,MiniMax-M2.5,0.7,IA_cue_competition_C000_no_cue_P2_moderate_PDU_low_ATT_bart,1,1,2026-06-03T03:25:25.607702+00:00,cue_competition,C000_no_cue,no-cue,0,0,0,P2_moderate_PDU_low_ATT,moderate PDU / low attention difficulties,1,,,bart,Balloon Analogue Risk Task,4cda3d34e205,408,776,38,14.25,4,0.42,
IA_minimax_MiniMax-M2.5_20260603T032216Z,24245e54-1f2f-4f02-b22f-e937bf01f7df,1,minimax,MiniMax-M2.5,0.7,IA_cue_competition_C000_no_cue_P2_moderate_PDU_low_ATT_bart,2,2,2026-06-03T03:25:25.607702+00:00,cue_competition,C000_no_cue,no-cue,0,0,0,P2_moderate_PDU_low_ATT,moderate PDU / low attention difficulties,1,,,bart,Balloon Analogue Risk Task,4cda3d34e205,408,776,44,17.5,5,0.48,
IA_minimax_MiniMax-M2.5_20260603T032216Z,24245e54-1f2f-4f02-b22f-e937bf01f7df,1,minimax,MiniMax-M2.5,0.7,IA_cue_competition_C000_no_cue_P2_moderate_PDU_low_ATT_bart,3,3,2026-06-03T03:25:25.607702+00:00,cue_competition,C000_no_cue,no-cue,0,0,0,P2_moderate_PDU_low_ATT,moderate PDU / low attention difficulties,1,,,bart,Balloon Analogue Risk Task,4cda3d34e205,408,776,51,21,7,0.62,
IA_minimax_MiniMax-M2.5_20260603T032216Z,24245e54-1f2f-4f02-b22f-e937bf01f7df,1,minimax,MiniMax-M2.5,0.7,IA_cue_competition_C000_no_cue_P2_moderate_PDU_low_ATT_bart,4,4,2026-06-03T03:25:25.607702+00:00,cue_competition,C000_no_cue,no-cue,0,0,0,P2_moderate_PDU_low_ATT,moderate PDU / low attention difficulties,1,,,bart,Balloon Analogue Risk Task,4cda3d34e205,408,776,33,10.75,3,0.31,
IA_minimax_MiniMax-M2.5_20260603T032216Z,24245e54-1f2f-4f02-b22f-e937bf01f7df,1,minimax,MiniMax-M2.5,0.7,IA_cue_competition_C000_no_cue_P2_moderate_PDU_low_ATT_bart,5,5,2026-06-03T03:25:25.607702+00:00,cue_competition,C000_no_cue,no-cue,0,0,0,P2_moderate_PDU_low_ATT,moderate PDU / low attention difficulties,1,,,bart,Balloon Analogue Risk Task,4cda3d34e205,408,776,47,19.5,6,0.55,
IA_minimax_MiniMax-M2.5_20260603T032216Z,caf403b0-1eb2-4da8-9922-6dbb8aa5767b,2,minimax,MiniMax-M2.5,0.7,IA_cue_competition_C000_no_cue_P2_moderate_PDU_low_ATT_bart,6,1,2026-06-03T03:25:36.361290+00:00,cue_competition,C000_no_cue,no-cue,0,0,0,P2_moderate_PDU_low_ATT,moderate PDU / low attention difficulties,1,,,bart,Balloon Analogue Risk Task,4cda3d34e205,408,903,8,18,7,0.55,
IA_minimax_MiniMax-M2.5_20260603T032216Z,caf403b0-1eb2-4da8-9922-6dbb8aa5767b,2,minimax,MiniMax-M2.5,0.7,IA_cue_competition_C000_no_cue_P2_moderate_PDU_low_ATT_bart,7,2,2026-06-03T03:25:36.361290+00:00,cue_competition,C000_no_cue,no-cue,0,0,0,P2_moderate_PDU_low_ATT,moderate PDU / low attention difficulties,1,,,bart,Balloon Analogue Risk Task,4cda3d34e205,408,903,12,22,10,0.72,
IA_minimax_MiniMax-M2.5_20260603T032216Z,caf403b0-1eb2-4da8-9922-6dbb8aa5767b,2,minimax,MiniMax-M2.5,0.7,IA_cue_competition_C000_no_cue_P2_moderate_PDU_low_ATT_bart,8,3,2026-06-03T03:25:36.361290+00:00,cue_competition,C000_no_cue,no-cue,0,0,0,P2_moderate_PDU_low_ATT,moderate PDU / low attention difficulties,1,,,bart,Balloon Analogue Risk Task,4cda3d34e205,408,903,6,14,4,0.38,
IA_minimax_MiniMax-M2.5_20260603T032216Z,caf403b0-1eb2-4da8-9922-6dbb8aa5767b,2,minimax,MiniMax-M2.5,0.7,IA_cue_competition_C000_no_cue_P2_moderate_PDU_low_ATT_bart,9,4,2026-06-03T03:25:36.361290+00:00,cue_competition,C000_no_cue,no-cue,0,0,0,P2_moderate_PDU_low_ATT,moderate PDU / low attention difficulties,1,,,bart,Balloon Analogue Risk Task,4cda3d34e205,408,903,9,16,6,0.48,
IA_minimax_MiniMax-M2.5_20260603T032216Z,caf403b0-1eb2-4da8-9922-6dbb8aa5767b,2,minimax,MiniMax-M2.5,0.7,IA_cue_competition_C000_no_cue_P2_moderate_PDU_low_ATT_bart,10,5,2026-06-03T03:25:36.361290+00:00,cue_competition,C000_no_cue,no-cue,0,0,0,P2_moderate_PDU_low_ATT,moderate PDU / low attention difficulties,1,,,bart,Balloon Analogue Risk Task,4cda3d34e205,408,903,7,15,5,0.41,
IA_minimax_MiniMax-M2.5_20260603T032216Z,a339506c-d56d-402d-988c-83062f414b1c,3,minimax,MiniMax-M2.5,0.7,IA_cue_competition_C000_no_cue_P2_moderate_PDU_low_ATT_bart,11,1,2026-06-03T03:25:44.831246+00:00,cue_competition,C000_no_cue,no-cue,0,0,0,P2_moderate_PDU_low_ATT,moderate PDU / low attention difficulties,1,,,bart,Balloon Analogue Risk Task,4cda3d34e205,408,739,35,18.5,8,0.52,
IA_minimax_MiniMax-M2.5_20260603T032216Z,a339506c-d56d-402d-988c-83062f414b1c,3,minimax,MiniMax-M2.5,0.7,IA_cue_competition_C000_no_cue_P2_moderate_PDU_low_ATT_bart,12,2,2026-06-03T03:25:44.831246+00:00,cue_competition,C000_no_cue,no-cue,0,0,0,P2_moderate_PDU_low_ATT,moderate PDU / low attention difficulties,1,,,bart,Balloon Analogue Risk Task,4cda3d34e205,408,739,42,22.3,6,0.61,
IA_minimax_MiniMax-M2.5_20260603T032216Z,a339506c-d56d-402d-988c-83062f414b1c,3,minimax,MiniMax-M2.5,0.7,IA_cue_competition_C000_no_cue_P2_moderate_PDU_low_ATT_bart,13,3,2026-06-03T03:25:44.831246+00:00,cue_competition,C000_no_cue,no-cue,0,0,0,P2_moderate_PDU_low_ATT,moderate PDU / low attention difficulties,1,,,bart,Balloon Analogue Risk Task,4cda3d34e205,408,739,28,14.2,11,0.38,
IA_minimax_MiniMax-M2.5_20260603T032216Z,a339506c-d56d-402d-988c-83062f414b1c,3,minimax,MiniMax-M2.5,0.7,IA_cue_competition_C000_no_cue_P2_moderate_PDU_low_ATT_bart,14,4,2026-06-03T03:25:44.831246+00:00,cue_competition,C000_no_cue,no-cue,0,0,0,P2_moderate_PDU_low_ATT,moderate PDU / low attention difficulties,1,,,bart,Balloon Analogue Risk Task,4cda3d34e205,408,739,48,26.8,4,0.72,
IA_minimax_MiniMax-M2.5_20260603T032216Z,a339506c-d56d-402d-988c-83062f414b1c,3,minimax,MiniMax-M2.5,0.7,IA_cue_competition_C000_no_cue_P2_moderate_PDU_low_ATT_bart,15,5,2026-06-03T03:25:44.831246+00:00,cue_competition,C000_no_cue,no-cue,0,0,0,P2_moderate_PDU_low_ATT,moderate PDU / low attention difficulties,1,,,bart,Balloon Analogue Risk Task,4cda3d34e205,408,739,31,16.4,9,0.45,
IA_minimax_MiniMax-M2.5_20260603T032216Z,9bbc5be3-1540-41ef-b98e-a6bae1b81a1a,4,minimax,MiniMax-M2.5,0.7,IA_cue_competition_C000_no_cue_P2_moderate_PDU_low_ATT_bart,16,1,2026-06-03T03:25:54.423363+00:00,cue_competition,C000_no_cue,no-cue,0,0,0,P2_moderate_PDU_low_ATT,moderate PDU / low attention difficulties,1,,,bart,Balloon Analogue Risk Task,4cda3d34e205,408,771,45,120,8,0.55,
IA_minimax_MiniMax-M2.5_20260603T032216Z,9bbc5be3-1540-41ef-b98e-a6bae1b81a1a,4,minimax,MiniMax-M2.5,0.7,IA_cue_competition_C000_no_cue_P2_moderate_PDU_low_ATT_bart,17,2,2026-06-03T03:25:54.423363+00:00,cue_competition,C000_no_cue,no-cue,0,0,0,P2_moderate_PDU_low_ATT,moderate PDU / low attention difficulties,1,,,bart,Balloon Analogue Risk Task,4cda3d34e205,408,771,32,95,5,0.38,
IA_minimax_MiniMax-M2.5_20260603T032216Z,9bbc5be3-1540-41ef-b98e-a6bae1b81a1a,4,minimax,MiniMax-M2.5,0.7,IA_cue_competition_C000_no_cue_P2_moderate_PDU_low_ATT_bart,18,3,2026-06-03T03:25:54.423363+00:00,cue_competition,C000_no_cue,no-cue,0,0,0,P2_moderate_PDU_low_ATT,moderate PDU / low attention difficulties,1,,,bart,Balloon Analogue Risk Task,4cda3d34e205,408,771,58,145,12,0.72,
IA_minimax_MiniMax-M2.5_20260603T032216Z,9bbc5be3-1540-41ef-b98e-a6bae1b81a1a,4,minimax,MiniMax-M2.5,0.7,IA_cue_competition_C000_no_cue_P2_moderate_PDU_low_ATT_bart,19,4,2026-06-03T03:25:54.423363+00:00,cue_competition,C000_no_cue,no-cue,0,0,0,P2_moderate_PDU_low_ATT,moderate PDU / low attention difficulties,1,,,bart,Balloon Analogue Risk Task,4cda3d34e205,408,771,52,135,10,0.65,
IA_minimax_MiniMax-M2.5_20260603T032216Z,9bbc5be3-1540-41ef-b98e-a6bae1b81a1a,4,minimax,MiniMax-M2.5,0.7,IA_cue_competition_C000_no_cue_P2_moderate_PDU_low_ATT_bart,20,5,2026-06-03T03:25:54.423363+00:00,cue_competition,C000_no_cue,no-cue,0,0,0,P2_moderate_PDU_low_ATT,moderate PDU / low attention difficulties,1,,,bart,Balloon Analogue Risk Task,4cda3d34e205,408,771,38,110,6,0.48,
IA_minimax_MiniMax-M2.5_20260603T032216Z,ff2a30cf-d55f-40f7-8e7a-bb25f885cd22,1,minimax,MiniMax-M2.5,0.7,IA_cue_competition_C000_no_cue_P2_moderate_PDU_low_ATT_ddt,1,1,2026-06-03T03:25:59.412483+00:00,cue_competition,C000_no_cue,no-cue,0,0,0,P2_moderate_PDU_low_ATT,moderate PDU / low attention difficulties,1,,,ddt,Delay Discounting Task,eb6474d1ee77,391,431,0.0123,-4.3978,0.28,,
IA_minimax_MiniMax-M2.5_20260603T032216Z,ff2a30cf-d55f-40f7-8e7a-bb25f885cd22,1,minimax,MiniMax-M2.5,0.7,IA_cue_competition_C000_no_cue_P2_moderate_PDU_low_ATT_ddt,2,2,2026-06-03T03:25:59.412483+00:00,cue_competition,C000_no_cue,no-cue,0,0,0,P2_moderate_PDU_low_ATT,moderate PDU / low attention difficulties,1,,,ddt,Delay Discounting Task,eb6474d1ee77,391,431,0.0078,-4.852,0.22,,
IA_minimax_MiniMax-M2.5_20260603T032216Z,ff2a30cf-d55f-40f7-8e7a-bb25f885cd22,1,minimax,MiniMax-M2.5,0.7,IA_cue_competition_C000_no_cue_P2_moderate_PDU_low_ATT_ddt,3,3,2026-06-03T03:25:59.412483+00:00,cue_competition,C000_no_cue,no-cue,0,0,0,P2_moderate_PDU_low_ATT,moderate PDU / low attention difficulties,1,,,ddt,Delay Discounting Task,eb6474d1ee77,391,431,0.0156,-4.1601,0.34,,
IA_minimax_MiniMax-M2.5_20260603T032216Z,ff2a30cf-d55f-40f7-8e7a-bb25f885cd22,1,minimax,MiniMax-M2.5,0.7,IA_cue_competition_C000_no_cue_P2_moderate_PDU_low_ATT_ddt,4,4,2026-06-03T03:25:59.412483+00:00,cue_competition,C000_no_cue,no-cue,0,0,0,P2_moderate_PDU_low_ATT,moderate PDU / low attention difficulties,1,,,ddt,Delay Discounting Task,eb6474d1ee77,391,431,0.0092,-4.6889,0.25,,
IA_minimax_MiniMax-M2.5_20260603T032216Z,ff2a30cf-d55f-40f7-8e7a-bb25f885cd22,1,minimax,MiniMax-M2.5,0.7,IA_cue_competition_C000_no_cue_P2_moderate_PDU_low_ATT_ddt,5,5,2026-06-03T03:25:59.412483+00:00,cue_competition,C000_no_cue,no-cue,0,0,0,P2_moderate_PDU_low_ATT,moderate PDU / low attention difficulties,1,,,ddt,Delay Discounting Task,eb6474d1ee77,391,431,0.0189,-3.968,0.31,,
IA_minimax_MiniMax-M2.5_20260603T032216Z,a31e74a2-e6fd-42f3-9a27-8bfe0a8e5a52,2,minimax,MiniMax-M2.5,0.7,IA_cue_competition_C000_no_cue_P2_moderate_PDU_low_ATT_ddt,6,1,2026-06-03T03:26:04.991758+00:00,cue_competition,C000_no_cue,no-cue,0,0,0,P2_moderate_PDU_low_ATT,moderate PDU / low attention difficulties,1,,,ddt,Delay Discounting Task,eb6474d1ee77,391,485,0.0234,-3.755,0.42,,
IA_minimax_MiniMax-M2.5_20260603T032216Z,a31e74a2-e6fd-42f3-9a27-8bfe0a8e5a52,2,minimax,MiniMax-M2.5,0.7,IA_cue_competition_C000_no_cue_P2_moderate_PDU_low_ATT_ddt,7,2,2026-06-03T03:26:04.991758+00:00,cue_competition,C000_no_cue,no-cue,0,0,0,P2_moderate_PDU_low_ATT,moderate PDU / low attention difficulties,1,,,ddt,Delay Discounting Task,eb6474d1ee77,391,485,0.0087,-4.744,0.31,,
IA_minimax_MiniMax-M2.5_20260603T032216Z,a31e74a2-e6fd-42f3-9a27-8bfe0a8e5a52,2,minimax,MiniMax-M2.5,0.7,IA_cue_competition_C000_no_cue_P2_moderate_PDU_low_ATT_ddt,8,3,2026-06-03T03:26:04.991758+00:00,cue_competition,C000_no_cue,no-cue,0,0,0,P2_moderate_PDU_low_ATT,moderate PDU / low attention difficulties,1,,,ddt,Delay Discounting Task,eb6474d1ee77,391,485,0.0456,-3.087,0.55,,
IA_minimax_MiniMax-M2.5_20260603T032216Z,a31e74a2-e6fd-42f3-9a27-8bfe0a8e5a52,2,minimax,MiniMax-M2.5,0.7,IA_cue_competition_C000_no_cue_P2_moderate_PDU_low_ATT_ddt,9,4,2026-06-03T03:26:04.991758+00:00,cue_competition,C000_no_cue,no-cue,0,0,0,P2_moderate_PDU_low_ATT,moderate PDU / low attention difficulties,1,,,ddt,Delay Discounting Task,eb6474d1ee77,391,485,0.0152,-4.187,0.38,,
IA_minimax_MiniMax-M2.5_20260603T032216Z,a31e74a2-e6fd-42f3-9a27-8bfe0a8e5a52,2,minimax,MiniMax-M2.5,0.7,IA_cue_competition_C000_no_cue_P2_moderate_PDU_low_ATT_ddt,10,5,2026-06-03T03:26:04.991758+00:00,cue_competition,C000_no_cue,no-cue,0,0,0,P2_moderate_PDU_low_ATT,moderate PDU / low attention difficulties,1,,,ddt,Delay Discounting Task,eb6474d1ee77,391,485,0.0678,-2.692,0.61,,
IA_minimax_MiniMax-M2.5_20260603T032216Z,d2df4678-94b5-4bac-9766-0519c3847bc4,3,minimax,MiniMax-M2.5,0.7,IA_cue_competition_C000_no_cue_P2_moderate_PDU_low_ATT_ddt,11,1,2026-06-03T03:26:09.406510+00:00,cue_competition,C000_no_cue,no-cue,0,0,0,P2_moderate_PDU_low_ATT,moderate PDU / low attention difficulties,1,,,ddt,Delay Discounting Task,eb6474d1ee77,391,391,0.0247,-3.7,0.52,,
IA_minimax_MiniMax-M2.5_20260603T032216Z,d2df4678-94b5-4bac-9766-0519c3847bc4,3,minimax,MiniMax-M2.5,0.7,IA_cue_competition_C000_no_cue_P2_moderate_PDU_low_ATT_ddt,12,2,2026-06-03T03:26:09.408141+00:00,cue_competition,C000_no_cue,no-cue,0,0,0,P2_moderate_PDU_low_ATT,moderate PDU / low attention difficulties,1,,,ddt,Delay Discounting Task,eb6474d1ee77,391,391,0.0183,-4,0.48,,
IA_minimax_MiniMax-M2.5_20260603T032216Z,d2df4678-94b5-4bac-9766-0519c3847bc4,3,minimax,MiniMax-M2.5,0.7,IA_cue_competition_C000_no_cue_P2_moderate_PDU_low_ATT_ddt,13,3,2026-06-03T03:26:09.408141+00:00,cue_competition,C000_no_cue,no-cue,0,0,0,P2_moderate_PDU_low_ATT,moderate PDU / low attention difficulties,1,,,ddt,Delay Discounting Task,eb6474d1ee77,391,391,0.0312,-3.47,0.55,,
IA_minimax_MiniMax-M2.5_20260603T032216Z,d2df4678-94b5-4bac-9766-0519c3847bc4,3,minimax,MiniMax-M2.5,0.7,IA_cue_competition_C000_no_cue_P2_moderate_PDU_low_ATT_ddt,14,4,2026-06-03T03:26:09.408141+00:00,cue_competition,C000_no_cue,no-cue,0,0,0,P2_moderate_PDU_low_ATT,moderate PDU / low attention difficulties,1,,,ddt,Delay Discounting Task,eb6474d1ee77,391,391,0.0158,-4.15,0.45,,
IA_minimax_MiniMax-M2.5_20260603T032216Z,d2df4678-94b5-4bac-9766-0519c3847bc4,3,minimax,MiniMax-M2.5,0.7,IA_cue_competition_C000_no_cue_P2_moderate_PDU_low_ATT_ddt,15,5,2026-06-03T03:26:09.408141+00:00,cue_competition,C000_no_cue,no-cue,0,0,0,P2_moderate_PDU_low_ATT,moderate PDU / low attention difficulties,1,,,ddt,Delay Discounting Task,eb6474d1ee77,391,391,0.0279,-3.58,0.5,,
IA_minimax_MiniMax-M2.5_20260603T032216Z,28373776-0fdf-46bd-9e07-263181e9de9c,4,minimax,MiniMax-M2.5,0.7,IA_cue_competition_C000_no_cue_P2_moderate_PDU_low_ATT_ddt,16,1,2026-06-03T03:26:17.117952+00:00,cue_competition,C000_no_cue,no-cue,0,0,0,P2_moderate_PDU_low_ATT,moderate PDU / low attention difficulties,1,,,ddt,Delay Discounting Task,eb6474d1ee77,391,718,0.0153,-4.182,0.275,,
IA_minimax_MiniMax-M2.5_20260603T032216Z,28373776-0fdf-46bd-9e07-263181e9de9c,4,minimax,MiniMax-M2.5,0.7,IA_cue_competition_C000_no_cue_P2_moderate_PDU_low_ATT_ddt,17,2,2026-06-03T03:26:17.117952+00:00,cue_competition,C000_no_cue,no-cue,0,0,0,P2_moderate_PDU_low_ATT,moderate PDU / low attention difficulties,1,,,ddt,Delay Discounting Task,eb6474d1ee77,391,718,0.0087,-4.744,0.218,,
IA_minimax_MiniMax-M2.5_20260603T032216Z,28373776-0fdf-46bd-9e07-263181e9de9c,4,minimax,MiniMax-M2.5,0.7,IA_cue_competition_C000_no_cue_P2_moderate_PDU_low_ATT_ddt,18,3,2026-06-03T03:26:17.117952+00:00,cue_competition,C000_no_cue,no-cue,0,0,0,P2_moderate_PDU_low_ATT,moderate PDU / low attention difficulties,1,,,ddt,Delay Discounting Task,eb6474d1ee77,391,718,0.0241,-3.725,0.312,,
IA_minimax_MiniMax-M2.5_20260603T032216Z,28373776-0fdf-46bd-9e07-263181e9de9c,4,minimax,MiniMax-M2.5,0.7,IA_cue_competition_C000_no_cue_P2_moderate_PDU_low_ATT_ddt,19,4,2026-06-03T03:26:17.117952+00:00,cue_competition,C000_no_cue,no-cue,0,0,0,P2_moderate_PDU_low_ATT,moderate PDU / low attention difficulties,1,,,ddt,Delay Discounting Task,eb6474d1ee77,391,718,0.0112,-4.492,0.241,,
IA_minimax_MiniMax-M2.5_20260603T032216Z,28373776-0fdf-46bd-9e07-263181e9de9c,4,minimax,MiniMax-M2.5,0.7,IA_cue_competition_C000_no_cue_P2_moderate_PDU_low_ATT_ddt,20,5,2026-06-03T03:26:17.117952+00:00,cue_competition,C000_no_cue,no-cue,0,0,0,P2_moderate_PDU_low_ATT,moderate PDU / low attention difficulties,1,,,ddt,Delay Discounting Task,eb6474d1ee77,391,718,0.0189,-3.968,0.293,,
IA_minimax_MiniMax-M2.5_20260603T032216Z,f9552092-041a-46df-ab88-18ddbaf1f01d,1,minimax,MiniMax-M2.5,0.7,IA_cue_competition_C000_no_cue_P2_moderate_PDU_low_ATT_questionnaire,1,1,2026-06-03T03:26:24.826223+00:00,cue_competition,C000_no_cue,no-cue,0,0,0,P2_moderate_PDU_low_ATT,moderate PDU / low attention difficulties,1,,,questionnaire,questionnaire-profile prediction,f3c5cfa78378,419,711,18,45,32,12,8
IA_minimax_MiniMax-M2.5_20260603T032216Z,f9552092-041a-46df-ab88-18ddbaf1f01d,1,minimax,MiniMax-M2.5,0.7,IA_cue_competition_C000_no_cue_P2_moderate_PDU_low_ATT_questionnaire,2,2,2026-06-03T03:26:24.826223+00:00,cue_competition,C000_no_cue,no-cue,0,0,0,P2_moderate_PDU_low_ATT,moderate PDU / low attention difficulties,1,,,questionnaire,questionnaire-profile prediction,f3c5cfa78378,419,711,24,52,41,15,11
IA_minimax_MiniMax-M2.5_20260603T032216Z,f9552092-041a-46df-ab88-18ddbaf1f01d,1,minimax,MiniMax-M2.5,0.7,IA_cue_competition_C000_no_cue_P2_moderate_PDU_low_ATT_questionnaire,3,3,2026-06-03T03:26:24.826936+00:00,cue_competition,C000_no_cue,no-cue,0,0,0,P2_moderate_PDU_low_ATT,moderate PDU / low attention difficulties,1,,,questionnaire,questionnaire-profile prediction,f3c5cfa78378,419,711,15,38,28,10,7
IA_minimax_MiniMax-M2.5_20260603T032216Z,f9552092-041a-46df-ab88-18ddbaf1f01d,1,minimax,MiniMax-M2.5,0.7,IA_cue_competition_C000_no_cue_P2_moderate_PDU_low_ATT_questionnaire,4,4,2026-06-03T03:26:24.826936+00:00,cue_competition,C000_no_cue,no-cue,0,0,0,P2_moderate_PDU_low_ATT,moderate PDU / low attention difficulties,1,,,questionnaire,questionnaire-profile prediction,f3c5cfa78378,419,711,21,48,36,13,9
IA_minimax_MiniMax-M2.5_20260603T032216Z,f9552092-041a-46df-ab88-18ddbaf1f01d,1,minimax,MiniMax-M2.5,0.7,IA_cue_competition_C000_no_cue_P2_moderate_PDU_low_ATT_questionnaire,5,5,2026-06-03T03:26:24.826936+00:00,cue_competition,C000_no_cue,no-cue,0,0,0,P2_moderate_PDU_low_ATT,moderate PDU / low attention difficulties,1,,,questionnaire,questionnaire-profile prediction,f3c5cfa78378,419,711,28,55,45,17,13
IA_minimax_MiniMax-M2.5_20260603T032216Z,eddf5c9d-029d-4876-a005-df0ece349987,2,minimax,MiniMax-M2.5,0.7,IA_cue_competition_C000_no_cue_P2_moderate_PDU_low_ATT_questionnaire,6,1,2026-06-03T03:26:31.503494+00:00,cue_competition,C000_no_cue,no-cue,0,0,0,P2_moderate_PDU_low_ATT,moderate PDU / low attention difficulties,1,,,questionnaire,questionnaire-profile prediction,f3c5cfa78378,419,532,38,14,22,6,4
IA_minimax_MiniMax-M2.5_20260603T032216Z,eddf5c9d-029d-4876-a005-df0ece349987,2,minimax,MiniMax-M2.5,0.7,IA_cue_competition_C000_no_cue_P2_moderate_PDU_low_ATT_questionnaire,7,2,2026-06-03T03:26:31.503494+00:00,cue_competition,C000_no_cue,no-cue,0,0,0,P2_moderate_PDU_low_ATT,moderate PDU / low attention difficulties,1,,,questionnaire,questionnaire-profile prediction,f3c5cfa78378,419,532,45,18,28,8,5
IA_minimax_MiniMax-M2.5_20260603T032216Z,eddf5c9d-029d-4876-a005-df0ece349987,2,minimax,MiniMax-M2.5,0.7,IA_cue_competition_C000_no_cue_P2_moderate_PDU_low_ATT_questionnaire,8,3,2026-06-03T03:26:31.503494+00:00,cue_competition,C000_no_cue,no-cue,0,0,0,P2_moderate_PDU_low_ATT,moderate PDU / low attention difficulties,1,,,questionnaire,questionnaire-profile prediction,f3c5cfa78378,419,532,32,12,19,5,3
IA_minimax_MiniMax-M2.5_20260603T032216Z,eddf5c9d-029d-4876-a005-df0ece349987,2,minimax,MiniMax-M2.5,0.7,IA_cue_competition_C000_no_cue_P2_moderate_PDU_low_ATT_questionnaire,9,4,2026-06-03T03:26:31.503494+00:00,cue_competition,C000_no_cue,no-cue,0,0,0,P2_moderate_PDU_low_ATT,moderate PDU / low attention difficulties,1,,,questionnaire,questionnaire-profile prediction,f3c5cfa78378,419,532,42,16,25,7,4
IA_minimax_MiniMax-M2.5_20260603T032216Z,eddf5c9d-029d-4876-a005-df0ece349987,2,minimax,MiniMax-M2.5,0.7,IA_cue_competition_C000_no_cue_P2_moderate_PDU_low_ATT_questionnaire,10,5,2026-06-03T03:26:31.503494+00:00,cue_competition,C000_no_cue,no-cue,0,0,0,P2_moderate_PDU_low_ATT,moderate PDU / low attention difficulties,1,,,questionnaire,questionnaire-profile prediction,f3c5cfa78378,419,532,35,15,21,6,4
IA_minimax_MiniMax-M2.5_20260603T032216Z,836bf13d-5f58-4ddd-b83c-36512f4fec8e,3,minimax,MiniMax-M2.5,0.7,IA_cue_competition_C000_no_cue_P2_moderate_PDU_low_ATT_questionnaire,11,1,2026-06-03T03:26:38.358743+00:00,cue_competition,C000_no_cue,no-cue,0,0,0,P2_moderate_PDU_low_ATT,moderate PDU / low attention difficulties,1,,,questionnaire,questionnaire-profile prediction,f3c5cfa78378,419,623,12,8,22,2,1
IA_minimax_MiniMax-M2.5_20260603T032216Z,836bf13d-5f58-4ddd-b83c-36512f4fec8e,3,minimax,MiniMax-M2.5,0.7,IA_cue_competition_C000_no_cue_P2_moderate_PDU_low_ATT_questionnaire,12,2,2026-06-03T03:26:38.358743+00:00,cue_competition,C000_no_cue,no-cue,0,0,0,P2_moderate_PDU_low_ATT,moderate PDU / low attention difficulties,1,,,questionnaire,questionnaire-profile prediction,f3c5cfa78378,419,623,15,10,28,3,2
IA_minimax_MiniMax-M2.5_20260603T032216Z,836bf13d-5f58-4ddd-b83c-36512f4fec8e,3,minimax,MiniMax-M2.5,0.7,IA_cue_competition_C000_no_cue_P2_moderate_PDU_low_ATT_questionnaire,13,3,2026-06-03T03:26:38.358743+00:00,cue_competition,C000_no_cue,no-cue,0,0,0,P2_moderate_PDU_low_ATT,moderate PDU / low attention difficulties,1,,,questionnaire,questionnaire-profile prediction,f3c5cfa78378,419,623,18,12,32,4,2
IA_minimax_MiniMax-M2.5_20260603T032216Z,836bf13d-5f58-4ddd-b83c-36512f4fec8e,3,minimax,MiniMax-M2.5,0.7,IA_cue_competition_C000_no_cue_P2_moderate_PDU_low_ATT_questionnaire,14,4,2026-06-03T03:26:38.359199+00:00,cue_competition,C000_no_cue,no-cue,0,0,0,P2_moderate_PDU_low_ATT,moderate PDU / low attention difficulties,1,,,questionnaire,questionnaire-profile prediction,f3c5cfa78378,419,623,21,14,35,4,3
IA_minimax_MiniMax-M2.5_20260603T032216Z,836bf13d-5f58-4ddd-b83c-36512f4fec8e,3,minimax,MiniMax-M2.5,0.7,IA_cue_competition_C000_no_cue_P2_moderate_PDU_low_ATT_questionnaire,15,5,2026-06-03T03:26:38.359199+00:00,cue_competition,C000_no_cue,no-cue,0,0,0,P2_moderate_PDU_low_ATT,moderate PDU / low attention difficulties,1,,,questionnaire,questionnaire-profile prediction,f3c5cfa78378,419,623,24,16,38,5,3
IA_minimax_MiniMax-M2.5_20260603T032216Z,3c75f4b9-d77c-4092-810f-a0d55a4a1c0b,4,minimax,MiniMax-M2.5,0.7,IA_cue_competition_C000_no_cue_P2_moderate_PDU_low_ATT_questionnaire,16,1,2026-06-03T03:26:49.685858+00:00,cue_competition,C000_no_cue,no-cue,0,0,0,P2_moderate_PDU_low_ATT,moderate PDU / low attention difficulties,1,,,questionnaire,questionnaire-profile prediction,f3c5cfa78378,419,824,47,36,44,4,3
IA_minimax_MiniMax-M2.5_20260603T032216Z,3c75f4b9-d77c-4092-810f-a0d55a4a1c0b,4,minimax,MiniMax-M2.5,0.7,IA_cue_competition_C000_no_cue_P2_moderate_PDU_low_ATT_questionnaire,17,2,2026-06-03T03:26:49.685858+00:00,cue_competition,C000_no_cue,no-cue,0,0,0,P2_moderate_PDU_low_ATT,moderate PDU / low attention difficulties,1,,,questionnaire,questionnaire-profile prediction,f3c5cfa78378,419,824,53,42,51,5,4
IA_minimax_MiniMax-M2.5_20260603T032216Z,3c75f4b9-d77c-4092-810f-a0d55a4a1c0b,4,minimax,MiniMax-M2.5,0.7,IA_cue_competition_C000_no_cue_P2_moderate_PDU_low_ATT_questionnaire,18,3,2026-06-03T03:26:49.685858+00:00,cue_competition,C000_no_cue,no-cue,0,0,0,P2_moderate_PDU_low_ATT,moderate PDU / low attention difficulties,1,,,questionnaire,questionnaire-profile prediction,f3c5cfa78378,419,824,39,33,38,3,2
IA_minimax_MiniMax-M2.5_20260603T032216Z,3c75f4b9-d77c-4092-810f-a0d55a4a1c0b,4,minimax,MiniMax-M2.5,0.7,IA_cue_competition_C000_no_cue_P2_moderate_PDU_low_ATT_questionnaire,19,4,2026-06-03T03:26:49.685858+00:00,cue_competition,C000_no_cue,no-cue,0,0,0,P2_moderate_PDU_low_ATT,moderate PDU / low attention difficulties,1,,,questionnaire,questionnaire-profile prediction,f3c5cfa78378,419,824,44,38,41,4,3
IA_minimax_MiniMax-M2.5_20260603T032216Z,3c75f4b9-d77c-4092-810f-a0d55a4a1c0b,4,minimax,MiniMax-M2.5,0.7,IA_cue_competition_C000_no_cue_P2_moderate_PDU_low_ATT_questionnaire,20,5,2026-06-03T03:26:49.685858+00:00,cue_competition,C000_no_cue,no-cue,0,0,0,P2_moderate_PDU_low_ATT,moderate PDU / low attention difficulties,1,,,questionnaire,questionnaire-profile prediction,f3c5cfa78378,419,824,51,40,47,5,4
IA_minimax_MiniMax-M2.5_20260603T032216Z,bd78cabf-7578-4407-ba7d-2cdfd39ba8ff,1,minimax,MiniMax-M2.5,0.7,IA_cue_competition_C000_no_cue_P3_high_PDU_low_ATT_stroop,1,1,2026-06-03T03:26:56.466974+00:00,cue_competition,C000_no_cue,no-cue,0,0,0,P3_high_PDU_low_ATT,high PDU / low attention difficulties,1,,,stroop,Stroop color-word task,f84b9d7c0ac2,394,599,95.2,485,72,98,
IA_minimax_MiniMax-M2.5_20260603T032216Z,bd78cabf-7578-4407-ba7d-2cdfd39ba8ff,1,minimax,MiniMax-M2.5,0.7,IA_cue_competition_C000_no_cue_P3_high_PDU_low_ATT_stroop,2,2,2026-06-03T03:26:56.466974+00:00,cue_competition,C000_no_cue,no-cue,0,0,0,P3_high_PDU_low_ATT,high PDU / low attention difficulties,1,,,stroop,Stroop color-word task,f84b9d7c0ac2,394,599,96.1,472,68,105,
IA_minimax_MiniMax-M2.5_20260603T032216Z,bd78cabf-7578-4407-ba7d-2cdfd39ba8ff,1,minimax,MiniMax-M2.5,0.7,IA_cue_competition_C000_no_cue_P3_high_PDU_low_ATT_stroop,3,3,2026-06-03T03:26:56.466974+00:00,cue_competition,C000_no_cue,no-cue,0,0,0,P3_high_PDU_low_ATT,high PDU / low attention difficulties,1,,,stroop,Stroop color-word task,f84b9d7c0ac2,394,599,94.8,498,78,92,
IA_minimax_MiniMax-M2.5_20260603T032216Z,bd78cabf-7578-4407-ba7d-2cdfd39ba8ff,1,minimax,MiniMax-M2.5,0.7,IA_cue_competition_C000_no_cue_P3_high_PDU_low_ATT_stroop,4,4,2026-06-03T03:26:56.466974+00:00,cue_competition,C000_no_cue,no-cue,0,0,0,P3_high_PDU_low_ATT,high PDU / low attention difficulties,1,,,stroop,Stroop color-word task,f84b9d7c0ac2,394,599,96.5,465,65,112,
IA_minimax_MiniMax-M2.5_20260603T032216Z,bd78cabf-7578-4407-ba7d-2cdfd39ba8ff,1,minimax,MiniMax-M2.5,0.7,IA_cue_competition_C000_no_cue_P3_high_PDU_low_ATT_stroop,5,5,2026-06-03T03:26:56.466974+00:00,cue_competition,C000_no_cue,no-cue,0,0,0,P3_high_PDU_low_ATT,high PDU / low attention difficulties,1,,,stroop,Stroop color-word task,f84b9d7c0ac2,394,599,95.8,479,71,102,
IA_minimax_MiniMax-M2.5_20260603T032216Z,0cc83bbe-1496-45d0-a718-a3d4893b84f5,2,minimax,MiniMax-M2.5,0.7,IA_cue_competition_C000_no_cue_P3_high_PDU_low_ATT_stroop,6,1,2026-06-03T03:27:03.160279+00:00,cue_competition,C000_no_cue,no-cue,0,0,0,P3_high_PDU_low_ATT,high PDU / low attention difficulties,1,,,stroop,Stroop color-word task,f84b9d7c0ac2,394,608,95.2,512,98,78,
IA_minimax_MiniMax-M2.5_20260603T032216Z,0cc83bbe-1496-45d0-a718-a3d4893b84f5,2,minimax,MiniMax-M2.5,0.7,IA_cue_competition_C000_no_cue_P3_high_PDU_low_ATT_stroop,7,2,2026-06-03T03:27:03.160279+00:00,cue_competition,C000_no_cue,no-cue,0,0,0,P3_high_PDU_low_ATT,high PDU / low attention difficulties,1,,,stroop,Stroop color-word task,f84b9d7c0ac2,394,608,93.8,534,112,92,
IA_minimax_MiniMax-M2.5_20260603T032216Z,0cc83bbe-1496-45d0-a718-a3d4893b84f5,2,minimax,MiniMax-M2.5,0.7,IA_cue_competition_C000_no_cue_P3_high_PDU_low_ATT_stroop,8,3,2026-06-03T03:27:03.160279+00:00,cue_competition,C000_no_cue,no-cue,0,0,0,P3_high_PDU_low_ATT,high PDU / low attention difficulties,1,,,stroop,Stroop color-word task,f84b9d7c0ac2,394,608,96.1,498,87,68,
IA_minimax_MiniMax-M2.5_20260603T032216Z,0cc83bbe-1496-45d0-a718-a3d4893b84f5,2,minimax,MiniMax-M2.5,0.7,IA_cue_competition_C000_no_cue_P3_high_PDU_low_ATT_stroop,9,4,2026-06-03T03:27:03.160279+00:00,cue_competition,C000_no_cue,no-cue,0,0,0,P3_high_PDU_low_ATT,high PDU / low attention difficulties,1,,,stroop,Stroop color-word task,f84b9d7c0ac2,394,608,94.5,521,105,85,
IA_minimax_MiniMax-M2.5_20260603T032216Z,0cc83bbe-1496-45d0-a718-a3d4893b84f5,2,minimax,MiniMax-M2.5,0.7,IA_cue_competition_C000_no_cue_P3_high_PDU_low_ATT_stroop,10,5,2026-06-03T03:27:03.160279+00:00,cue_competition,C000_no_cue,no-cue,0,0,0,P3_high_PDU_low_ATT,high PDU / low attention difficulties,1,,,stroop,Stroop color-word task,f84b9d7c0ac2,394,608,92.9,548,118,102,
IA_minimax_MiniMax-M2.5_20260603T032216Z,233a78e2-477b-4e56-a002-d6dadfe29c2a,3,minimax,MiniMax-M2.5,0.7,IA_cue_competition_C000_no_cue_P3_high_PDU_low_ATT_stroop,11,1,2026-06-03T03:27:09.981692+00:00,cue_competition,C000_no_cue,no-cue,0,0,0,P3_high_PDU_low_ATT,high PDU / low attention difficulties,1,,,stroop,Stroop color-word task,f84b9d7c0ac2,394,439,94.2,582,87,68,
IA_minimax_MiniMax-M2.5_20260603T032216Z,233a78e2-477b-4e56-a002-d6dadfe29c2a,3,minimax,MiniMax-M2.5,0.7,IA_cue_competition_C000_no_cue_P3_high_PDU_low_ATT_stroop,12,2,2026-06-03T03:27:09.981692+00:00,cue_competition,C000_no_cue,no-cue,0,0,0,P3_high_PDU_low_ATT,high PDU / low attention difficulties,1,,,stroop,Stroop color-word task,f84b9d7c0ac2,394,439,92.8,612,95,75,
IA_minimax_MiniMax-M2.5_20260603T032216Z,233a78e2-477b-4e56-a002-d6dadfe29c2a,3,minimax,MiniMax-M2.5,0.7,IA_cue_competition_C000_no_cue_P3_high_PDU_low_ATT_stroop,13,3,2026-06-03T03:27:09.981692+00:00,cue_competition,C000_no_cue,no-cue,0,0,0,P3_high_PDU_low_ATT,high PDU / low attention difficulties,1,,,stroop,Stroop color-word task,f84b9d7c0ac2,394,439,95.6,558,78,62,
IA_minimax_MiniMax-M2.5_20260603T032216Z,233a78e2-477b-4e56-a002-d6dadfe29c2a,3,minimax,MiniMax-M2.5,0.7,IA_cue_competition_C000_no_cue_P3_high_PDU_low_ATT_stroop,14,4,2026-06-03T03:27:09.981692+00:00,cue_competition,C000_no_cue,no-cue,0,0,0,P3_high_PDU_low_ATT,high PDU / low attention difficulties,1,,,stroop,Stroop color-word task,f84b9d7c0ac2,394,439,91.4,634,102,82,
IA_minimax_MiniMax-M2.5_20260603T032216Z,233a78e2-477b-4e56-a002-d6dadfe29c2a,3,minimax,MiniMax-M2.5,0.7,IA_cue_competition_C000_no_cue_P3_high_PDU_low_ATT_stroop,15,5,2026-06-03T03:27:09.981692+00:00,cue_competition,C000_no_cue,no-cue,0,0,0,P3_high_PDU_low_ATT,high PDU / low attention difficulties,1,,,stroop,Stroop color-word task,f84b9d7c0ac2,394,439,93.7,598,91,71,
IA_minimax_MiniMax-M2.5_20260603T032216Z,afc32a0e-2ba5-457c-bbed-797f2e54e58a,4,minimax,MiniMax-M2.5,0.7,IA_cue_competition_C000_no_cue_P3_high_PDU_low_ATT_stroop,16,1,2026-06-03T03:27:15.978697+00:00,cue_competition,C000_no_cue,no-cue,0,0,0,P3_high_PDU_low_ATT,high PDU / low attention difficulties,1,,,stroop,Stroop color-word task,f84b9d7c0ac2,394,523,95,520,85,45,
IA_minimax_MiniMax-M2.5_20260603T032216Z,afc32a0e-2ba5-457c-bbed-797f2e54e58a,4,minimax,MiniMax-M2.5,0.7,IA_cue_competition_C000_no_cue_P3_high_PDU_low_ATT_stroop,17,2,2026-06-03T03:27:15.978697+00:00,cue_competition,C000_no_cue,no-cue,0,0,0,P3_high_PDU_low_ATT,high PDU / low attention difficulties,1,,,stroop,Stroop color-word task,f84b9d7c0ac2,394,523,97,480,75,38,
IA_minimax_MiniMax-M2.5_20260603T032216Z,afc32a0e-2ba5-457c-bbed-797f2e54e58a,4,minimax,MiniMax-M2.5,0.7,IA_cue_competition_C000_no_cue_P3_high_PDU_low_ATT_stroop,18,3,2026-06-03T03:27:15.978697+00:00,cue_competition,C000_no_cue,no-cue,0,0,0,P3_high_PDU_low_ATT,high PDU / low attention difficulties,1,,,stroop,Stroop color-word task,f84b9d7c0ac2,394,523,93,560,95,52,
IA_minimax_MiniMax-M2.5_20260603T032216Z,afc32a0e-2ba5-457c-bbed-797f2e54e58a,4,minimax,MiniMax-M2.5,0.7,IA_cue_competition_C000_no_cue_P3_high_PDU_low_ATT_stroop,19,4,2026-06-03T03:27:15.978697+00:00,cue_competition,C000_no_cue,no-cue,0,0,0,P3_high_PDU_low_ATT,high PDU / low attention difficulties,1,,,stroop,Stroop color-word task,f84b9d7c0ac2,394,523,96,500,80,42,
IA_minimax_MiniMax-M2.5_20260603T032216Z,afc32a0e-2ba5-457c-bbed-797f2e54e58a,4,minimax,MiniMax-M2.5,0.7,IA_cue_competition_C000_no_cue_P3_high_PDU_low_ATT_stroop,20,5,2026-06-03T03:27:15.978697+00:00,cue_competition,C000_no_cue,no-cue,0,0,0,P3_high_PDU_low_ATT,high PDU / low attention difficulties,1,,,stroop,Stroop color-word task,f84b9d7c0ac2,394,523,94,540,90,48,
IA_minimax_MiniMax-M2.5_20260603T032216Z,b7162fbd-f487-439c-b2ff-9aabfe20f2ee,1,minimax,MiniMax-M2.5,0.7,IA_cue_competition_C000_no_cue_P3_high_PDU_low_ATT_nback,1,1,2026-06-03T03:27:23.823546+00:00,cue_competition,C000_no_cue,no-cue,0,0,0,P3_high_PDU_low_ATT,high PDU / low attention difficulties,1,,,nback,n-back working-memory task,47cb80b64a54,414,702,0.85,0.92,0.82,0.68,
IA_minimax_MiniMax-M2.5_20260603T032216Z,b7162fbd-f487-439c-b2ff-9aabfe20f2ee,1,minimax,MiniMax-M2.5,0.7,IA_cue_competition_C000_no_cue_P3_high_PDU_low_ATT_nback,2,2,2026-06-03T03:27:23.823546+00:00,cue_competition,C000_no_cue,no-cue,0,0,0,P3_high_PDU_low_ATT,high PDU / low attention difficulties,1,,,nback,n-back working-memory task,47cb80b64a54,414,702,0.82,0.9,0.78,0.65,
IA_minimax_MiniMax-M2.5_20260603T032216Z,b7162fbd-f487-439c-b2ff-9aabfe20f2ee,1,minimax,MiniMax-M2.5,0.7,IA_cue_competition_C000_no_cue_P3_high_PDU_low_ATT_nback,3,3,2026-06-03T03:27:23.823546+00:00,cue_competition,C000_no_cue,no-cue,0,0,0,P3_high_PDU_low_ATT,high PDU / low attention difficulties,1,,,nback,n-back working-memory task,47cb80b64a54,414,702,0.78,0.88,0.75,0.62,
IA_minimax_MiniMax-M2.5_20260603T032216Z,b7162fbd-f487-439c-b2ff-9aabfe20f2ee,1,minimax,MiniMax-M2.5,0.7,IA_cue_competition_C000_no_cue_P3_high_PDU_low_ATT_nback,4,4,2026-06-03T03:27:23.823546+00:00,cue_competition,C000_no_cue,no-cue,0,0,0,P3_high_PDU_low_ATT,high PDU / low attention difficulties,1,,,nback,n-back working-memory task,47cb80b64a54,414,702,0.74,0.85,0.72,0.58,
IA_minimax_MiniMax-M2.5_20260603T032216Z,b7162fbd-f487-439c-b2ff-9aabfe20f2ee,1,minimax,MiniMax-M2.5,0.7,IA_cue_competition_C000_no_cue_P3_high_PDU_low_ATT_nback,5,5,2026-06-03T03:27:23.823546+00:00,cue_competition,C000_no_cue,no-cue,0,0,0,P3_high_PDU_low_ATT,high PDU / low attention difficulties,1,,,nback,n-back working-memory task,47cb80b64a54,414,702,0.8,0.89,0.77,0.64,
IA_minimax_MiniMax-M2.5_20260603T032216Z,c129ae38-e1fe-4777-9219-784a727c5912,2,minimax,MiniMax-M2.5,0.7,IA_cue_competition_C000_no_cue_P3_high_PDU_low_ATT_nback,6,1,2026-06-03T03:27:29.481824+00:00,cue_competition,C000_no_cue,no-cue,0,0,0,P3_high_PDU_low_ATT,high PDU / low attention difficulties,1,,,nback,n-back working-memory task,47cb80b64a54,414,422,82,92,79,68,
IA_minimax_MiniMax-M2.5_20260603T032216Z,c129ae38-e1fe-4777-9219-784a727c5912,2,minimax,MiniMax-M2.5,0.7,IA_cue_competition_C000_no_cue_P3_high_PDU_low_ATT_nback,7,2,2026-06-03T03:27:29.481824+00:00,cue_competition,C000_no_cue,no-cue,0,0,0,P3_high_PDU_low_ATT,high PDU / low attention difficulties,1,,,nback,n-back working-memory task,47cb80b64a54,414,422,78,89,76,64,
IA_minimax_MiniMax-M2.5_20260603T032216Z,c129ae38-e1fe-4777-9219-784a727c5912,2,minimax,MiniMax-M2.5,0.7,IA_cue_competition_C000_no_cue_P3_high_PDU_low_ATT_nback,8,3,2026-06-03T03:27:29.481824+00:00,cue_competition,C000_no_cue,no-cue,0,0,0,P3_high_PDU_low_ATT,high PDU / low attention difficulties,1,,,nback,n-back working-memory task,47cb80b64a54,414,422,85,94,83,72,
IA_minimax_MiniMax-M2.5_20260603T032216Z,c129ae38-e1fe-4777-9219-784a727c5912,2,minimax,MiniMax-M2.5,0.7,IA_cue_competition_C000_no_cue_P3_high_PDU_low_ATT_nback,9,4,2026-06-03T03:27:29.481824+00:00,cue_competition,C000_no_cue,no-cue,0,0,0,P3_high_PDU_low_ATT,high PDU / low attention difficulties,1,,,nback,n-back working-memory task,47cb80b64a54,414,422,80,91,77,66,
IA_minimax_MiniMax-M2.5_20260603T032216Z,c129ae38-e1fe-4777-9219-784a727c5912,2,minimax,MiniMax-M2.5,0.7,IA_cue_competition_C000_no_cue_P3_high_PDU_low_ATT_nback,10,5,2026-06-03T03:27:29.481824+00:00,cue_competition,C000_no_cue,no-cue,0,0,0,P3_high_PDU_low_ATT,high PDU / low attention difficulties,1,,,nback,n-back working-memory task,47cb80b64a54,414,422,83,93,80,69,
IA_minimax_MiniMax-M2.5_20260603T032216Z,e0339c42-867f-403f-90ed-dadb759659e9,3,minimax,MiniMax-M2.5,0.7,IA_cue_competition_C000_no_cue_P3_high_PDU_low_ATT_nback,11,1,2026-06-03T03:27:37.385622+00:00,cue_competition,C000_no_cue,no-cue,0,0,0,P3_high_PDU_low_ATT,high PDU / low attention difficulties,1,,,nback,n-back working-memory task,47cb80b64a54,414,726,0.88,0.94,0.86,0.78,
IA_minimax_MiniMax-M2.5_20260603T032216Z,e0339c42-867f-403f-90ed-dadb759659e9,3,minimax,MiniMax-M2.5,0.7,IA_cue_competition_C000_no_cue_P3_high_PDU_low_ATT_nback,12,2,2026-06-03T03:27:37.385622+00:00,cue_competition,C000_no_cue,no-cue,0,0,0,P3_high_PDU_low_ATT,high PDU / low attention difficulties,1,,,nback,n-back working-memory task,47cb80b64a54,414,726,0.91,0.96,0.9,0.82,
IA_minimax_MiniMax-M2.5_20260603T032216Z,e0339c42-867f-403f-90ed-dadb759659e9,3,minimax,MiniMax-M2.5,0.7,IA_cue_competition_C000_no_cue_P3_high_PDU_low_ATT_nback,13,3,2026-06-03T03:27:37.385622+00:00,cue_competition,C000_no_cue,no-cue,0,0,0,P3_high_PDU_low_ATT,high PDU / low attention difficulties,1,,,nback,n-back working-memory task,47cb80b64a54,414,726,0.85,0.92,0.83,0.75,
IA_minimax_MiniMax-M2.5_20260603T032216Z,e0339c42-867f-403f-90ed-dadb759659e9,3,minimax,MiniMax-M2.5,0.7,IA_cue_competition_C000_no_cue_P3_high_PDU_low_ATT_nback,14,4,2026-06-03T03:27:37.385622+00:00,cue_competition,C000_no_cue,no-cue,0,0,0,P3_high_PDU_low_ATT,high PDU / low attention difficulties,1,,,nback,n-back working-memory task,47cb80b64a54,414,726,0.89,0.95,0.87,0.79,
IA_minimax_MiniMax-M2.5_20260603T032216Z,e0339c42-867f-403f-90ed-dadb759659e9,3,minimax,MiniMax-M2.5,0.7,IA_cue_competition_C000_no_cue_P3_high_PDU_low_ATT_nback,15,5,2026-06-03T03:27:37.385622+00:00,cue_competition,C000_no_cue,no-cue,0,0,0,P3_high_PDU_low_ATT,high PDU / low attention difficulties,1,,,nback,n-back working-memory task,47cb80b64a54,414,726,0.87,0.93,0.85,0.77,
IA_minimax_MiniMax-M2.5_20260603T032216Z,3ad13551-9edf-46bf-9b38-9ea00f854c2c,4,minimax,MiniMax-M2.5,0.7,IA_cue_competition_C000_no_cue_P3_high_PDU_low_ATT_nback,16,1,2026-06-03T03:27:46.782907+00:00,cue_competition,C000_no_cue,no-cue,0,0,0,P3_high_PDU_low_ATT,high PDU / low attention difficulties,1,,,nback,n-back working-memory task,47cb80b64a54,414,653,82,91,81,68,
IA_minimax_MiniMax-M2.5_20260603T032216Z,3ad13551-9edf-46bf-9b38-9ea00f854c2c,4,minimax,MiniMax-M2.5,0.7,IA_cue_competition_C000_no_cue_P3_high_PDU_low_ATT_nback,17,2,2026-06-03T03:27:46.783929+00:00,cue_competition,C000_no_cue,no-cue,0,0,0,P3_high_PDU_low_ATT,high PDU / low attention difficulties,1,,,nback,n-back working-memory task,47cb80b64a54,414,653,85,93,84,72,
IA_minimax_MiniMax-M2.5_20260603T032216Z,3ad13551-9edf-46bf-9b38-9ea00f854c2c,4,minimax,MiniMax-M2.5,0.7,IA_cue_competition_C000_no_cue_P3_high_PDU_low_ATT_nback,18,3,2026-06-03T03:27:46.783929+00:00,cue_competition,C000_no_cue,no-cue,0,0,0,P3_high_PDU_low_ATT,high PDU / low attention difficulties,1,,,nback,n-back working-memory task,47cb80b64a54,414,653,79,88,78,65,
IA_minimax_MiniMax-M2.5_20260603T032216Z,3ad13551-9edf-46bf-9b38-9ea00f854c2c,4,minimax,MiniMax-M2.5,0.7,IA_cue_competition_C000_no_cue_P3_high_PDU_low_ATT_nback,19,4,2026-06-03T03:27:46.783929+00:00,cue_competition,C000_no_cue,no-cue,0,0,0,P3_high_PDU_low_ATT,high PDU / low attention difficulties,1,,,nback,n-back working-memory task,47cb80b64a54,414,653,87,94,86,75,
IA_minimax_MiniMax-M2.5_20260603T032216Z,3ad13551-9edf-46bf-9b38-9ea00f854c2c,4,minimax,MiniMax-M2.5,0.7,IA_cue_competition_C000_no_cue_P3_high_PDU_low_ATT_nback,20,5,2026-06-03T03:27:46.783929+00:00,cue_competition,C000_no_cue,no-cue,0,0,0,P3_high_PDU_low_ATT,high PDU / low attention difficulties,1,,,nback,n-back working-memory task,47cb80b64a54,414,653,83,90,82,69,
IA_minimax_MiniMax-M2.5_20260603T032216Z,c3d3aac9-84a2-420b-b9b1-6983cecfddd5,1,minimax,MiniMax-M2.5,0.7,IA_cue_competition_C000_no_cue_P3_high_PDU_low_ATT_bart,1,1,2026-06-03T03:27:53.300035+00:00,cue_competition,C000_no_cue,no-cue,0,0,0,P3_high_PDU_low_ATT,high PDU / low attention difficulties,1,,,bart,Balloon Analogue Risk Task,add378e9ee3a,408,468,42,24.5,5,0.52,
IA_minimax_MiniMax-M2.5_20260603T032216Z,c3d3aac9-84a2-420b-b9b1-6983cecfddd5,1,minimax,MiniMax-M2.5,0.7,IA_cue_competition_C000_no_cue_P3_high_PDU_low_ATT_bart,2,2,2026-06-03T03:27:53.301140+00:00,cue_competition,C000_no_cue,no-cue,0,0,0,P3_high_PDU_low_ATT,high PDU / low attention difficulties,1,,,bart,Balloon Analogue Risk Task,add378e9ee3a,408,468,38,19.75,6,0.45,
IA_minimax_MiniMax-M2.5_20260603T032216Z,c3d3aac9-84a2-420b-b9b1-6983cecfddd5,1,minimax,MiniMax-M2.5,0.7,IA_cue_competition_C000_no_cue_P3_high_PDU_low_ATT_bart,3,3,2026-06-03T03:27:53.301140+00:00,cue_competition,C000_no_cue,no-cue,0,0,0,P3_high_PDU_low_ATT,high PDU / low attention difficulties,1,,,bart,Balloon Analogue Risk Task,add378e9ee3a,408,468,47,28.25,4,0.61,
IA_minimax_MiniMax-M2.5_20260603T032216Z,c3d3aac9-84a2-420b-b9b1-6983cecfddd5,1,minimax,MiniMax-M2.5,0.7,IA_cue_competition_C000_no_cue_P3_high_PDU_low_ATT_bart,4,4,2026-06-03T03:27:53.301140+00:00,cue_competition,C000_no_cue,no-cue,0,0,0,P3_high_PDU_low_ATT,high PDU / low attention difficulties,1,,,bart,Balloon Analogue Risk Task,add378e9ee3a,408,468,35,16,7,0.38,
IA_minimax_MiniMax-M2.5_20260603T032216Z,c3d3aac9-84a2-420b-b9b1-6983cecfddd5,1,minimax,MiniMax-M2.5,0.7,IA_cue_competition_C000_no_cue_P3_high_PDU_low_ATT_bart,5,5,2026-06-03T03:27:53.301140+00:00,cue_competition,C000_no_cue,no-cue,0,0,0,P3_high_PDU_low_ATT,high PDU / low attention difficulties,1,,,bart,Balloon Analogue Risk Task,add378e9ee3a,408,468,44,26.5,4,0.58,
IA_minimax_MiniMax-M2.5_20260603T032216Z,f157d6db-4a1b-4472-a98f-fb62e8e517c7,2,minimax,MiniMax-M2.5,0.7,IA_cue_competition_C000_no_cue_P3_high_PDU_low_ATT_bart,6,1,2026-06-03T03:28:01.766991+00:00,cue_competition,C000_no_cue,no-cue,0,0,0,P3_high_PDU_low_ATT,high PDU / low attention difficulties,1,,,bart,Balloon Analogue Risk Task,add378e9ee3a,408,723,35,125,8,0.45,
IA_minimax_MiniMax-M2.5_20260603T032216Z,f157d6db-4a1b-4472-a98f-fb62e8e517c7,2,minimax,MiniMax-M2.5,0.7,IA_cue_competition_C000_no_cue_P3_high_PDU_low_ATT_bart,7,2,2026-06-03T03:28:01.766991+00:00,cue_competition,C000_no_cue,no-cue,0,0,0,P3_high_PDU_low_ATT,high PDU / low attention difficulties,1,,,bart,Balloon Analogue Risk Task,add378e9ee3a,408,723,42,180,5,0.58,
IA_minimax_MiniMax-M2.5_20260603T032216Z,f157d6db-4a1b-4472-a98f-fb62e8e517c7,2,minimax,MiniMax-M2.5,0.7,IA_cue_competition_C000_no_cue_P3_high_PDU_low_ATT_bart,8,3,2026-06-03T03:28:01.766991+00:00,cue_competition,C000_no_cue,no-cue,0,0,0,P3_high_PDU_low_ATT,high PDU / low attention difficulties,1,,,bart,Balloon Analogue Risk Task,add378e9ee3a,408,723,28,85,12,0.32,
IA_minimax_MiniMax-M2.5_20260603T032216Z,f157d6db-4a1b-4472-a98f-fb62e8e517c7,2,minimax,MiniMax-M2.5,0.7,IA_cue_competition_C000_no_cue_P3_high_PDU_low_ATT_bart,9,4,2026-06-03T03:28:01.766991+00:00,cue_competition,C000_no_cue,no-cue,0,0,0,P3_high_PDU_low_ATT,high PDU / low attention difficulties,1,,,bart,Balloon Analogue Risk Task,add378e9ee3a,408,723,48,210,3,0.72,
IA_minimax_MiniMax-M2.5_20260603T032216Z,f157d6db-4a1b-4472-a98f-fb62e8e517c7,2,minimax,MiniMax-M2.5,0.7,IA_cue_competition_C000_no_cue_P3_high_PDU_low_ATT_bart,10,5,2026-06-03T03:28:01.766991+00:00,cue_competition,C000_no_cue,no-cue,0,0,0,P3_high_PDU_low_ATT,high PDU / low attention difficulties,1,,,bart,Balloon Analogue Risk Task,add378e9ee3a,408,723,38,145,7,0.52,
IA_minimax_MiniMax-M2.5_20260603T032216Z,1dc79492-8034-4d99-a922-ba37cc232c6c,3,minimax,MiniMax-M2.5,0.7,IA_cue_competition_C000_no_cue_P3_high_PDU_low_ATT_bart,11,1,2026-06-03T03:28:11.012683+00:00,cue_competition,C000_no_cue,no-cue,0,0,0,P3_high_PDU_low_ATT,high PDU / low attention difficulties,1,,,bart,Balloon Analogue Risk Task,add378e9ee3a,408,746,32,245,8,0.58,
IA_minimax_MiniMax-M2.5_20260603T032216Z,1dc79492-8034-4d99-a922-ba37cc232c6c,3,minimax,MiniMax-M2.5,0.7,IA_cue_competition_C000_no_cue_P3_high_PDU_low_ATT_bart,12,2,2026-06-03T03:28:11.012683+00:00,cue_competition,C000_no_cue,no-cue,0,0,0,P3_high_PDU_low_ATT,high PDU / low attention difficulties,1,,,bart,Balloon Analogue Risk Task,add378e9ee3a,408,746,28,198,11,0.45,
IA_minimax_MiniMax-M2.5_20260603T032216Z,1dc79492-8034-4d99-a922-ba37cc232c6c,3,minimax,MiniMax-M2.5,0.7,IA_cue_competition_C000_no_cue_P3_high_PDU_low_ATT_bart,13,3,2026-06-03T03:28:11.012683+00:00,cue_competition,C000_no_cue,no-cue,0,0,0,P3_high_PDU_low_ATT,high PDU / low attention difficulties,1,,,bart,Balloon Analogue Risk Task,add378e9ee3a,408,746,41,312,5,0.72,
IA_minimax_MiniMax-M2.5_20260603T032216Z,1dc79492-8034-4d99-a922-ba37cc232c6c,3,minimax,MiniMax-M2.5,0.7,IA_cue_competition_C000_no_cue_P3_high_PDU_low_ATT_bart,14,4,2026-06-03T03:28:11.012683+00:00,cue_competition,C000_no_cue,no-cue,0,0,0,P3_high_PDU_low_ATT,high PDU / low attention difficulties,1,,,bart,Balloon Analogue Risk Task,add378e9ee3a,408,746,24,156,14,0.32,
IA_minimax_MiniMax-M2.5_20260603T032216Z,1dc79492-8034-4d99-a922-ba37cc232c6c,3,minimax,MiniMax-M2.5,0.7,IA_cue_competition_C000_no_cue_P3_high_PDU_low_ATT_bart,15,5,2026-06-03T03:28:11.012683+00:00,cue_competition,C000_no_cue,no-cue,0,0,0,P3_high_PDU_low_ATT,high PDU / low attention difficulties,1,,,bart,Balloon Analogue Risk Task,add378e9ee3a,408,746,48,385,3,0.81,
IA_minimax_MiniMax-M2.5_20260603T032216Z,ceec0733-e91e-4b99-a9ce-45d44a0cd83b,4,minimax,MiniMax-M2.5,0.7,IA_cue_competition_C000_no_cue_P3_high_PDU_low_ATT_bart,16,1,2026-06-03T03:28:19.230367+00:00,cue_competition,C000_no_cue,no-cue,0,0,0,P3_high_PDU_low_ATT,high PDU / low attention difficulties,1,,,bart,Balloon Analogue Risk Task,add378e9ee3a,408,776,8,24.5,3,0.52,
IA_minimax_MiniMax-M2.5_20260603T032216Z,ceec0733-e91e-4b99-a9ce-45d44a0cd83b,4,minimax,MiniMax-M2.5,0.7,IA_cue_competition_C000_no_cue_P3_high_PDU_low_ATT_bart,17,2,2026-06-03T03:28:19.230367+00:00,cue_competition,C000_no_cue,no-cue,0,0,0,P3_high_PDU_low_ATT,high PDU / low attention difficulties,1,,,bart,Balloon Analogue Risk Task,add378e9ee3a,408,776,12,31.2,6,0.71,
IA_minimax_MiniMax-M2.5_20260603T032216Z,ceec0733-e91e-4b99-a9ce-45d44a0cd83b,4,minimax,MiniMax-M2.5,0.7,IA_cue_competition_C000_no_cue_P3_high_PDU_low_ATT_bart,18,3,2026-06-03T03:28:19.230367+00:00,cue_competition,C000_no_cue,no-cue,0,0,0,P3_high_PDU_low_ATT,high PDU / low attention difficulties,1,,,bart,Balloon Analogue Risk Task,add378e9ee3a,408,776,5,18.75,1,0.33,
IA_minimax_MiniMax-M2.5_20260603T032216Z,ceec0733-e91e-4b99-a9ce-45d44a0cd83b,4,minimax,MiniMax-M2.5,0.7,IA_cue_competition_C000_no_cue_P3_high_PDU_low_ATT_bart,19,4,2026-06-03T03:28:19.230367+00:00,cue_competition,C000_no_cue,no-cue,0,0,0,P3_high_PDU_low_ATT,high PDU / low attention difficulties,1,,,bart,Balloon Analogue Risk Task,add378e9ee3a,408,776,10,27.8,4,0.61,
IA_minimax_MiniMax-M2.5_20260603T032216Z,ceec0733-e91e-4b99-a9ce-45d44a0cd83b,4,minimax,MiniMax-M2.5,0.7,IA_cue_competition_C000_no_cue_P3_high_PDU_low_ATT_bart,20,5,2026-06-03T03:28:19.230367+00:00,cue_competition,C000_no_cue,no-cue,0,0,0,P3_high_PDU_low_ATT,high PDU / low attention difficulties,1,,,bart,Balloon Analogue Risk Task,add378e9ee3a,408,776,6,21.4,2,0.44,
IA_minimax_MiniMax-M2.5_20260603T032216Z,692a4df2-cfc9-45e4-a12f-d64ea29ed6f5,1,minimax,MiniMax-M2.5,0.7,IA_cue_competition_C000_no_cue_P3_high_PDU_low_ATT_ddt,1,1,2026-06-03T03:28:26.737184+00:00,cue_competition,C000_no_cue,no-cue,0,0,0,P3_high_PDU_low_ATT,high PDU / low attention difficulties,1,,,ddt,Delay Discounting Task,e746abf63b14,391,629,0.015,-4.2,0.42,,
IA_minimax_MiniMax-M2.5_20260603T032216Z,692a4df2-cfc9-45e4-a12f-d64ea29ed6f5,1,minimax,MiniMax-M2.5,0.7,IA_cue_competition_C000_no_cue_P3_high_PDU_low_ATT_ddt,2,2,2026-06-03T03:28:26.737184+00:00,cue_competition,C000_no_cue,no-cue,0,0,0,P3_high_PDU_low_ATT,high PDU / low attention difficulties,1,,,ddt,Delay Discounting Task,e746abf63b14,391,629,0.008,-4.83,0.31,,
IA_minimax_MiniMax-M2.5_20260603T032216Z,692a4df2-cfc9-45e4-a12f-d64ea29ed6f5,1,minimax,MiniMax-M2.5,0.7,IA_cue_competition_C000_no_cue_P3_high_PDU_low_ATT_ddt,3,3,2026-06-03T03:28:26.737184+00:00,cue_competition,C000_no_cue,no-cue,0,0,0,P3_high_PDU_low_ATT,high PDU / low attention difficulties,1,,,ddt,Delay Discounting Task,e746abf63b14,391,629,0.028,-3.58,0.55,,
IA_minimax_MiniMax-M2.5_20260603T032216Z,692a4df2-cfc9-45e4-a12f-d64ea29ed6f5,1,minimax,MiniMax-M2.5,0.7,IA_cue_competition_C000_no_cue_P3_high_PDU_low_ATT_ddt,4,4,2026-06-03T03:28:26.737184+00:00,cue_competition,C000_no_cue,no-cue,0,0,0,P3_high_PDU_low_ATT,high PDU / low attention difficulties,1,,,ddt,Delay Discounting Task,e746abf63b14,391,629,0.012,-4.42,0.38,,
IA_minimax_MiniMax-M2.5_20260603T032216Z,692a4df2-cfc9-45e4-a12f-d64ea29ed6f5,1,minimax,MiniMax-M2.5,0.7,IA_cue_competition_C000_no_cue_P3_high_PDU_low_ATT_ddt,5,5,2026-06-03T03:28:26.737184+00:00,cue_competition,C000_no_cue,no-cue,0,0,0,P3_high_PDU_low_ATT,high PDU / low attention difficulties,1,,,ddt,Delay Discounting Task,e746abf63b14,391,629,0.022,-3.82,0.48,,
IA_minimax_MiniMax-M2.5_20260603T032216Z,8532be3f-4890-48c6-b0ff-6720ead3de1b,2,minimax,MiniMax-M2.5,0.7,IA_cue_competition_C000_no_cue_P3_high_PDU_low_ATT_ddt,6,1,2026-06-03T03:28:35.955933+00:00,cue_competition,C000_no_cue,no-cue,0,0,0,P3_high_PDU_low_ATT,high PDU / low attention difficulties,1,,,ddt,Delay Discounting Task,e746abf63b14,391,852,0.0042,-5.472,0.33,,
IA_minimax_MiniMax-M2.5_20260603T032216Z,8532be3f-4890-48c6-b0ff-6720ead3de1b,2,minimax,MiniMax-M2.5,0.7,IA_cue_competition_C000_no_cue_P3_high_PDU_low_ATT_ddt,7,2,2026-06-03T03:28:35.955933+00:00,cue_competition,C000_no_cue,no-cue,0,0,0,P3_high_PDU_low_ATT,high PDU / low attention difficulties,1,,,ddt,Delay Discounting Task,e746abf63b14,391,852,0.0158,-4.147,0.41,,
IA_minimax_MiniMax-M2.5_20260603T032216Z,8532be3f-4890-48c6-b0ff-6720ead3de1b,2,minimax,MiniMax-M2.5,0.7,IA_cue_competition_C000_no_cue_P3_high_PDU_low_ATT_ddt,8,3,2026-06-03T03:28:35.955933+00:00,cue_competition,C000_no_cue,no-cue,0,0,0,P3_high_PDU_low_ATT,high PDU / low attention difficulties,1,,,ddt,Delay Discounting Task,e746abf63b14,391,852,0.00095,-6.957,0.26,,
IA_minimax_MiniMax-M2.5_20260603T032216Z,8532be3f-4890-48c6-b0ff-6720ead3de1b,2,minimax,MiniMax-M2.5,0.7,IA_cue_competition_C000_no_cue_P3_high_PDU_low_ATT_ddt,9,4,2026-06-03T03:28:35.955933+00:00,cue_competition,C000_no_cue,no-cue,0,0,0,P3_high_PDU_low_ATT,high PDU / low attention difficulties,1,,,ddt,Delay Discounting Task,e746abf63b14,391,852,0.048,-3.037,0.52,,
IA_minimax_MiniMax-M2.5_20260603T032216Z,8532be3f-4890-48c6-b0ff-6720ead3de1b,2,minimax,MiniMax-M2.5,0.7,IA_cue_competition_C000_no_cue_P3_high_PDU_low_ATT_ddt,10,5,2026-06-03T03:28:35.955933+00:00,cue_competition,C000_no_cue,no-cue,0,0,0,P3_high_PDU_low_ATT,high PDU / low attention difficulties,1,,,ddt,Delay Discounting Task,e746abf63b14,391,852,0.0073,-4.917,0.37,,
IA_minimax_MiniMax-M2.5_20260603T032216Z,92b17e56-3217-4258-aafc-b0b4cb09686d,3,minimax,MiniMax-M2.5,0.7,IA_cue_competition_C000_no_cue_P3_high_PDU_low_ATT_ddt,11,1,2026-06-03T03:28:43.053747+00:00,cue_competition,C000_no_cue,no-cue,0,0,0,P3_high_PDU_low_ATT,high PDU / low attention difficulties,1,,,ddt,Delay Discounting Task,e746abf63b14,391,656,0.005,-5.298,0.25,,
IA_minimax_MiniMax-M2.5_20260603T032216Z,92b17e56-3217-4258-aafc-b0b4cb09686d,3,minimax,MiniMax-M2.5,0.7,IA_cue_competition_C000_no_cue_P3_high_PDU_low_ATT_ddt,12,2,2026-06-03T03:28:43.053747+00:00,cue_competition,C000_no_cue,no-cue,0,0,0,P3_high_PDU_low_ATT,high PDU / low attention difficulties,1,,,ddt,Delay Discounting Task,e746abf63b14,391,656,0.015,-4.2,0.35,,
IA_minimax_MiniMax-M2.5_20260603T032216Z,92b17e56-3217-4258-aafc-b0b4cb09686d,3,minimax,MiniMax-M2.5,0.7,IA_cue_competition_C000_no_cue_P3_high_PDU_low_ATT_ddt,13,3,2026-06-03T03:28:43.053747+00:00,cue_competition,C000_no_cue,no-cue,0,0,0,P3_high_PDU_low_ATT,high PDU / low attention difficulties,1,,,ddt,Delay Discounting Task,e746abf63b14,391,656,0.008,-4.828,0.28,,
IA_minimax_MiniMax-M2.5_20260603T032216Z,92b17e56-3217-4258-aafc-b0b4cb09686d,3,minimax,MiniMax-M2.5,0.7,IA_cue_competition_C000_no_cue_P3_high_PDU_low_ATT_ddt,14,4,2026-06-03T03:28:43.053747+00:00,cue_competition,C000_no_cue,no-cue,0,0,0,P3_high_PDU_low_ATT,high PDU / low attention difficulties,1,,,ddt,Delay Discounting Task,e746abf63b14,391,656,0.02,-3.912,0.42,,
IA_minimax_MiniMax-M2.5_20260603T032216Z,92b17e56-3217-4258-aafc-b0b4cb09686d,3,minimax,MiniMax-M2.5,0.7,IA_cue_competition_C000_no_cue_P3_high_PDU_low_ATT_ddt,15,5,2026-06-03T03:28:43.053747+00:00,cue_competition,C000_no_cue,no-cue,0,0,0,P3_high_PDU_low_ATT,high PDU / low attention difficulties,1,,,ddt,Delay Discounting Task,e746abf63b14,391,656,0.003,-5.809,0.18,,
IA_minimax_MiniMax-M2.5_20260603T032216Z,23f74853-f44f-46bf-9a39-dba1428b7a03,4,minimax,MiniMax-M2.5,0.7,IA_cue_competition_C000_no_cue_P3_high_PDU_low_ATT_ddt,16,1,2026-06-03T03:28:49.625355+00:00,cue_competition,C000_no_cue,no-cue,0,0,0,P3_high_PDU_low_ATT,high PDU / low attention difficulties,1,,,ddt,Delay Discounting Task,e746abf63b14,391,574,0.015,-4.2,0.45,,
IA_minimax_MiniMax-M2.5_20260603T032216Z,23f74853-f44f-46bf-9a39-dba1428b7a03,4,minimax,MiniMax-M2.5,0.7,IA_cue_competition_C000_no_cue_P3_high_PDU_low_ATT_ddt,17,2,2026-06-03T03:28:49.625355+00:00,cue_competition,C000_no_cue,no-cue,0,0,0,P3_high_PDU_low_ATT,high PDU / low attention difficulties,1,,,ddt,Delay Discounting Task,e746abf63b14,391,574,0.022,-3.817,0.52,,
IA_minimax_MiniMax-M2.5_20260603T032216Z,23f74853-f44f-46bf-9a39-dba1428b7a03,4,minimax,MiniMax-M2.5,0.7,IA_cue_competition_C000_no_cue_P3_high_PDU_low_ATT_ddt,18,3,2026-06-03T03:28:49.625355+00:00,cue_competition,C000_no_cue,no-cue,0,0,0,P3_high_PDU_low_ATT,high PDU / low attention difficulties,1,,,ddt,Delay Discounting Task,e746abf63b14,391,574,0.008,-4.828,0.35,,
IA_minimax_MiniMax-M2.5_20260603T032216Z,23f74853-f44f-46bf-9a39-dba1428b7a03,4,minimax,MiniMax-M2.5,0.7,IA_cue_competition_C000_no_cue_P3_high_PDU_low_ATT_ddt,19,4,2026-06-03T03:28:49.625355+00:00,cue_competition,C000_no_cue,no-cue,0,0,0,P3_high_PDU_low_ATT,high PDU / low attention difficulties,1,,,ddt,Delay Discounting Task,e746abf63b14,391,574,0.035,-3.352,0.58,,
IA_minimax_MiniMax-M2.5_20260603T032216Z,23f74853-f44f-46bf-9a39-dba1428b7a03,4,minimax,MiniMax-M2.5,0.7,IA_cue_competition_C000_no_cue_P3_high_PDU_low_ATT_ddt,20,5,2026-06-03T03:28:49.625355+00:00,cue_competition,C000_no_cue,no-cue,0,0,0,P3_high_PDU_low_ATT,high PDU / low attention difficulties,1,,,ddt,Delay Discounting Task,e746abf63b14,391,574,0.012,-4.423,0.42,,
IA_minimax_MiniMax-M2.5_20260603T032216Z,2174d0a3-5b4e-48b4-a2fc-3b1d07f9af26,1,minimax,MiniMax-M2.5,0.7,IA_cue_competition_C000_no_cue_P3_high_PDU_low_ATT_questionnaire,1,1,2026-06-03T03:29:02.795931+00:00,cue_competition,C000_no_cue,no-cue,0,0,0,P3_high_PDU_low_ATT,high PDU / low attention difficulties,1,,,questionnaire,questionnaire-profile prediction,247a93eb9822,419,1068,45,42,35,3,2
IA_minimax_MiniMax-M2.5_20260603T032216Z,2174d0a3-5b4e-48b4-a2fc-3b1d07f9af26,1,minimax,MiniMax-M2.5,0.7,IA_cue_competition_C000_no_cue_P3_high_PDU_low_ATT_questionnaire,2,2,2026-06-03T03:29:02.795931+00:00,cue_competition,C000_no_cue,no-cue,0,0,0,P3_high_PDU_low_ATT,high PDU / low attention difficulties,1,,,questionnaire,questionnaire-profile prediction,247a93eb9822,419,1068,52,48,42,4,3
IA_minimax_MiniMax-M2.5_20260603T032216Z,2174d0a3-5b4e-48b4-a2fc-3b1d07f9af26,1,minimax,MiniMax-M2.5,0.7,IA_cue_competition_C000_no_cue_P3_high_PDU_low_ATT_questionnaire,3,3,2026-06-03T03:29:02.795931+00:00,cue_competition,C000_no_cue,no-cue,0,0,0,P3_high_PDU_low_ATT,high PDU / low attention difficulties,1,,,questionnaire,questionnaire-profile prediction,247a93eb9822,419,1068,38,35,28,2,1
IA_minimax_MiniMax-M2.5_20260603T032216Z,2174d0a3-5b4e-48b4-a2fc-3b1d07f9af26,1,minimax,MiniMax-M2.5,0.7,IA_cue_competition_C000_no_cue_P3_high_PDU_low_ATT_questionnaire,4,4,2026-06-03T03:29:02.795931+00:00,cue_competition,C000_no_cue,no-cue,0,0,0,P3_high_PDU_low_ATT,high PDU / low attention difficulties,1,,,questionnaire,questionnaire-profile prediction,247a93eb9822,419,1068,48,44,38,3,3
IA_minimax_MiniMax-M2.5_20260603T032216Z,2174d0a3-5b4e-48b4-a2fc-3b1d07f9af26,1,minimax,MiniMax-M2.5,0.7,IA_cue_competition_C000_no_cue_P3_high_PDU_low_ATT_questionnaire,5,5,2026-06-03T03:29:02.795931+00:00,cue_competition,C000_no_cue,no-cue,0,0,0,P3_high_PDU_low_ATT,high PDU / low attention difficulties,1,,,questionnaire,questionnaire-profile prediction,247a93eb9822,419,1068,55,50,48,5,4
IA_minimax_MiniMax-M2.5_20260603T032216Z,01729603-7be5-42c0-a9d9-10286d1452d5,2,minimax,MiniMax-M2.5,0.7,IA_cue_competition_C000_no_cue_P3_high_PDU_low_ATT_questionnaire,6,1,2026-06-03T03:29:11.600616+00:00,cue_competition,C000_no_cue,no-cue,0,0,0,P3_high_PDU_low_ATT,high PDU / low attention difficulties,1,,,questionnaire,questionnaire-profile prediction,247a93eb9822,419,740,52,48,58,6,5
IA_minimax_MiniMax-M2.5_20260603T032216Z,01729603-7be5-42c0-a9d9-10286d1452d5,2,minimax,MiniMax-M2.5,0.7,IA_cue_competition_C000_no_cue_P3_high_PDU_low_ATT_questionnaire,7,2,2026-06-03T03:29:11.600616+00:00,cue_competition,C000_no_cue,no-cue,0,0,0,P3_high_PDU_low_ATT,high PDU / low attention difficulties,1,,,questionnaire,questionnaire-profile prediction,247a93eb9822,419,740,38,35,42,4,3
IA_minimax_MiniMax-M2.5_20260603T032216Z,01729603-7be5-42c0-a9d9-10286d1452d5,2,minimax,MiniMax-M2.5,0.7,IA_cue_competition_C000_no_cue_P3_high_PDU_low_ATT_questionnaire,8,3,2026-06-03T03:29:11.600616+00:00,cue_competition,C000_no_cue,no-cue,0,0,0,P3_high_PDU_low_ATT,high PDU / low attention difficulties,1,,,questionnaire,questionnaire-profile prediction,247a93eb9822,419,740,45,42,50,5,4
IA_minimax_MiniMax-M2.5_20260603T032216Z,01729603-7be5-42c0-a9d9-10286d1452d5,2,minimax,MiniMax-M2.5,0.7,IA_cue_competition_C000_no_cue_P3_high_PDU_low_ATT_questionnaire,9,4,2026-06-03T03:29:11.600616+00:00,cue_competition,C000_no_cue,no-cue,0,0,0,P3_high_PDU_low_ATT,high PDU / low attention difficulties,1,,,questionnaire,questionnaire-profile prediction,247a93eb9822,419,740,55,51,62,7,6
IA_minimax_MiniMax-M2.5_20260603T032216Z,01729603-7be5-42c0-a9d9-10286d1452d5,2,minimax,MiniMax-M2.5,0.7,IA_cue_competition_C000_no_cue_P3_high_PDU_low_ATT_questionnaire,10,5,2026-06-03T03:29:11.600616+00:00,cue_competition,C000_no_cue,no-cue,0,0,0,P3_high_PDU_low_ATT,high PDU / low attention difficulties,1,,,questionnaire,questionnaire-profile prediction,247a93eb9822,419,740,35,32,40,3,3
IA_minimax_MiniMax-M2.5_20260603T032216Z,41577e53-45f5-4885-868a-c66095317238,3,minimax,MiniMax-M2.5,0.7,IA_cue_competition_C000_no_cue_P3_high_PDU_low_ATT_questionnaire,11,1,2026-06-03T03:29:20.228216+00:00,cue_competition,C000_no_cue,no-cue,0,0,0,P3_high_PDU_low_ATT,high PDU / low attention difficulties,1,,,questionnaire,questionnaire-profile prediction,247a93eb9822,419,798,35,32,38,3,4
IA_minimax_MiniMax-M2.5_20260603T032216Z,41577e53-45f5-4885-868a-c66095317238,3,minimax,MiniMax-M2.5,0.7,IA_cue_competition_C000_no_cue_P3_high_PDU_low_ATT_questionnaire,12,2,2026-06-03T03:29:20.228216+00:00,cue_competition,C000_no_cue,no-cue,0,0,0,P3_high_PDU_low_ATT,high PDU / low attention difficulties,1,,,questionnaire,questionnaire-profile prediction,247a93eb9822,419,798,42,38,45,5,4
IA_minimax_MiniMax-M2.5_20260603T032216Z,41577e53-45f5-4885-868a-c66095317238,3,minimax,MiniMax-M2.5,0.7,IA_cue_competition_C000_no_cue_P3_high_PDU_low_ATT_questionnaire,13,3,2026-06-03T03:29:20.228216+00:00,cue_competition,C000_no_cue,no-cue,0,0,0,P3_high_PDU_low_ATT,high PDU / low attention difficulties,1,,,questionnaire,questionnaire-profile prediction,247a93eb9822,419,798,28,30,35,2,3
IA_minimax_MiniMax-M2.5_20260603T032216Z,41577e53-45f5-4885-868a-c66095317238,3,minimax,MiniMax-M2.5,0.7,IA_cue_competition_C000_no_cue_P3_high_PDU_low_ATT_questionnaire,14,4,2026-06-03T03:29:20.228216+00:00,cue_competition,C000_no_cue,no-cue,0,0,0,P3_high_PDU_low_ATT,high PDU / low attention difficulties,1,,,questionnaire,questionnaire-profile prediction,247a93eb9822,419,798,45,42,48,6,5
IA_minimax_MiniMax-M2.5_20260603T032216Z,41577e53-45f5-4885-868a-c66095317238,3,minimax,MiniMax-M2.5,0.7,IA_cue_competition_C000_no_cue_P3_high_PDU_low_ATT_questionnaire,15,5,2026-06-03T03:29:20.228216+00:00,cue_competition,C000_no_cue,no-cue,0,0,0,P3_high_PDU_low_ATT,high PDU / low attention difficulties,1,,,questionnaire,questionnaire-profile prediction,247a93eb9822,419,798,38,35,40,4,4
IA_minimax_MiniMax-M2.5_20260603T032216Z,8ae59e39-0117-4041-b103-79add340580a,4,minimax,MiniMax-M2.5,0.7,IA_cue_competition_C000_no_cue_P3_high_PDU_low_ATT_questionnaire,16,1,2026-06-03T03:29:27.808630+00:00,cue_competition,C000_no_cue,no-cue,0,0,0,P3_high_PDU_low_ATT,high PDU / low attention difficulties,1,,,questionnaire,questionnaire-profile prediction,247a93eb9822,419,503,34,28,45,8,7
IA_minimax_MiniMax-M2.5_20260603T032216Z,8ae59e39-0117-4041-b103-79add340580a,4,minimax,MiniMax-M2.5,0.7,IA_cue_competition_C000_no_cue_P3_high_PDU_low_ATT_questionnaire,17,2,2026-06-03T03:29:27.808630+00:00,cue_competition,C000_no_cue,no-cue,0,0,0,P3_high_PDU_low_ATT,high PDU / low attention difficulties,1,,,questionnaire,questionnaire-profile prediction,247a93eb9822,419,503,42,35,52,11,9
IA_minimax_MiniMax-M2.5_20260603T032216Z,8ae59e39-0117-4041-b103-79add340580a,4,minimax,MiniMax-M2.5,0.7,IA_cue_competition_C000_no_cue_P3_high_PDU_low_ATT_questionnaire,18,3,2026-06-03T03:29:27.808630+00:00,cue_competition,C000_no_cue,no-cue,0,0,0,P3_high_PDU_low_ATT,high PDU / low attention difficulties,1,,,questionnaire,questionnaire-profile prediction,247a93eb9822,419,503,29,24,38,6,5
IA_minimax_MiniMax-M2.5_20260603T032216Z,8ae59e39-0117-4041-b103-79add340580a,4,minimax,MiniMax-M2.5,0.7,IA_cue_competition_C000_no_cue_P3_high_PDU_low_ATT_questionnaire,19,4,2026-06-03T03:29:27.808630+00:00,cue_competition,C000_no_cue,no-cue,0,0,0,P3_high_PDU_low_ATT,high PDU / low attention difficulties,1,,,questionnaire,questionnaire-profile prediction,247a93eb9822,419,503,38,31,48,9,8
IA_minimax_MiniMax-M2.5_20260603T032216Z,8ae59e39-0117-4041-b103-79add340580a,4,minimax,MiniMax-M2.5,0.7,IA_cue_competition_C000_no_cue_P3_high_PDU_low_ATT_questionnaire,20,5,2026-06-03T03:29:27.808630+00:00,cue_competition,C000_no_cue,no-cue,0,0,0,P3_high_PDU_low_ATT,high PDU / low attention difficulties,1,,,questionnaire,questionnaire-profile prediction,247a93eb9822,419,503,45,38,55,12,10
IA_minimax_MiniMax-M2.5_20260603T032216Z,3d430995-4a47-4a07-9a38-0a52965b08a9,1,minimax,MiniMax-M2.5,0.7,IA_cue_competition_C000_no_cue_P4_high_PDU_high_ATT_stroop,1,1,2026-06-03T03:29:33.505067+00:00,cue_competition,C000_no_cue,no-cue,0,0,0,P4_high_PDU_high_ATT,high PDU / high attention difficulties,1,,,stroop,Stroop color-word task,f1a5bd03c6cf,394,443,0.97,548,98,78,
IA_minimax_MiniMax-M2.5_20260603T032216Z,3d430995-4a47-4a07-9a38-0a52965b08a9,1,minimax,MiniMax-M2.5,0.7,IA_cue_competition_C000_no_cue_P4_high_PDU_high_ATT_stroop,2,2,2026-06-03T03:29:33.505067+00:00,cue_competition,C000_no_cue,no-cue,0,0,0,P4_high_PDU_high_ATT,high PDU / high attention difficulties,1,,,stroop,Stroop color-word task,f1a5bd03c6cf,394,443,0.96,572,112,89,
IA_minimax_MiniMax-M2.5_20260603T032216Z,3d430995-4a47-4a07-9a38-0a52965b08a9,1,minimax,MiniMax-M2.5,0.7,IA_cue_competition_C000_no_cue_P4_high_PDU_high_ATT_stroop,3,3,2026-06-03T03:29:33.505067+00:00,cue_competition,C000_no_cue,no-cue,0,0,0,P4_high_PDU_high_ATT,high PDU / high attention difficulties,1,,,stroop,Stroop color-word task,f1a5bd03c6cf,394,443,0.98,523,87,71,
IA_minimax_MiniMax-M2.5_20260603T032216Z,3d430995-4a47-4a07-9a38-0a52965b08a9,1,minimax,MiniMax-M2.5,0.7,IA_cue_competition_C000_no_cue_P4_high_PDU_high_ATT_stroop,4,4,2026-06-03T03:29:33.505067+00:00,cue_competition,C000_no_cue,no-cue,0,0,0,P4_high_PDU_high_ATT,high PDU / high attention difficulties,1,,,stroop,Stroop color-word task,f1a5bd03c6cf,394,443,0.95,601,125,95,
IA_minimax_MiniMax-M2.5_20260603T032216Z,3d430995-4a47-4a07-9a38-0a52965b08a9,1,minimax,MiniMax-M2.5,0.7,IA_cue_competition_C000_no_cue_P4_high_PDU_high_ATT_stroop,5,5,2026-06-03T03:29:33.505067+00:00,cue_competition,C000_no_cue,no-cue,0,0,0,P4_high_PDU_high_ATT,high PDU / high attention difficulties,1,,,stroop,Stroop color-word task,f1a5bd03c6cf,394,443,0.97,535,104,82,
IA_minimax_MiniMax-M2.5_20260603T032216Z,8efb8e55-3531-4133-9182-c01890835bf6,2,minimax,MiniMax-M2.5,0.7,IA_cue_competition_C000_no_cue_P4_high_PDU_high_ATT_stroop,6,1,2026-06-03T03:29:40.375097+00:00,cue_competition,C000_no_cue,no-cue,0,0,0,P4_high_PDU_high_ATT,high PDU / high attention difficulties,1,,,stroop,Stroop color-word task,f1a5bd03c6cf,394,610,95,485,85,95,
IA_minimax_MiniMax-M2.5_20260603T032216Z,8efb8e55-3531-4133-9182-c01890835bf6,2,minimax,MiniMax-M2.5,0.7,IA_cue_competition_C000_no_cue_P4_high_PDU_high_ATT_stroop,7,2,2026-06-03T03:29:40.375097+00:00,cue_competition,C000_no_cue,no-cue,0,0,0,P4_high_PDU_high_ATT,high PDU / high attention difficulties,1,,,stroop,Stroop color-word task,f1a5bd03c6cf,394,610,93,520,110,115,
IA_minimax_MiniMax-M2.5_20260603T032216Z,8efb8e55-3531-4133-9182-c01890835bf6,2,minimax,MiniMax-M2.5,0.7,IA_cue_competition_C000_no_cue_P4_high_PDU_high_ATT_stroop,8,3,2026-06-03T03:29:40.375097+00:00,cue_competition,C000_no_cue,no-cue,0,0,0,P4_high_PDU_high_ATT,high PDU / high attention difficulties,1,,,stroop,Stroop color-word task,f1a5bd03c6cf,394,610,97,445,75,78,
IA_minimax_MiniMax-M2.5_20260603T032216Z,8efb8e55-3531-4133-9182-c01890835bf6,2,minimax,MiniMax-M2.5,0.7,IA_cue_competition_C000_no_cue_P4_high_PDU_high_ATT_stroop,9,4,2026-06-03T03:29:40.375097+00:00,cue_competition,C000_no_cue,no-cue,0,0,0,P4_high_PDU_high_ATT,high PDU / high attention difficulties,1,,,stroop,Stroop color-word task,f1a5bd03c6cf,394,610,91,560,125,135,
IA_minimax_MiniMax-M2.5_20260603T032216Z,8efb8e55-3531-4133-9182-c01890835bf6,2,minimax,MiniMax-M2.5,0.7,IA_cue_competition_C000_no_cue_P4_high_PDU_high_ATT_stroop,10,5,2026-06-03T03:29:40.375097+00:00,cue_competition,C000_no_cue,no-cue,0,0,0,P4_high_PDU_high_ATT,high PDU / high attention difficulties,1,,,stroop,Stroop color-word task,f1a5bd03c6cf,394,610,96,470,95,105,
IA_minimax_MiniMax-M2.5_20260603T032216Z,a9006707-c289-48e7-9713-0a32ef6eb9b0,3,minimax,MiniMax-M2.5,0.7,IA_cue_competition_C000_no_cue_P4_high_PDU_high_ATT_stroop,11,1,2026-06-03T03:29:47.498581+00:00,cue_competition,C000_no_cue,no-cue,0,0,0,P4_high_PDU_high_ATT,high PDU / high attention difficulties,1,,,stroop,Stroop color-word task,f1a5bd03c6cf,394,588,95,520,85,78,
IA_minimax_MiniMax-M2.5_20260603T032216Z,a9006707-c289-48e7-9713-0a32ef6eb9b0,3,minimax,MiniMax-M2.5,0.7,IA_cue_competition_C000_no_cue_P4_high_PDU_high_ATT_stroop,12,2,2026-06-03T03:29:47.498581+00:00,cue_competition,C000_no_cue,no-cue,0,0,0,P4_high_PDU_high_ATT,high PDU / high attention difficulties,1,,,stroop,Stroop color-word task,f1a5bd03c6cf,394,588,93,545,92,85,
IA_minimax_MiniMax-M2.5_20260603T032216Z,a9006707-c289-48e7-9713-0a32ef6eb9b0,3,minimax,MiniMax-M2.5,0.7,IA_cue_competition_C000_no_cue_P4_high_PDU_high_ATT_stroop,13,3,2026-06-03T03:29:47.498581+00:00,cue_competition,C000_no_cue,no-cue,0,0,0,P4_high_PDU_high_ATT,high PDU / high attention difficulties,1,,,stroop,Stroop color-word task,f1a5bd03c6cf,394,588,96,505,78,72,
IA_minimax_MiniMax-M2.5_20260603T032216Z,a9006707-c289-48e7-9713-0a32ef6eb9b0,3,minimax,MiniMax-M2.5,0.7,IA_cue_competition_C000_no_cue_P4_high_PDU_high_ATT_stroop,14,4,2026-06-03T03:29:47.498581+00:00,cue_competition,C000_no_cue,no-cue,0,0,0,P4_high_PDU_high_ATT,high PDU / high attention difficulties,1,,,stroop,Stroop color-word task,f1a5bd03c6cf,394,588,94,535,88,80,
IA_minimax_MiniMax-M2.5_20260603T032216Z,a9006707-c289-48e7-9713-0a32ef6eb9b0,3,minimax,MiniMax-M2.5,0.7,IA_cue_competition_C000_no_cue_P4_high_PDU_high_ATT_stroop,15,5,2026-06-03T03:29:47.498581+00:00,cue_competition,C000_no_cue,no-cue,0,0,0,P4_high_PDU_high_ATT,high PDU / high attention difficulties,1,,,stroop,Stroop color-word task,f1a5bd03c6cf,394,588,97,490,75,68,
IA_minimax_MiniMax-M2.5_20260603T032216Z,e0f339f1-eddc-4b9b-9987-d1e8a1c6a899,4,minimax,MiniMax-M2.5,0.7,IA_cue_competition_C000_no_cue_P4_high_PDU_high_ATT_stroop,16,1,2026-06-03T03:29:53.869063+00:00,cue_competition,C000_no_cue,no-cue,0,0,0,P4_high_PDU_high_ATT,high PDU / high attention difficulties,1,,,stroop,Stroop color-word task,f1a5bd03c6cf,394,533,97,485,85,78,
IA_minimax_MiniMax-M2.5_20260603T032216Z,e0f339f1-eddc-4b9b-9987-d1e8a1c6a899,4,minimax,MiniMax-M2.5,0.7,IA_cue_competition_C000_no_cue_P4_high_PDU_high_ATT_stroop,17,2,2026-06-03T03:29:53.869063+00:00,cue_competition,C000_no_cue,no-cue,0,0,0,P4_high_PDU_high_ATT,high PDU / high attention difficulties,1,,,stroop,Stroop color-word task,f1a5bd03c6cf,394,533,96,510,92,95,
IA_minimax_MiniMax-M2.5_20260603T032216Z,e0f339f1-eddc-4b9b-9987-d1e8a1c6a899,4,minimax,MiniMax-M2.5,0.7,IA_cue_competition_C000_no_cue_P4_high_PDU_high_ATT_stroop,18,3,2026-06-03T03:29:53.869063+00:00,cue_competition,C000_no_cue,no-cue,0,0,0,P4_high_PDU_high_ATT,high PDU / high attention difficulties,1,,,stroop,Stroop color-word task,f1a5bd03c6cf,394,533,98,465,78,68,
IA_minimax_MiniMax-M2.5_20260603T032216Z,e0f339f1-eddc-4b9b-9987-d1e8a1c6a899,4,minimax,MiniMax-M2.5,0.7,IA_cue_competition_C000_no_cue_P4_high_PDU_high_ATT_stroop,19,4,2026-06-03T03:29:53.869063+00:00,cue_competition,C000_no_cue,no-cue,0,0,0,P4_high_PDU_high_ATT,high PDU / high attention difficulties,1,,,stroop,Stroop color-word task,f1a5bd03c6cf,394,533,95,530,98,110,
IA_minimax_MiniMax-M2.5_20260603T032216Z,e0f339f1-eddc-4b9b-9987-d1e8a1c6a899,4,minimax,MiniMax-M2.5,0.7,IA_cue_competition_C000_no_cue_P4_high_PDU_high_ATT_stroop,20,5,2026-06-03T03:29:53.869063+00:00,cue_competition,C000_no_cue,no-cue,0,0,0,P4_high_PDU_high_ATT,high PDU / high attention difficulties,1,,,stroop,Stroop color-word task,f1a5bd03c6cf,394,533,97,495,88,85,
IA_minimax_MiniMax-M2.5_20260603T032216Z,c1086c12-86b7-4c8b-a74b-32fdf901a5ed,1,minimax,MiniMax-M2.5,0.7,IA_cue_competition_C000_no_cue_P4_high_PDU_high_ATT_nback,1,1,2026-06-03T03:30:01.423769+00:00,cue_competition,C000_no_cue,no-cue,0,0,0,P4_high_PDU_high_ATT,high PDU / high attention difficulties,1,,,nback,n-back working-memory task,72a555d168ec,414,646,82,91,81,74,
IA_minimax_MiniMax-M2.5_20260603T032216Z,c1086c12-86b7-4c8b-a74b-32fdf901a5ed,1,minimax,MiniMax-M2.5,0.7,IA_cue_competition_C000_no_cue_P4_high_PDU_high_ATT_nback,2,2,2026-06-03T03:30:01.423769+00:00,cue_competition,C000_no_cue,no-cue,0,0,0,P4_high_PDU_high_ATT,high PDU / high attention difficulties,1,,,nback,n-back working-memory task,72a555d168ec,414,646,80,89,79,72,
IA_minimax_MiniMax-M2.5_20260603T032216Z,c1086c12-86b7-4c8b-a74b-32fdf901a5ed,1,minimax,MiniMax-M2.5,0.7,IA_cue_competition_C000_no_cue_P4_high_PDU_high_ATT_nback,3,3,2026-06-03T03:30:01.423769+00:00,cue_competition,C000_no_cue,no-cue,0,0,0,P4_high_PDU_high_ATT,high PDU / high attention difficulties,1,,,nback,n-back working-memory task,72a555d168ec,414,646,84,93,83,76,
IA_minimax_MiniMax-M2.5_20260603T032216Z,c1086c12-86b7-4c8b-a74b-32fdf901a5ed,1,minimax,MiniMax-M2.5,0.7,IA_cue_competition_C000_no_cue_P4_high_PDU_high_ATT_nback,4,4,2026-06-03T03:30:01.423769+00:00,cue_competition,C000_no_cue,no-cue,0,0,0,P4_high_PDU_high_ATT,high PDU / high attention difficulties,1,,,nback,n-back working-memory task,72a555d168ec,414,646,78,87,77,70,
IA_minimax_MiniMax-M2.5_20260603T032216Z,c1086c12-86b7-4c8b-a74b-32fdf901a5ed,1,minimax,MiniMax-M2.5,0.7,IA_cue_competition_C000_no_cue_P4_high_PDU_high_ATT_nback,5,5,2026-06-03T03:30:01.423769+00:00,cue_competition,C000_no_cue,no-cue,0,0,0,P4_high_PDU_high_ATT,high PDU / high attention difficulties,1,,,nback,n-back working-memory task,72a555d168ec,414,646,81,90,80,73,
IA_minimax_MiniMax-M2.5_20260603T032216Z,f0904c70-ebe4-4611-884c-5b420afd2e0d,2,minimax,MiniMax-M2.5,0.7,IA_cue_competition_C000_no_cue_P4_high_PDU_high_ATT_nback,6,1,2026-06-03T03:30:08.280158+00:00,cue_competition,C000_no_cue,no-cue,0,0,0,P4_high_PDU_high_ATT,high PDU / high attention difficulties,1,,,nback,n-back working-memory task,72a555d168ec,414,471,82.4,91.2,79.8,68.5,
IA_minimax_MiniMax-M2.5_20260603T032216Z,f0904c70-ebe4-4611-884c-5b420afd2e0d,2,minimax,MiniMax-M2.5,0.7,IA_cue_competition_C000_no_cue_P4_high_PDU_high_ATT_nback,7,2,2026-06-03T03:30:08.280158+00:00,cue_competition,C000_no_cue,no-cue,0,0,0,P4_high_PDU_high_ATT,high PDU / high attention difficulties,1,,,nback,n-back working-memory task,72a555d168ec,414,471,78.6,88.7,76.3,64.2,
IA_minimax_MiniMax-M2.5_20260603T032216Z,f0904c70-ebe4-4611-884c-5b420afd2e0d,2,minimax,MiniMax-M2.5,0.7,IA_cue_competition_C000_no_cue_P4_high_PDU_high_ATT_nback,8,3,2026-06-03T03:30:08.280158+00:00,cue_competition,C000_no_cue,no-cue,0,0,0,P4_high_PDU_high_ATT,high PDU / high attention difficulties,1,,,nback,n-back working-memory task,72a555d168ec,414,471,84.1,93.4,81.9,71.2,
IA_minimax_MiniMax-M2.5_20260603T032216Z,f0904c70-ebe4-4611-884c-5b420afd2e0d,2,minimax,MiniMax-M2.5,0.7,IA_cue_competition_C000_no_cue_P4_high_PDU_high_ATT_nback,9,4,2026-06-03T03:30:08.280158+00:00,cue_competition,C000_no_cue,no-cue,0,0,0,P4_high_PDU_high_ATT,high PDU / high attention difficulties,1,,,nback,n-back working-memory task,72a555d168ec,414,471,79.8,90.1,77.5,66.3,
IA_minimax_MiniMax-M2.5_20260603T032216Z,f0904c70-ebe4-4611-884c-5b420afd2e0d,2,minimax,MiniMax-M2.5,0.7,IA_cue_competition_C000_no_cue_P4_high_PDU_high_ATT_nback,10,5,2026-06-03T03:30:08.280158+00:00,cue_competition,C000_no_cue,no-cue,0,0,0,P4_high_PDU_high_ATT,high PDU / high attention difficulties,1,,,nback,n-back working-memory task,72a555d168ec,414,471,81.2,89.6,78.9,67.8,
IA_minimax_MiniMax-M2.5_20260603T032216Z,924ccc4e-10f2-4d0c-a607-41acc269ea55,3,minimax,MiniMax-M2.5,0.7,IA_cue_competition_C000_no_cue_P4_high_PDU_high_ATT_nback,11,1,2026-06-03T03:30:15.929212+00:00,cue_competition,C000_no_cue,no-cue,0,0,0,P4_high_PDU_high_ATT,high PDU / high attention difficulties,1,,,nback,n-back working-memory task,72a555d168ec,414,700,0.82,0.91,0.82,0.73,
IA_minimax_MiniMax-M2.5_20260603T032216Z,924ccc4e-10f2-4d0c-a607-41acc269ea55,3,minimax,MiniMax-M2.5,0.7,IA_cue_competition_C000_no_cue_P4_high_PDU_high_ATT_nback,12,2,2026-06-03T03:30:15.929212+00:00,cue_competition,C000_no_cue,no-cue,0,0,0,P4_high_PDU_high_ATT,high PDU / high attention difficulties,1,,,nback,n-back working-memory task,72a555d168ec,414,700,0.85,0.93,0.85,0.77,
IA_minimax_MiniMax-M2.5_20260603T032216Z,924ccc4e-10f2-4d0c-a607-41acc269ea55,3,minimax,MiniMax-M2.5,0.7,IA_cue_competition_C000_no_cue_P4_high_PDU_high_ATT_nback,13,3,2026-06-03T03:30:15.929212+00:00,cue_competition,C000_no_cue,no-cue,0,0,0,P4_high_PDU_high_ATT,high PDU / high attention difficulties,1,,,nback,n-back working-memory task,72a555d168ec,414,700,0.79,0.89,0.79,0.69,
IA_minimax_MiniMax-M2.5_20260603T032216Z,924ccc4e-10f2-4d0c-a607-41acc269ea55,3,minimax,MiniMax-M2.5,0.7,IA_cue_competition_C000_no_cue_P4_high_PDU_high_ATT_nback,14,4,2026-06-03T03:30:15.929212+00:00,cue_competition,C000_no_cue,no-cue,0,0,0,P4_high_PDU_high_ATT,high PDU / high attention difficulties,1,,,nback,n-back working-memory task,72a555d168ec,414,700,0.88,0.95,0.88,0.81,
IA_minimax_MiniMax-M2.5_20260603T032216Z,924ccc4e-10f2-4d0c-a607-41acc269ea55,3,minimax,MiniMax-M2.5,0.7,IA_cue_competition_C000_no_cue_P4_high_PDU_high_ATT_nback,15,5,2026-06-03T03:30:15.929212+00:00,cue_competition,C000_no_cue,no-cue,0,0,0,P4_high_PDU_high_ATT,high PDU / high attention difficulties,1,,,nback,n-back working-memory task,72a555d168ec,414,700,0.83,0.92,0.83,0.74,
IA_minimax_MiniMax-M2.5_20260603T032216Z,2bde323c-a955-4330-8025-b0eb8b2b3aed,4,minimax,MiniMax-M2.5,0.7,IA_cue_competition_C000_no_cue_P4_high_PDU_high_ATT_nback,16,1,2026-06-03T03:30:22.677379+00:00,cue_competition,C000_no_cue,no-cue,0,0,0,P4_high_PDU_high_ATT,high PDU / high attention difficulties,1,,,nback,n-back working-memory task,72a555d168ec,414,630,88,95,87,78,
IA_minimax_MiniMax-M2.5_20260603T032216Z,2bde323c-a955-4330-8025-b0eb8b2b3aed,4,minimax,MiniMax-M2.5,0.7,IA_cue_competition_C000_no_cue_P4_high_PDU_high_ATT_nback,17,2,2026-06-03T03:30:22.677379+00:00,cue_competition,C000_no_cue,no-cue,0,0,0,P4_high_PDU_high_ATT,high PDU / high attention difficulties,1,,,nback,n-back working-memory task,72a555d168ec,414,630,85,93,84,76,
IA_minimax_MiniMax-M2.5_20260603T032216Z,2bde323c-a955-4330-8025-b0eb8b2b3aed,4,minimax,MiniMax-M2.5,0.7,IA_cue_competition_C000_no_cue_P4_high_PDU_high_ATT_nback,18,3,2026-06-03T03:30:22.678387+00:00,cue_competition,C000_no_cue,no-cue,0,0,0,P4_high_PDU_high_ATT,high PDU / high attention difficulties,1,,,nback,n-back working-memory task,72a555d168ec,414,630,90,96,89,82,
IA_minimax_MiniMax-M2.5_20260603T032216Z,2bde323c-a955-4330-8025-b0eb8b2b3aed,4,minimax,MiniMax-M2.5,0.7,IA_cue_competition_C000_no_cue_P4_high_PDU_high_ATT_nback,19,4,2026-06-03T03:30:22.678387+00:00,cue_competition,C000_no_cue,no-cue,0,0,0,P4_high_PDU_high_ATT,high PDU / high attention difficulties,1,,,nback,n-back working-memory task,72a555d168ec,414,630,86,94,85,77,
IA_minimax_MiniMax-M2.5_20260603T032216Z,2bde323c-a955-4330-8025-b0eb8b2b3aed,4,minimax,MiniMax-M2.5,0.7,IA_cue_competition_C000_no_cue_P4_high_PDU_high_ATT_nback,20,5,2026-06-03T03:30:22.678387+00:00,cue_competition,C000_no_cue,no-cue,0,0,0,P4_high_PDU_high_ATT,high PDU / high attention difficulties,1,,,nback,n-back working-memory task,72a555d168ec,414,630,87,95,86,79,
IA_minimax_MiniMax-M2.5_20260603T032216Z,1fe17e17-3e9e-4a35-91cb-d1e86da6d037,1,minimax,MiniMax-M2.5,0.7,IA_cue_competition_C000_no_cue_P4_high_PDU_high_ATT_bart,1,1,2026-06-03T03:30:28.780062+00:00,cue_competition,C000_no_cue,no-cue,0,0,0,P4_high_PDU_high_ATT,high PDU / high attention difficulties,1,,,bart,Balloon Analogue Risk Task,5614fc586c33,408,487,24,18,3,0.52,
IA_minimax_MiniMax-M2.5_20260603T032216Z,1fe17e17-3e9e-4a35-91cb-d1e86da6d037,1,minimax,MiniMax-M2.5,0.7,IA_cue_competition_C000_no_cue_P4_high_PDU_high_ATT_bart,2,2,2026-06-03T03:30:28.781058+00:00,cue_competition,C000_no_cue,no-cue,0,0,0,P4_high_PDU_high_ATT,high PDU / high attention difficulties,1,,,bart,Balloon Analogue Risk Task,5614fc586c33,408,487,31,24,2,0.61,
IA_minimax_MiniMax-M2.5_20260603T032216Z,1fe17e17-3e9e-4a35-91cb-d1e86da6d037,1,minimax,MiniMax-M2.5,0.7,IA_cue_competition_C000_no_cue_P4_high_PDU_high_ATT_bart,3,3,2026-06-03T03:30:28.781058+00:00,cue_competition,C000_no_cue,no-cue,0,0,0,P4_high_PDU_high_ATT,high PDU / high attention difficulties,1,,,bart,Balloon Analogue Risk Task,5614fc586c33,408,487,19,12,4,0.38,
IA_minimax_MiniMax-M2.5_20260603T032216Z,1fe17e17-3e9e-4a35-91cb-d1e86da6d037,1,minimax,MiniMax-M2.5,0.7,IA_cue_competition_C000_no_cue_P4_high_PDU_high_ATT_bart,4,4,2026-06-03T03:30:28.781058+00:00,cue_competition,C000_no_cue,no-cue,0,0,0,P4_high_PDU_high_ATT,high PDU / high attention difficulties,1,,,bart,Balloon Analogue Risk Task,5614fc586c33,408,487,28,21,2,0.55,
IA_minimax_MiniMax-M2.5_20260603T032216Z,1fe17e17-3e9e-4a35-91cb-d1e86da6d037,1,minimax,MiniMax-M2.5,0.7,IA_cue_competition_C000_no_cue_P4_high_PDU_high_ATT_bart,5,5,2026-06-03T03:30:28.781058+00:00,cue_competition,C000_no_cue,no-cue,0,0,0,P4_high_PDU_high_ATT,high PDU / high attention difficulties,1,,,bart,Balloon Analogue Risk Task,5614fc586c33,408,487,22,15,3,0.47,
IA_minimax_MiniMax-M2.5_20260603T032216Z,c38053aa-b9ec-4e8d-97ca-e3cc79659b08,2,minimax,MiniMax-M2.5,0.7,IA_cue_competition_C000_no_cue_P4_high_PDU_high_ATT_bart,6,1,2026-06-03T03:30:38.177333+00:00,cue_competition,C000_no_cue,no-cue,0,0,0,P4_high_PDU_high_ATT,high PDU / high attention difficulties,1,,,bart,Balloon Analogue Risk Task,5614fc586c33,408,793,35,25,3,0.58,
IA_minimax_MiniMax-M2.5_20260603T032216Z,c38053aa-b9ec-4e8d-97ca-e3cc79659b08,2,minimax,MiniMax-M2.5,0.7,IA_cue_competition_C000_no_cue_P4_high_PDU_high_ATT_bart,7,2,2026-06-03T03:30:38.177333+00:00,cue_competition,C000_no_cue,no-cue,0,0,0,P4_high_PDU_high_ATT,high PDU / high attention difficulties,1,,,bart,Balloon Analogue Risk Task,5614fc586c33,408,793,22,38,1,0.4,
IA_minimax_MiniMax-M2.5_20260603T032216Z,c38053aa-b9ec-4e8d-97ca-e3cc79659b08,2,minimax,MiniMax-M2.5,0.7,IA_cue_competition_C000_no_cue_P4_high_PDU_high_ATT_bart,8,3,2026-06-03T03:30:38.177333+00:00,cue_competition,C000_no_cue,no-cue,0,0,0,P4_high_PDU_high_ATT,high PDU / high attention difficulties,1,,,bart,Balloon Analogue Risk Task,5614fc586c33,408,793,48,12,5,0.78,
IA_minimax_MiniMax-M2.5_20260603T032216Z,c38053aa-b9ec-4e8d-97ca-e3cc79659b08,2,minimax,MiniMax-M2.5,0.7,IA_cue_competition_C000_no_cue_P4_high_PDU_high_ATT_bart,9,4,2026-06-03T03:30:38.177333+00:00,cue_competition,C000_no_cue,no-cue,0,0,0,P4_high_PDU_high_ATT,high PDU / high attention difficulties,1,,,bart,Balloon Analogue Risk Task,5614fc586c33,408,793,18,45,0,0.32,
IA_minimax_MiniMax-M2.5_20260603T032216Z,c38053aa-b9ec-4e8d-97ca-e3cc79659b08,2,minimax,MiniMax-M2.5,0.7,IA_cue_competition_C000_no_cue_P4_high_PDU_high_ATT_bart,10,5,2026-06-03T03:30:38.177333+00:00,cue_competition,C000_no_cue,no-cue,0,0,0,P4_high_PDU_high_ATT,high PDU / high attention difficulties,1,,,bart,Balloon Analogue Risk Task,5614fc586c33,408,793,30,30,2,0.52,
IA_minimax_MiniMax-M2.5_20260603T032216Z,74325106-5746-4cb4-8a6a-4d6133a26ef4,3,minimax,MiniMax-M2.5,0.7,IA_cue_competition_C000_no_cue_P4_high_PDU_high_ATT_bart,11,1,2026-06-03T03:30:49.068810+00:00,cue_competition,C000_no_cue,no-cue,0,0,0,P4_high_PDU_high_ATT,high PDU / high attention difficulties,1,,,bart,Balloon Analogue Risk Task,5614fc586c33,408,779,35,18.5,2,0.55,
IA_minimax_MiniMax-M2.5_20260603T032216Z,74325106-5746-4cb4-8a6a-4d6133a26ef4,3,minimax,MiniMax-M2.5,0.7,IA_cue_competition_C000_no_cue_P4_high_PDU_high_ATT_bart,12,2,2026-06-03T03:30:49.068810+00:00,cue_competition,C000_no_cue,no-cue,0,0,0,P4_high_PDU_high_ATT,high PDU / high attention difficulties,1,,,bart,Balloon Analogue Risk Task,5614fc586c33,408,779,28,21,3,0.42,
IA_minimax_MiniMax-M2.5_20260603T032216Z,74325106-5746-4cb4-8a6a-4d6133a26ef4,3,minimax,MiniMax-M2.5,0.7,IA_cue_competition_C000_no_cue_P4_high_PDU_high_ATT_bart,13,3,2026-06-03T03:30:49.068810+00:00,cue_competition,C000_no_cue,no-cue,0,0,0,P4_high_PDU_high_ATT,high PDU / high attention difficulties,1,,,bart,Balloon Analogue Risk Task,5614fc586c33,408,779,42,16.25,1,0.62,
IA_minimax_MiniMax-M2.5_20260603T032216Z,74325106-5746-4cb4-8a6a-4d6133a26ef4,3,minimax,MiniMax-M2.5,0.7,IA_cue_competition_C000_no_cue_P4_high_PDU_high_ATT_bart,14,4,2026-06-03T03:30:49.068810+00:00,cue_competition,C000_no_cue,no-cue,0,0,0,P4_high_PDU_high_ATT,high PDU / high attention difficulties,1,,,bart,Balloon Analogue Risk Task,5614fc586c33,408,779,52,12.75,1,0.78,
IA_minimax_MiniMax-M2.5_20260603T032216Z,74325106-5746-4cb4-8a6a-4d6133a26ef4,3,minimax,MiniMax-M2.5,0.7,IA_cue_competition_C000_no_cue_P4_high_PDU_high_ATT_bart,15,5,2026-06-03T03:30:49.068810+00:00,cue_competition,C000_no_cue,no-cue,0,0,0,P4_high_PDU_high_ATT,high PDU / high attention difficulties,1,,,bart,Balloon Analogue Risk Task,5614fc586c33,408,779,22,24.5,4,0.31,
IA_minimax_MiniMax-M2.5_20260603T032216Z,a9b337e1-e26f-4110-83b1-257c39bf55d0,4,minimax,MiniMax-M2.5,0.7,IA_cue_competition_C000_no_cue_P4_high_PDU_high_ATT_bart,16,1,2026-06-03T03:30:57.471517+00:00,cue_competition,C000_no_cue,no-cue,0,0,0,P4_high_PDU_high_ATT,high PDU / high attention difficulties,1,,,bart,Balloon Analogue Risk Task,5614fc586c33,408,791,42,38,2,0.52,
IA_minimax_MiniMax-M2.5_20260603T032216Z,a9b337e1-e26f-4110-83b1-257c39bf55d0,4,minimax,MiniMax-M2.5,0.7,IA_cue_competition_C000_no_cue_P4_high_PDU_high_ATT_bart,17,2,2026-06-03T03:30:57.471517+00:00,cue_competition,C000_no_cue,no-cue,0,0,0,P4_high_PDU_high_ATT,high PDU / high attention difficulties,1,,,bart,Balloon Analogue Risk Task,5614fc586c33,408,791,68,22,4,0.78,
IA_minimax_MiniMax-M2.5_20260603T032216Z,a9b337e1-e26f-4110-83b1-257c39bf55d0,4,minimax,MiniMax-M2.5,0.7,IA_cue_competition_C000_no_cue_P4_high_PDU_high_ATT_bart,18,3,2026-06-03T03:30:57.471517+00:00,cue_competition,C000_no_cue,no-cue,0,0,0,P4_high_PDU_high_ATT,high PDU / high attention difficulties,1,,,bart,Balloon Analogue Risk Task,5614fc586c33,408,791,28,42,1,0.38,
IA_minimax_MiniMax-M2.5_20260603T032216Z,a9b337e1-e26f-4110-83b1-257c39bf55d0,4,minimax,MiniMax-M2.5,0.7,IA_cue_competition_C000_no_cue_P4_high_PDU_high_ATT_bart,19,4,2026-06-03T03:30:57.471517+00:00,cue_competition,C000_no_cue,no-cue,0,0,0,P4_high_PDU_high_ATT,high PDU / high attention difficulties,1,,,bart,Balloon Analogue Risk Task,5614fc586c33,408,791,55,31,3,0.64,
IA_minimax_MiniMax-M2.5_20260603T032216Z,a9b337e1-e26f-4110-83b1-257c39bf55d0,4,minimax,MiniMax-M2.5,0.7,IA_cue_competition_C000_no_cue_P4_high_PDU_high_ATT_bart,20,5,2026-06-03T03:30:57.471517+00:00,cue_competition,C000_no_cue,no-cue,0,0,0,P4_high_PDU_high_ATT,high PDU / high attention difficulties,1,,,bart,Balloon Analogue Risk Task,5614fc586c33,408,791,18,47,0,0.24,
IA_minimax_MiniMax-M2.5_20260603T032216Z,60489791-6edb-4d07-9cc4-8a820d2bc648,1,minimax,MiniMax-M2.5,0.7,IA_cue_competition_C000_no_cue_P4_high_PDU_high_ATT_ddt,1,1,2026-06-03T03:31:03.849928+00:00,cue_competition,C000_no_cue,no-cue,0,0,0,P4_high_PDU_high_ATT,high PDU / high attention difficulties,1,,,ddt,Delay Discounting Task,2252fc529908,391,511,0.025,-3.689,0.42,,
IA_minimax_MiniMax-M2.5_20260603T032216Z,60489791-6edb-4d07-9cc4-8a820d2bc648,1,minimax,MiniMax-M2.5,0.7,IA_cue_competition_C000_no_cue_P4_high_PDU_high_ATT_ddt,2,2,2026-06-03T03:31:03.849928+00:00,cue_competition,C000_no_cue,no-cue,0,0,0,P4_high_PDU_high_ATT,high PDU / high attention difficulties,1,,,ddt,Delay Discounting Task,2252fc529908,391,511,0.045,-3.102,0.48,,
IA_minimax_MiniMax-M2.5_20260603T032216Z,60489791-6edb-4d07-9cc4-8a820d2bc648,1,minimax,MiniMax-M2.5,0.7,IA_cue_competition_C000_no_cue_P4_high_PDU_high_ATT_ddt,3,3,2026-06-03T03:31:03.849928+00:00,cue_competition,C000_no_cue,no-cue,0,0,0,P4_high_PDU_high_ATT,high PDU / high attention difficulties,1,,,ddt,Delay Discounting Task,2252fc529908,391,511,0.018,-4.017,0.38,,
IA_minimax_MiniMax-M2.5_20260603T032216Z,60489791-6edb-4d07-9cc4-8a820d2bc648,1,minimax,MiniMax-M2.5,0.7,IA_cue_competition_C000_no_cue_P4_high_PDU_high_ATT_ddt,4,4,2026-06-03T03:31:03.850935+00:00,cue_competition,C000_no_cue,no-cue,0,0,0,P4_high_PDU_high_ATT,high PDU / high attention difficulties,1,,,ddt,Delay Discounting Task,2252fc529908,391,511,0.062,-2.779,0.55,,
IA_minimax_MiniMax-M2.5_20260603T032216Z,60489791-6edb-4d07-9cc4-8a820d2bc648,1,minimax,MiniMax-M2.5,0.7,IA_cue_competition_C000_no_cue_P4_high_PDU_high_ATT_ddt,5,5,2026-06-03T03:31:03.850935+00:00,cue_competition,C000_no_cue,no-cue,0,0,0,P4_high_PDU_high_ATT,high PDU / high attention difficulties,1,,,ddt,Delay Discounting Task,2252fc529908,391,511,0.035,-3.352,0.45,,
IA_minimax_MiniMax-M2.5_20260603T032216Z,5e37f3a6-9ba6-425d-ae12-4e13094d8ff5,2,minimax,MiniMax-M2.5,0.7,IA_cue_competition_C000_no_cue_P4_high_PDU_high_ATT_ddt,6,1,2026-06-03T03:31:12.056996+00:00,cue_competition,C000_no_cue,no-cue,0,0,0,P4_high_PDU_high_ATT,high PDU / high attention difficulties,1,,,ddt,Delay Discounting Task,2252fc529908,391,562,0.025,-3.689,0.45,,
IA_minimax_MiniMax-M2.5_20260603T032216Z,5e37f3a6-9ba6-425d-ae12-4e13094d8ff5,2,minimax,MiniMax-M2.5,0.7,IA_cue_competition_C000_no_cue_P4_high_PDU_high_ATT_ddt,7,2,2026-06-03T03:31:12.056996+00:00,cue_competition,C000_no_cue,no-cue,0,0,0,P4_high_PDU_high_ATT,high PDU / high attention difficulties,1,,,ddt,Delay Discounting Task,2252fc529908,391,562,0.035,-3.352,0.52,,
IA_minimax_MiniMax-M2.5_20260603T032216Z,5e37f3a6-9ba6-425d-ae12-4e13094d8ff5,2,minimax,MiniMax-M2.5,0.7,IA_cue_competition_C000_no_cue_P4_high_PDU_high_ATT_ddt,8,3,2026-06-03T03:31:12.056996+00:00,cue_competition,C000_no_cue,no-cue,0,0,0,P4_high_PDU_high_ATT,high PDU / high attention difficulties,1,,,ddt,Delay Discounting Task,2252fc529908,391,562,0.018,-4.017,0.38,,
IA_minimax_MiniMax-M2.5_20260603T032216Z,5e37f3a6-9ba6-425d-ae12-4e13094d8ff5,2,minimax,MiniMax-M2.5,0.7,IA_cue_competition_C000_no_cue_P4_high_PDU_high_ATT_ddt,9,4,2026-06-03T03:31:12.056996+00:00,cue_competition,C000_no_cue,no-cue,0,0,0,P4_high_PDU_high_ATT,high PDU / high attention difficulties,1,,,ddt,Delay Discounting Task,2252fc529908,391,562,0.042,-3.17,0.55,,
IA_minimax_MiniMax-M2.5_20260603T032216Z,5e37f3a6-9ba6-425d-ae12-4e13094d8ff5,2,minimax,MiniMax-M2.5,0.7,IA_cue_competition_C000_no_cue_P4_high_PDU_high_ATT_ddt,10,5,2026-06-03T03:31:12.056996+00:00,cue_competition,C000_no_cue,no-cue,0,0,0,P4_high_PDU_high_ATT,high PDU / high attention difficulties,1,,,ddt,Delay Discounting Task,2252fc529908,391,562,0.012,-4.423,0.32,,
IA_minimax_MiniMax-M2.5_20260603T032216Z,f7113d36-673f-4149-a864-06ea84b65284,3,minimax,MiniMax-M2.5,0.7,IA_cue_competition_C000_no_cue_P4_high_PDU_high_ATT_ddt,11,1,2026-06-03T03:31:20.701081+00:00,cue_competition,C000_no_cue,no-cue,0,0,0,P4_high_PDU_high_ATT,high PDU / high attention difficulties,1,,,ddt,Delay Discounting Task,2252fc529908,391,728,0.015,-4.2,0.35,,
IA_minimax_MiniMax-M2.5_20260603T032216Z,f7113d36-673f-4149-a864-06ea84b65284,3,minimax,MiniMax-M2.5,0.7,IA_cue_competition_C000_no_cue_P4_high_PDU_high_ATT_ddt,12,2,2026-06-03T03:31:20.702092+00:00,cue_competition,C000_no_cue,no-cue,0,0,0,P4_high_PDU_high_ATT,high PDU / high attention difficulties,1,,,ddt,Delay Discounting Task,2252fc529908,391,728,0.022,-3.8,0.42,,
IA_minimax_MiniMax-M2.5_20260603T032216Z,f7113d36-673f-4149-a864-06ea84b65284,3,minimax,MiniMax-M2.5,0.7,IA_cue_competition_C000_no_cue_P4_high_PDU_high_ATT_ddt,13,3,2026-06-03T03:31:20.702092+00:00,cue_competition,C000_no_cue,no-cue,0,0,0,P4_high_PDU_high_ATT,high PDU / high attention difficulties,1,,,ddt,Delay Discounting Task,2252fc529908,391,728,0.008,-4.8,0.28,,
IA_minimax_MiniMax-M2.5_20260603T032216Z,f7113d36-673f-4149-a864-06ea84b65284,3,minimax,MiniMax-M2.5,0.7,IA_cue_competition_C000_no_cue_P4_high_PDU_high_ATT_ddt,14,4,2026-06-03T03:31:20.702092+00:00,cue_competition,C000_no_cue,no-cue,0,0,0,P4_high_PDU_high_ATT,high PDU / high attention difficulties,1,,,ddt,Delay Discounting Task,2252fc529908,391,728,0.035,-3.35,0.48,,
IA_minimax_MiniMax-M2.5_20260603T032216Z,f7113d36-673f-4149-a864-06ea84b65284,3,minimax,MiniMax-M2.5,0.7,IA_cue_competition_C000_no_cue_P4_high_PDU_high_ATT_ddt,15,5,2026-06-03T03:31:20.702092+00:00,cue_competition,C000_no_cue,no-cue,0,0,0,P4_high_PDU_high_ATT,high PDU / high attention difficulties,1,,,ddt,Delay Discounting Task,2252fc529908,391,728,0.012,-4.42,0.32,,
IA_minimax_MiniMax-M2.5_20260603T032216Z,299dca41-1f11-4669-8fe4-9f2f84492a4a,4,minimax,MiniMax-M2.5,0.7,IA_cue_competition_C000_no_cue_P4_high_PDU_high_ATT_ddt,16,1,2026-06-03T03:31:31.117518+00:00,cue_competition,C000_no_cue,no-cue,0,0,0,P4_high_PDU_high_ATT,high PDU / high attention difficulties,1,,,ddt,Delay Discounting Task,2252fc529908,391,731,0.012,-4.423,0.42,,
IA_minimax_MiniMax-M2.5_20260603T032216Z,299dca41-1f11-4669-8fe4-9f2f84492a4a,4,minimax,MiniMax-M2.5,0.7,IA_cue_competition_C000_no_cue_P4_high_PDU_high_ATT_ddt,17,2,2026-06-03T03:31:31.117518+00:00,cue_competition,C000_no_cue,no-cue,0,0,0,P4_high_PDU_high_ATT,high PDU / high attention difficulties,1,,,ddt,Delay Discounting Task,2252fc529908,391,731,0.035,-3.352,0.38,,
IA_minimax_MiniMax-M2.5_20260603T032216Z,299dca41-1f11-4669-8fe4-9f2f84492a4a,4,minimax,MiniMax-M2.5,0.7,IA_cue_competition_C000_no_cue_P4_high_PDU_high_ATT_ddt,18,3,2026-06-03T03:31:31.117518+00:00,cue_competition,C000_no_cue,no-cue,0,0,0,P4_high_PDU_high_ATT,high PDU / high attention difficulties,1,,,ddt,Delay Discounting Task,2252fc529908,391,731,0.008,-4.828,0.45,,
IA_minimax_MiniMax-M2.5_20260603T032216Z,299dca41-1f11-4669-8fe4-9f2f84492a4a,4,minimax,MiniMax-M2.5,0.7,IA_cue_competition_C000_no_cue_P4_high_PDU_high_ATT_ddt,19,4,2026-06-03T03:31:31.117518+00:00,cue_competition,C000_no_cue,no-cue,0,0,0,P4_high_PDU_high_ATT,high PDU / high attention difficulties,1,,,ddt,Delay Discounting Task,2252fc529908,391,731,0.065,-2.733,0.35,,
IA_minimax_MiniMax-M2.5_20260603T032216Z,299dca41-1f11-4669-8fe4-9f2f84492a4a,4,minimax,MiniMax-M2.5,0.7,IA_cue_competition_C000_no_cue_P4_high_PDU_high_ATT_ddt,20,5,2026-06-03T03:31:31.117518+00:00,cue_competition,C000_no_cue,no-cue,0,0,0,P4_high_PDU_high_ATT,high PDU / high attention difficulties,1,,,ddt,Delay Discounting Task,2252fc529908,391,731,0.022,-3.817,0.4,,
IA_minimax_MiniMax-M2.5_20260603T032216Z,dea71f7f-3591-4e9c-b559-0a0971a70041,1,minimax,MiniMax-M2.5,0.7,IA_cue_competition_C000_no_cue_P4_high_PDU_high_ATT_questionnaire,1,1,2026-06-03T03:31:40.773326+00:00,cue_competition,C000_no_cue,no-cue,0,0,0,P4_high_PDU_high_ATT,high PDU / high attention difficulties,1,,,questionnaire,questionnaire-profile prediction,616d06dc57d1,419,819,25,15,8,2,1
IA_minimax_MiniMax-M2.5_20260603T032216Z,dea71f7f-3591-4e9c-b559-0a0971a70041,1,minimax,MiniMax-M2.5,0.7,IA_cue_competition_C000_no_cue_P4_high_PDU_high_ATT_questionnaire,2,2,2026-06-03T03:31:40.773326+00:00,cue_competition,C000_no_cue,no-cue,0,0,0,P4_high_PDU_high_ATT,high PDU / high attention difficulties,1,,,questionnaire,questionnaire-profile prediction,616d06dc57d1,419,819,32,22,12,3,2
IA_minimax_MiniMax-M2.5_20260603T032216Z,dea71f7f-3591-4e9c-b559-0a0971a70041,1,minimax,MiniMax-M2.5,0.7,IA_cue_competition_C000_no_cue_P4_high_PDU_high_ATT_questionnaire,3,3,2026-06-03T03:31:40.774830+00:00,cue_competition,C000_no_cue,no-cue,0,0,0,P4_high_PDU_high_ATT,high PDU / high attention difficulties,1,,,questionnaire,questionnaire-profile prediction,616d06dc57d1,419,819,18,12,6,1,1
IA_minimax_MiniMax-M2.5_20260603T032216Z,dea71f7f-3591-4e9c-b559-0a0971a70041,1,minimax,MiniMax-M2.5,0.7,IA_cue_competition_C000_no_cue_P4_high_PDU_high_ATT_questionnaire,4,4,2026-06-03T03:31:40.774830+00:00,cue_competition,C000_no_cue,no-cue,0,0,0,P4_high_PDU_high_ATT,high PDU / high attention difficulties,1,,,questionnaire,questionnaire-profile prediction,616d06dc57d1,419,819,28,19,10,2,2
IA_minimax_MiniMax-M2.5_20260603T032216Z,dea71f7f-3591-4e9c-b559-0a0971a70041,1,minimax,MiniMax-M2.5,0.7,IA_cue_competition_C000_no_cue_P4_high_PDU_high_ATT_questionnaire,5,5,2026-06-03T03:31:40.774830+00:00,cue_competition,C000_no_cue,no-cue,0,0,0,P4_high_PDU_high_ATT,high PDU / high attention difficulties,1,,,questionnaire,questionnaire-profile prediction,616d06dc57d1,419,819,22,14,7,2,1
IA_minimax_MiniMax-M2.5_20260603T032216Z,03aef1d1-5866-4c3c-9e5b-04a78835a156,2,minimax,MiniMax-M2.5,0.7,IA_cue_competition_C000_no_cue_P4_high_PDU_high_ATT_questionnaire,6,1,2026-06-03T03:31:50.836539+00:00,cue_competition,C000_no_cue,no-cue,0,0,0,P4_high_PDU_high_ATT,high PDU / high attention difficulties,1,,,questionnaire,questionnaire-profile prediction,616d06dc57d1,419,718,12,8,15,3,2
IA_minimax_MiniMax-M2.5_20260603T032216Z,03aef1d1-5866-4c3c-9e5b-04a78835a156,2,minimax,MiniMax-M2.5,0.7,IA_cue_competition_C000_no_cue_P4_high_PDU_high_ATT_questionnaire,7,2,2026-06-03T03:31:50.836539+00:00,cue_competition,C000_no_cue,no-cue,0,0,0,P4_high_PDU_high_ATT,high PDU / high attention difficulties,1,,,questionnaire,questionnaire-profile prediction,616d06dc57d1,419,718,15,11,18,4,3
IA_minimax_MiniMax-M2.5_20260603T032216Z,03aef1d1-5866-4c3c-9e5b-04a78835a156,2,minimax,MiniMax-M2.5,0.7,IA_cue_competition_C000_no_cue_P4_high_PDU_high_ATT_questionnaire,8,3,2026-06-03T03:31:50.836539+00:00,cue_competition,C000_no_cue,no-cue,0,0,0,P4_high_PDU_high_ATT,high PDU / high attention difficulties,1,,,questionnaire,questionnaire-profile prediction,616d06dc57d1,419,718,9,6,12,2,1
IA_minimax_MiniMax-M2.5_20260603T032216Z,03aef1d1-5866-4c3c-9e5b-04a78835a156,2,minimax,MiniMax-M2.5,0.7,IA_cue_competition_C000_no_cue_P4_high_PDU_high_ATT_questionnaire,9,4,2026-06-03T03:31:50.836539+00:00,cue_competition,C000_no_cue,no-cue,0,0,0,P4_high_PDU_high_ATT,high PDU / high attention difficulties,1,,,questionnaire,questionnaire-profile prediction,616d06dc57d1,419,718,18,14,21,5,4
IA_minimax_MiniMax-M2.5_20260603T032216Z,03aef1d1-5866-4c3c-9e5b-04a78835a156,2,minimax,MiniMax-M2.5,0.7,IA_cue_competition_C000_no_cue_P4_high_PDU_high_ATT_questionnaire,10,5,2026-06-03T03:31:50.836539+00:00,cue_competition,C000_no_cue,no-cue,0,0,0,P4_high_PDU_high_ATT,high PDU / high attention difficulties,1,,,questionnaire,questionnaire-profile prediction,616d06dc57d1,419,718,14,10,16,4,2
IA_minimax_MiniMax-M2.5_20260603T032216Z,f64e5957-2695-4fa3-9cf1-0e3af6908484,3,minimax,MiniMax-M2.5,0.7,IA_cue_competition_C000_no_cue_P4_high_PDU_high_ATT_questionnaire,11,1,2026-06-03T03:31:59.267963+00:00,cue_competition,C000_no_cue,no-cue,0,0,0,P4_high_PDU_high_ATT,high PDU / high attention difficulties,1,,,questionnaire,questionnaire-profile prediction,616d06dc57d1,419,745,28,32,24,5,4
IA_minimax_MiniMax-M2.5_20260603T032216Z,f64e5957-2695-4fa3-9cf1-0e3af6908484,3,minimax,MiniMax-M2.5,0.7,IA_cue_competition_C000_no_cue_P4_high_PDU_high_ATT_questionnaire,12,2,2026-06-03T03:31:59.268974+00:00,cue_competition,C000_no_cue,no-cue,0,0,0,P4_high_PDU_high_ATT,high PDU / high attention difficulties,1,,,questionnaire,questionnaire-profile prediction,616d06dc57d1,419,745,35,28,31,7,6
IA_minimax_MiniMax-M2.5_20260603T032216Z,f64e5957-2695-4fa3-9cf1-0e3af6908484,3,minimax,MiniMax-M2.5,0.7,IA_cue_competition_C000_no_cue_P4_high_PDU_high_ATT_questionnaire,13,3,2026-06-03T03:31:59.268974+00:00,cue_competition,C000_no_cue,no-cue,0,0,0,P4_high_PDU_high_ATT,high PDU / high attention difficulties,1,,,questionnaire,questionnaire-profile prediction,616d06dc57d1,419,745,22,35,19,4,3
IA_minimax_MiniMax-M2.5_20260603T032216Z,f64e5957-2695-4fa3-9cf1-0e3af6908484,3,minimax,MiniMax-M2.5,0.7,IA_cue_competition_C000_no_cue_P4_high_PDU_high_ATT_questionnaire,14,4,2026-06-03T03:31:59.268974+00:00,cue_competition,C000_no_cue,no-cue,0,0,0,P4_high_PDU_high_ATT,high PDU / high attention difficulties,1,,,questionnaire,questionnaire-profile prediction,616d06dc57d1,419,745,41,38,35,8,7
IA_minimax_MiniMax-M2.5_20260603T032216Z,f64e5957-2695-4fa3-9cf1-0e3af6908484,3,minimax,MiniMax-M2.5,0.7,IA_cue_competition_C000_no_cue_P4_high_PDU_high_ATT_questionnaire,15,5,2026-06-03T03:31:59.268974+00:00,cue_competition,C000_no_cue,no-cue,0,0,0,P4_high_PDU_high_ATT,high PDU / high attention difficulties,1,,,questionnaire,questionnaire-profile prediction,616d06dc57d1,419,745,31,25,27,6,5
IA_minimax_MiniMax-M2.5_20260603T032216Z,716e0337-6924-4c95-b517-ad4d39ec3d9f,4,minimax,MiniMax-M2.5,0.7,IA_cue_competition_C000_no_cue_P4_high_PDU_high_ATT_questionnaire,16,1,2026-06-03T03:32:08.109059+00:00,cue_competition,C000_no_cue,no-cue,0,0,0,P4_high_PDU_high_ATT,high PDU / high attention difficulties,1,,,questionnaire,questionnaire-profile prediction,616d06dc57d1,419,869,45,32,38,12,8
IA_minimax_MiniMax-M2.5_20260603T032216Z,716e0337-6924-4c95-b517-ad4d39ec3d9f,4,minimax,MiniMax-M2.5,0.7,IA_cue_competition_C000_no_cue_P4_high_PDU_high_ATT_questionnaire,17,2,2026-06-03T03:32:08.109677+00:00,cue_competition,C000_no_cue,no-cue,0,0,0,P4_high_PDU_high_ATT,high PDU / high attention difficulties,1,,,questionnaire,questionnaire-profile prediction,616d06dc57d1,419,869,52,41,45,15,11
IA_minimax_MiniMax-M2.5_20260603T032216Z,716e0337-6924-4c95-b517-ad4d39ec3d9f,4,minimax,MiniMax-M2.5,0.7,IA_cue_competition_C000_no_cue_P4_high_PDU_high_ATT_questionnaire,18,3,2026-06-03T03:32:08.109677+00:00,cue_competition,C000_no_cue,no-cue,0,0,0,P4_high_PDU_high_ATT,high PDU / high attention difficulties,1,,,questionnaire,questionnaire-profile prediction,616d06dc57d1,419,869,38,28,31,9,6
IA_minimax_MiniMax-M2.5_20260603T032216Z,716e0337-6924-4c95-b517-ad4d39ec3d9f,4,minimax,MiniMax-M2.5,0.7,IA_cue_competition_C000_no_cue_P4_high_PDU_high_ATT_questionnaire,19,4,2026-06-03T03:32:08.109677+00:00,cue_competition,C000_no_cue,no-cue,0,0,0,P4_high_PDU_high_ATT,high PDU / high attention difficulties,1,,,questionnaire,questionnaire-profile prediction,616d06dc57d1,419,869,61,47,52,18,14
IA_minimax_MiniMax-M2.5_20260603T032216Z,716e0337-6924-4c95-b517-ad4d39ec3d9f,4,minimax,MiniMax-M2.5,0.7,IA_cue_competition_C000_no_cue_P4_high_PDU_high_ATT_questionnaire,20,5,2026-06-03T03:32:08.109677+00:00,cue_competition,C000_no_cue,no-cue,0,0,0,P4_high_PDU_high_ATT,high PDU / high attention difficulties,1,,,questionnaire,questionnaire-profile prediction,616d06dc57d1,419,869,49,36,42,13,9
IA_minimax_MiniMax-M2.5_20260603T032216Z,c1d46b8a-82c6-47d9-a450-788f25608f63,1,minimax,MiniMax-M2.5,0.7,IA_cue_competition_C000_no_cue_P5_high_ATT_low_PDU_stroop,1,1,2026-06-03T03:32:17.372431+00:00,cue_competition,C000_no_cue,no-cue,0,0,0,P5_high_ATT_low_PDU,high attention difficulties / low PDU,0,,,stroop,Stroop color-word task,6f703e94333f,394,630,0.95,520,85,95,
IA_minimax_MiniMax-M2.5_20260603T032216Z,c1d46b8a-82c6-47d9-a450-788f25608f63,1,minimax,MiniMax-M2.5,0.7,IA_cue_competition_C000_no_cue_P5_high_ATT_low_PDU_stroop,2,2,2026-06-03T03:32:17.372431+00:00,cue_competition,C000_no_cue,no-cue,0,0,0,P5_high_ATT_low_PDU,high attention difficulties / low PDU,0,,,stroop,Stroop color-word task,6f703e94333f,394,630,0.93,545,92,108,
IA_minimax_MiniMax-M2.5_20260603T032216Z,c1d46b8a-82c6-47d9-a450-788f25608f63,1,minimax,MiniMax-M2.5,0.7,IA_cue_competition_C000_no_cue_P5_high_ATT_low_PDU_stroop,3,3,2026-06-03T03:32:17.372431+00:00,cue_competition,C000_no_cue,no-cue,0,0,0,P5_high_ATT_low_PDU,high attention difficulties / low PDU,0,,,stroop,Stroop color-word task,6f703e94333f,394,630,0.96,498,78,85,
IA_minimax_MiniMax-M2.5_20260603T032216Z,c1d46b8a-82c6-47d9-a450-788f25608f63,1,minimax,MiniMax-M2.5,0.7,IA_cue_competition_C000_no_cue_P5_high_ATT_low_PDU_stroop,4,4,2026-06-03T03:32:17.372431+00:00,cue_competition,C000_no_cue,no-cue,0,0,0,P5_high_ATT_low_PDU,high attention difficulties / low PDU,0,,,stroop,Stroop color-word task,6f703e94333f,394,630,0.94,568,98,115,
IA_minimax_MiniMax-M2.5_20260603T032216Z,c1d46b8a-82c6-47d9-a450-788f25608f63,1,minimax,MiniMax-M2.5,0.7,IA_cue_competition_C000_no_cue_P5_high_ATT_low_PDU_stroop,5,5,2026-06-03T03:32:17.372431+00:00,cue_competition,C000_no_cue,no-cue,0,0,0,P5_high_ATT_low_PDU,high attention difficulties / low PDU,0,,,stroop,Stroop color-word task,6f703e94333f,394,630,0.92,535,88,102,
IA_minimax_MiniMax-M2.5_20260603T032216Z,c4062899-b4a1-42f3-a298-93a4d0ebd3c1,2,minimax,MiniMax-M2.5,0.7,IA_cue_competition_C000_no_cue_P5_high_ATT_low_PDU_stroop,6,1,2026-06-03T03:32:26.356294+00:00,cue_competition,C000_no_cue,no-cue,0,0,0,P5_high_ATT_low_PDU,high attention difficulties / low PDU,0,,,stroop,Stroop color-word task,6f703e94333f,394,646,94.2,625,112,98,
IA_minimax_MiniMax-M2.5_20260603T032216Z,c4062899-b4a1-42f3-a298-93a4d0ebd3c1,2,minimax,MiniMax-M2.5,0.7,IA_cue_competition_C000_no_cue_P5_high_ATT_low_PDU_stroop,7,2,2026-06-03T03:32:26.356294+00:00,cue_competition,C000_no_cue,no-cue,0,0,0,P5_high_ATT_low_PDU,high attention difficulties / low PDU,0,,,stroop,Stroop color-word task,6f703e94333f,394,646,95.8,587,98,112,
IA_minimax_MiniMax-M2.5_20260603T032216Z,c4062899-b4a1-42f3-a298-93a4d0ebd3c1,2,minimax,MiniMax-M2.5,0.7,IA_cue_competition_C000_no_cue_P5_high_ATT_low_PDU_stroop,8,3,2026-06-03T03:32:26.356294+00:00,cue_competition,C000_no_cue,no-cue,0,0,0,P5_high_ATT_low_PDU,high attention difficulties / low PDU,0,,,stroop,Stroop color-word task,6f703e94333f,394,646,93.1,658,125,87,
IA_minimax_MiniMax-M2.5_20260603T032216Z,c4062899-b4a1-42f3-a298-93a4d0ebd3c1,2,minimax,MiniMax-M2.5,0.7,IA_cue_competition_C000_no_cue_P5_high_ATT_low_PDU_stroop,9,4,2026-06-03T03:32:26.356294+00:00,cue_competition,C000_no_cue,no-cue,0,0,0,P5_high_ATT_low_PDU,high attention difficulties / low PDU,0,,,stroop,Stroop color-word task,6f703e94333f,394,646,96.5,542,85,105,
IA_minimax_MiniMax-M2.5_20260603T032216Z,c4062899-b4a1-42f3-a298-93a4d0ebd3c1,2,minimax,MiniMax-M2.5,0.7,IA_cue_competition_C000_no_cue_P5_high_ATT_low_PDU_stroop,10,5,2026-06-03T03:32:26.356294+00:00,cue_competition,C000_no_cue,no-cue,0,0,0,P5_high_ATT_low_PDU,high attention difficulties / low PDU,0,,,stroop,Stroop color-word task,6f703e94333f,394,646,94.7,612,118,94,
IA_minimax_MiniMax-M2.5_20260603T032216Z,d696a646-c063-463e-a454-673a8a1ea586,3,minimax,MiniMax-M2.5,0.7,IA_cue_competition_C000_no_cue_P5_high_ATT_low_PDU_stroop,11,1,2026-06-03T03:32:35.105741+00:00,cue_competition,C000_no_cue,no-cue,0,0,0,P5_high_ATT_low_PDU,high attention difficulties / low PDU,0,,,stroop,Stroop color-word task,6f703e94333f,394,595,95,485,85,78,
IA_minimax_MiniMax-M2.5_20260603T032216Z,d696a646-c063-463e-a454-673a8a1ea586,3,minimax,MiniMax-M2.5,0.7,IA_cue_competition_C000_no_cue_P5_high_ATT_low_PDU_stroop,12,2,2026-06-03T03:32:35.105741+00:00,cue_competition,C000_no_cue,no-cue,0,0,0,P5_high_ATT_low_PDU,high attention difficulties / low PDU,0,,,stroop,Stroop color-word task,6f703e94333f,394,595,93,510,95,92,
IA_minimax_MiniMax-M2.5_20260603T032216Z,d696a646-c063-463e-a454-673a8a1ea586,3,minimax,MiniMax-M2.5,0.7,IA_cue_competition_C000_no_cue_P5_high_ATT_low_PDU_stroop,13,3,2026-06-03T03:32:35.105741+00:00,cue_competition,C000_no_cue,no-cue,0,0,0,P5_high_ATT_low_PDU,high attention difficulties / low PDU,0,,,stroop,Stroop color-word task,6f703e94333f,394,595,97,455,72,65,
IA_minimax_MiniMax-M2.5_20260603T032216Z,d696a646-c063-463e-a454-673a8a1ea586,3,minimax,MiniMax-M2.5,0.7,IA_cue_competition_C000_no_cue_P5_high_ATT_low_PDU_stroop,14,4,2026-06-03T03:32:35.105741+00:00,cue_competition,C000_no_cue,no-cue,0,0,0,P5_high_ATT_low_PDU,high attention difficulties / low PDU,0,,,stroop,Stroop color-word task,6f703e94333f,394,595,94,498,88,85,
IA_minimax_MiniMax-M2.5_20260603T032216Z,d696a646-c063-463e-a454-673a8a1ea586,3,minimax,MiniMax-M2.5,0.7,IA_cue_competition_C000_no_cue_P5_high_ATT_low_PDU_stroop,15,5,2026-06-03T03:32:35.105741+00:00,cue_competition,C000_no_cue,no-cue,0,0,0,P5_high_ATT_low_PDU,high attention difficulties / low PDU,0,,,stroop,Stroop color-word task,6f703e94333f,394,595,96,470,78,70,
IA_minimax_MiniMax-M2.5_20260603T032216Z,013114df-59fe-4e2d-a514-625e8af849db,4,minimax,MiniMax-M2.5,0.7,IA_cue_competition_C000_no_cue_P5_high_ATT_low_PDU_stroop,16,1,2026-06-03T03:32:41.844844+00:00,cue_competition,C000_no_cue,no-cue,0,0,0,P5_high_ATT_low_PDU,high attention difficulties / low PDU,0,,,stroop,Stroop color-word task,6f703e94333f,394,557,94.2,485,112,145,
IA_minimax_MiniMax-M2.5_20260603T032216Z,013114df-59fe-4e2d-a514-625e8af849db,4,minimax,MiniMax-M2.5,0.7,IA_cue_competition_C000_no_cue_P5_high_ATT_low_PDU_stroop,17,2,2026-06-03T03:32:41.844844+00:00,cue_competition,C000_no_cue,no-cue,0,0,0,P5_high_ATT_low_PDU,high attention difficulties / low PDU,0,,,stroop,Stroop color-word task,6f703e94333f,394,557,95.8,462,98,132,
IA_minimax_MiniMax-M2.5_20260603T032216Z,013114df-59fe-4e2d-a514-625e8af849db,4,minimax,MiniMax-M2.5,0.7,IA_cue_competition_C000_no_cue_P5_high_ATT_low_PDU_stroop,18,3,2026-06-03T03:32:41.844844+00:00,cue_competition,C000_no_cue,no-cue,0,0,0,P5_high_ATT_low_PDU,high attention difficulties / low PDU,0,,,stroop,Stroop color-word task,6f703e94333f,394,557,93.1,512,125,158,
IA_minimax_MiniMax-M2.5_20260603T032216Z,013114df-59fe-4e2d-a514-625e8af849db,4,minimax,MiniMax-M2.5,0.7,IA_cue_competition_C000_no_cue_P5_high_ATT_low_PDU_stroop,19,4,2026-06-03T03:32:41.844844+00:00,cue_competition,C000_no_cue,no-cue,0,0,0,P5_high_ATT_low_PDU,high attention difficulties / low PDU,0,,,stroop,Stroop color-word task,6f703e94333f,394,557,96.3,445,88,118,
IA_minimax_MiniMax-M2.5_20260603T032216Z,013114df-59fe-4e2d-a514-625e8af849db,4,minimax,MiniMax-M2.5,0.7,IA_cue_competition_C000_no_cue_P5_high_ATT_low_PDU_stroop,20,5,2026-06-03T03:32:41.844844+00:00,cue_competition,C000_no_cue,no-cue,0,0,0,P5_high_ATT_low_PDU,high attention difficulties / low PDU,0,,,stroop,Stroop color-word task,6f703e94333f,394,557,94.7,498,118,142,
IA_minimax_MiniMax-M2.5_20260603T032216Z,49580687-2299-4031-af7d-25d0e5be981c,1,minimax,MiniMax-M2.5,0.7,IA_cue_competition_C000_no_cue_P5_high_ATT_low_PDU_nback,1,1,2026-06-03T03:32:50.098868+00:00,cue_competition,C000_no_cue,no-cue,0,0,0,P5_high_ATT_low_PDU,high attention difficulties / low PDU,0,,,nback,n-back working-memory task,3a886b1a53cc,414,553,88,94,87,78,
IA_minimax_MiniMax-M2.5_20260603T032216Z,49580687-2299-4031-af7d-25d0e5be981c,1,minimax,MiniMax-M2.5,0.7,IA_cue_competition_C000_no_cue_P5_high_ATT_low_PDU_nback,2,2,2026-06-03T03:32:50.098868+00:00,cue_competition,C000_no_cue,no-cue,0,0,0,P5_high_ATT_low_PDU,high attention difficulties / low PDU,0,,,nback,n-back working-memory task,3a886b1a53cc,414,553,91,96,90,82,
IA_minimax_MiniMax-M2.5_20260603T032216Z,49580687-2299-4031-af7d-25d0e5be981c,1,minimax,MiniMax-M2.5,0.7,IA_cue_competition_C000_no_cue_P5_high_ATT_low_PDU_nback,3,3,2026-06-03T03:32:50.098868+00:00,cue_competition,C000_no_cue,no-cue,0,0,0,P5_high_ATT_low_PDU,high attention difficulties / low PDU,0,,,nback,n-back working-memory task,3a886b1a53cc,414,553,85,92,84,75,
IA_minimax_MiniMax-M2.5_20260603T032216Z,49580687-2299-4031-af7d-25d0e5be981c,1,minimax,MiniMax-M2.5,0.7,IA_cue_competition_C000_no_cue_P5_high_ATT_low_PDU_nback,4,4,2026-06-03T03:32:50.098868+00:00,cue_competition,C000_no_cue,no-cue,0,0,0,P5_high_ATT_low_PDU,high attention difficulties / low PDU,0,,,nback,n-back working-memory task,3a886b1a53cc,414,553,89,95,88,80,
IA_minimax_MiniMax-M2.5_20260603T032216Z,49580687-2299-4031-af7d-25d0e5be981c,1,minimax,MiniMax-M2.5,0.7,IA_cue_competition_C000_no_cue_P5_high_ATT_low_PDU_nback,5,5,2026-06-03T03:32:50.098868+00:00,cue_competition,C000_no_cue,no-cue,0,0,0,P5_high_ATT_low_PDU,high attention difficulties / low PDU,0,,,nback,n-back working-memory task,3a886b1a53cc,414,553,87,93,86,77,
IA_minimax_MiniMax-M2.5_20260603T032216Z,8931c93c-0e3f-40ee-8f4e-6f1c444710f6,2,minimax,MiniMax-M2.5,0.7,IA_cue_competition_C000_no_cue_P5_high_ATT_low_PDU_nback,6,1,2026-06-03T03:32:58.149775+00:00,cue_competition,C000_no_cue,no-cue,0,0,0,P5_high_ATT_low_PDU,high attention difficulties / low PDU,0,,,nback,n-back working-memory task,3a886b1a53cc,414,626,92,95,88,78,
IA_minimax_MiniMax-M2.5_20260603T032216Z,8931c93c-0e3f-40ee-8f4e-6f1c444710f6,2,minimax,MiniMax-M2.5,0.7,IA_cue_competition_C000_no_cue_P5_high_ATT_low_PDU_nback,7,2,2026-06-03T03:32:58.149775+00:00,cue_competition,C000_no_cue,no-cue,0,0,0,P5_high_ATT_low_PDU,high attention difficulties / low PDU,0,,,nback,n-back working-memory task,3a886b1a53cc,414,626,89,93,85,75,
IA_minimax_MiniMax-M2.5_20260603T032216Z,8931c93c-0e3f-40ee-8f4e-6f1c444710f6,2,minimax,MiniMax-M2.5,0.7,IA_cue_competition_C000_no_cue_P5_high_ATT_low_PDU_nback,8,3,2026-06-03T03:32:58.149775+00:00,cue_competition,C000_no_cue,no-cue,0,0,0,P5_high_ATT_low_PDU,high attention difficulties / low PDU,0,,,nback,n-back working-memory task,3a886b1a53cc,414,626,94,97,91,82,
IA_minimax_MiniMax-M2.5_20260603T032216Z,8931c93c-0e3f-40ee-8f4e-6f1c444710f6,2,minimax,MiniMax-M2.5,0.7,IA_cue_competition_C000_no_cue_P5_high_ATT_low_PDU_nback,9,4,2026-06-03T03:32:58.149775+00:00,cue_competition,C000_no_cue,no-cue,0,0,0,P5_high_ATT_low_PDU,high attention difficulties / low PDU,0,,,nback,n-back working-memory task,3a886b1a53cc,414,626,91,94,87,77,
IA_minimax_MiniMax-M2.5_20260603T032216Z,8931c93c-0e3f-40ee-8f4e-6f1c444710f6,2,minimax,MiniMax-M2.5,0.7,IA_cue_competition_C000_no_cue_P5_high_ATT_low_PDU_nback,10,5,2026-06-03T03:32:58.149775+00:00,cue_competition,C000_no_cue,no-cue,0,0,0,P5_high_ATT_low_PDU,high attention difficulties / low PDU,0,,,nback,n-back working-memory task,3a886b1a53cc,414,626,87,92,83,73,
IA_minimax_MiniMax-M2.5_20260603T032216Z,0de35941-4632-4df4-a5a1-26492fc183da,3,minimax,MiniMax-M2.5,0.7,IA_cue_competition_C000_no_cue_P5_high_ATT_low_PDU_nback,11,1,2026-06-03T03:33:05.832824+00:00,cue_competition,C000_no_cue,no-cue,0,0,0,P5_high_ATT_low_PDU,high attention difficulties / low PDU,0,,,nback,n-back working-memory task,3a886b1a53cc,414,641,87,94,85,78,
IA_minimax_MiniMax-M2.5_20260603T032216Z,0de35941-4632-4df4-a5a1-26492fc183da,3,minimax,MiniMax-M2.5,0.7,IA_cue_competition_C000_no_cue_P5_high_ATT_low_PDU_nback,12,2,2026-06-03T03:33:05.832824+00:00,cue_competition,C000_no_cue,no-cue,0,0,0,P5_high_ATT_low_PDU,high attention difficulties / low PDU,0,,,nback,n-back working-memory task,3a886b1a53cc,414,641,89,96,87,80,
IA_minimax_MiniMax-M2.5_20260603T032216Z,0de35941-4632-4df4-a5a1-26492fc183da,3,minimax,MiniMax-M2.5,0.7,IA_cue_competition_C000_no_cue_P5_high_ATT_low_PDU_nback,13,3,2026-06-03T03:33:05.832824+00:00,cue_competition,C000_no_cue,no-cue,0,0,0,P5_high_ATT_low_PDU,high attention difficulties / low PDU,0,,,nback,n-back working-memory task,3a886b1a53cc,414,641,85,93,83,76,
IA_minimax_MiniMax-M2.5_20260603T032216Z,0de35941-4632-4df4-a5a1-26492fc183da,3,minimax,MiniMax-M2.5,0.7,IA_cue_competition_C000_no_cue_P5_high_ATT_low_PDU_nback,14,4,2026-06-03T03:33:05.832824+00:00,cue_competition,C000_no_cue,no-cue,0,0,0,P5_high_ATT_low_PDU,high attention difficulties / low PDU,0,,,nback,n-back working-memory task,3a886b1a53cc,414,641,88,95,86,79,
IA_minimax_MiniMax-M2.5_20260603T032216Z,0de35941-4632-4df4-a5a1-26492fc183da,3,minimax,MiniMax-M2.5,0.7,IA_cue_competition_C000_no_cue_P5_high_ATT_low_PDU_nback,15,5,2026-06-03T03:33:05.832824+00:00,cue_competition,C000_no_cue,no-cue,0,0,0,P5_high_ATT_low_PDU,high attention difficulties / low PDU,0,,,nback,n-back working-memory task,3a886b1a53cc,414,641,86,92,84,77,
IA_minimax_MiniMax-M2.5_20260603T032216Z,0753394c-b44e-45f6-b214-cb14b39108cc,4,minimax,MiniMax-M2.5,0.7,IA_cue_competition_C000_no_cue_P5_high_ATT_low_PDU_nback,16,1,2026-06-03T03:33:13.344505+00:00,cue_competition,C000_no_cue,no-cue,0,0,0,P5_high_ATT_low_PDU,high attention difficulties / low PDU,0,,,nback,n-back working-memory task,3a886b1a53cc,414,722,0.88,0.95,0.87,0.82,
IA_minimax_MiniMax-M2.5_20260603T032216Z,0753394c-b44e-45f6-b214-cb14b39108cc,4,minimax,MiniMax-M2.5,0.7,IA_cue_competition_C000_no_cue_P5_high_ATT_low_PDU_nback,17,2,2026-06-03T03:33:13.344505+00:00,cue_competition,C000_no_cue,no-cue,0,0,0,P5_high_ATT_low_PDU,high attention difficulties / low PDU,0,,,nback,n-back working-memory task,3a886b1a53cc,414,722,0.86,0.94,0.85,0.79,
IA_minimax_MiniMax-M2.5_20260603T032216Z,0753394c-b44e-45f6-b214-cb14b39108cc,4,minimax,MiniMax-M2.5,0.7,IA_cue_competition_C000_no_cue_P5_high_ATT_low_PDU_nback,18,3,2026-06-03T03:33:13.344505+00:00,cue_competition,C000_no_cue,no-cue,0,0,0,P5_high_ATT_low_PDU,high attention difficulties / low PDU,0,,,nback,n-back working-memory task,3a886b1a53cc,414,722,0.89,0.96,0.88,0.83,
IA_minimax_MiniMax-M2.5_20260603T032216Z,0753394c-b44e-45f6-b214-cb14b39108cc,4,minimax,MiniMax-M2.5,0.7,IA_cue_competition_C000_no_cue_P5_high_ATT_low_PDU_nback,19,4,2026-06-03T03:33:13.344505+00:00,cue_competition,C000_no_cue,no-cue,0,0,0,P5_high_ATT_low_PDU,high attention difficulties / low PDU,0,,,nback,n-back working-memory task,3a886b1a53cc,414,722,0.85,0.93,0.84,0.78,
IA_minimax_MiniMax-M2.5_20260603T032216Z,0753394c-b44e-45f6-b214-cb14b39108cc,4,minimax,MiniMax-M2.5,0.7,IA_cue_competition_C000_no_cue_P5_high_ATT_low_PDU_nback,20,5,2026-06-03T03:33:13.344505+00:00,cue_competition,C000_no_cue,no-cue,0,0,0,P5_high_ATT_low_PDU,high attention difficulties / low PDU,0,,,nback,n-back working-memory task,3a886b1a53cc,414,722,0.87,0.95,0.86,0.8,
IA_minimax_MiniMax-M2.5_20260603T032216Z,a79085f0-74ed-481e-bab0-7f3e525f516f,1,minimax,MiniMax-M2.5,0.7,IA_cue_competition_C000_no_cue_P5_high_ATT_low_PDU_bart,1,1,2026-06-03T03:33:18.709870+00:00,cue_competition,C000_no_cue,no-cue,0,0,0,P5_high_ATT_low_PDU,high attention difficulties / low PDU,0,,,bart,Balloon Analogue Risk Task,1953396eefff,408,454,32,45,3,0.52,
IA_minimax_MiniMax-M2.5_20260603T032216Z,a79085f0-74ed-481e-bab0-7f3e525f516f,1,minimax,MiniMax-M2.5,0.7,IA_cue_competition_C000_no_cue_P5_high_ATT_low_PDU_bart,2,2,2026-06-03T03:33:18.709870+00:00,cue_competition,C000_no_cue,no-cue,0,0,0,P5_high_ATT_low_PDU,high attention difficulties / low PDU,0,,,bart,Balloon Analogue Risk Task,1953396eefff,408,454,28,38,4,0.45,
IA_minimax_MiniMax-M2.5_20260603T032216Z,a79085f0-74ed-481e-bab0-7f3e525f516f,1,minimax,MiniMax-M2.5,0.7,IA_cue_competition_C000_no_cue_P5_high_ATT_low_PDU_bart,3,3,2026-06-03T03:33:18.709870+00:00,cue_competition,C000_no_cue,no-cue,0,0,0,P5_high_ATT_low_PDU,high attention difficulties / low PDU,0,,,bart,Balloon Analogue Risk Task,1953396eefff,408,454,41,52,2,0.61,
IA_minimax_MiniMax-M2.5_20260603T032216Z,a79085f0-74ed-481e-bab0-7f3e525f516f,1,minimax,MiniMax-M2.5,0.7,IA_cue_competition_C000_no_cue_P5_high_ATT_low_PDU_bart,4,4,2026-06-03T03:33:18.709870+00:00,cue_competition,C000_no_cue,no-cue,0,0,0,P5_high_ATT_low_PDU,high attention difficulties / low PDU,0,,,bart,Balloon Analogue Risk Task,1953396eefff,408,454,35,42,3,0.55,
IA_minimax_MiniMax-M2.5_20260603T032216Z,a79085f0-74ed-481e-bab0-7f3e525f516f,1,minimax,MiniMax-M2.5,0.7,IA_cue_competition_C000_no_cue_P5_high_ATT_low_PDU_bart,5,5,2026-06-03T03:33:18.709870+00:00,cue_competition,C000_no_cue,no-cue,0,0,0,P5_high_ATT_low_PDU,high attention difficulties / low PDU,0,,,bart,Balloon Analogue Risk Task,1953396eefff,408,454,25,35,5,0.4,
IA_minimax_MiniMax-M2.5_20260603T032216Z,a61dd085-28d4-4271-ab1a-15ab97b4f5fb,2,minimax,MiniMax-M2.5,0.7,IA_cue_competition_C000_no_cue_P5_high_ATT_low_PDU_bart,6,1,2026-06-03T03:33:28.621427+00:00,cue_competition,C000_no_cue,no-cue,0,0,0,P5_high_ATT_low_PDU,high attention difficulties / low PDU,0,,,bart,Balloon Analogue Risk Task,1953396eefff,408,757,35,45,3,0.58,
IA_minimax_MiniMax-M2.5_20260603T032216Z,a61dd085-28d4-4271-ab1a-15ab97b4f5fb,2,minimax,MiniMax-M2.5,0.7,IA_cue_competition_C000_no_cue_P5_high_ATT_low_PDU_bart,7,2,2026-06-03T03:33:28.621427+00:00,cue_competition,C000_no_cue,no-cue,0,0,0,P5_high_ATT_low_PDU,high attention difficulties / low PDU,0,,,bart,Balloon Analogue Risk Task,1953396eefff,408,757,52,68,5,0.75,
IA_minimax_MiniMax-M2.5_20260603T032216Z,a61dd085-28d4-4271-ab1a-15ab97b4f5fb,2,minimax,MiniMax-M2.5,0.7,IA_cue_competition_C000_no_cue_P5_high_ATT_low_PDU_bart,8,3,2026-06-03T03:33:28.621427+00:00,cue_competition,C000_no_cue,no-cue,0,0,0,P5_high_ATT_low_PDU,high attention difficulties / low PDU,0,,,bart,Balloon Analogue Risk Task,1953396eefff,408,757,24,38,2,0.42,
IA_minimax_MiniMax-M2.5_20260603T032216Z,a61dd085-28d4-4271-ab1a-15ab97b4f5fb,2,minimax,MiniMax-M2.5,0.7,IA_cue_competition_C000_no_cue_P5_high_ATT_low_PDU_bart,9,4,2026-06-03T03:33:28.621427+00:00,cue_competition,C000_no_cue,no-cue,0,0,0,P5_high_ATT_low_PDU,high attention difficulties / low PDU,0,,,bart,Balloon Analogue Risk Task,1953396eefff,408,757,45,52,4,0.68,
IA_minimax_MiniMax-M2.5_20260603T032216Z,a61dd085-28d4-4271-ab1a-15ab97b4f5fb,2,minimax,MiniMax-M2.5,0.7,IA_cue_competition_C000_no_cue_P5_high_ATT_low_PDU_bart,10,5,2026-06-03T03:33:28.621427+00:00,cue_competition,C000_no_cue,no-cue,0,0,0,P5_high_ATT_low_PDU,high attention difficulties / low PDU,0,,,bart,Balloon Analogue Risk Task,1953396eefff,408,757,31,42,3,0.52,
IA_minimax_MiniMax-M2.5_20260603T032216Z,a83b984a-9dec-466b-bcc8-35414f9d7470,3,minimax,MiniMax-M2.5,0.7,IA_cue_competition_C000_no_cue_P5_high_ATT_low_PDU_bart,11,1,2026-06-03T03:33:36.028088+00:00,cue_competition,C000_no_cue,no-cue,0,0,0,P5_high_ATT_low_PDU,high attention difficulties / low PDU,0,,,bart,Balloon Analogue Risk Task,1953396eefff,408,625,32,45,4,0.58,
IA_minimax_MiniMax-M2.5_20260603T032216Z,a83b984a-9dec-466b-bcc8-35414f9d7470,3,minimax,MiniMax-M2.5,0.7,IA_cue_competition_C000_no_cue_P5_high_ATT_low_PDU_bart,12,2,2026-06-03T03:33:36.028088+00:00,cue_competition,C000_no_cue,no-cue,0,0,0,P5_high_ATT_low_PDU,high attention difficulties / low PDU,0,,,bart,Balloon Analogue Risk Task,1953396eefff,408,625,28,52,3,0.52,
IA_minimax_MiniMax-M2.5_20260603T032216Z,a83b984a-9dec-466b-bcc8-35414f9d7470,3,minimax,MiniMax-M2.5,0.7,IA_cue_competition_C000_no_cue_P5_high_ATT_low_PDU_bart,13,3,2026-06-03T03:33:36.028088+00:00,cue_competition,C000_no_cue,no-cue,0,0,0,P5_high_ATT_low_PDU,high attention difficulties / low PDU,0,,,bart,Balloon Analogue Risk Task,1953396eefff,408,625,41,38,6,0.71,
IA_minimax_MiniMax-M2.5_20260603T032216Z,a83b984a-9dec-466b-bcc8-35414f9d7470,3,minimax,MiniMax-M2.5,0.7,IA_cue_competition_C000_no_cue_P5_high_ATT_low_PDU_bart,14,4,2026-06-03T03:33:36.028088+00:00,cue_competition,C000_no_cue,no-cue,0,0,0,P5_high_ATT_low_PDU,high attention difficulties / low PDU,0,,,bart,Balloon Analogue Risk Task,1953396eefff,408,625,25,55,2,0.45,
IA_minimax_MiniMax-M2.5_20260603T032216Z,a83b984a-9dec-466b-bcc8-35414f9d7470,3,minimax,MiniMax-M2.5,0.7,IA_cue_competition_C000_no_cue_P5_high_ATT_low_PDU_bart,15,5,2026-06-03T03:33:36.028088+00:00,cue_competition,C000_no_cue,no-cue,0,0,0,P5_high_ATT_low_PDU,high attention difficulties / low PDU,0,,,bart,Balloon Analogue Risk Task,1953396eefff,408,625,36,42,5,0.63,
IA_minimax_MiniMax-M2.5_20260603T032216Z,bd6b16e1-5a7b-4bd4-96c6-ac1c4485ba61,4,minimax,MiniMax-M2.5,0.7,IA_cue_competition_C000_no_cue_P5_high_ATT_low_PDU_bart,16,1,2026-06-03T03:33:45.982572+00:00,cue_competition,C000_no_cue,no-cue,0,0,0,P5_high_ATT_low_PDU,high attention difficulties / low PDU,0,,,bart,Balloon Analogue Risk Task,1953396eefff,408,730,32,12.5,15,0.45,
IA_minimax_MiniMax-M2.5_20260603T032216Z,bd6b16e1-5a7b-4bd4-96c6-ac1c4485ba61,4,minimax,MiniMax-M2.5,0.7,IA_cue_competition_C000_no_cue_P5_high_ATT_low_PDU_bart,17,2,2026-06-03T03:33:45.982572+00:00,cue_competition,C000_no_cue,no-cue,0,0,0,P5_high_ATT_low_PDU,high attention difficulties / low PDU,0,,,bart,Balloon Analogue Risk Task,1953396eefff,408,730,38,15.75,12,0.52,
IA_minimax_MiniMax-M2.5_20260603T032216Z,bd6b16e1-5a7b-4bd4-96c6-ac1c4485ba61,4,minimax,MiniMax-M2.5,0.7,IA_cue_competition_C000_no_cue_P5_high_ATT_low_PDU_bart,18,3,2026-06-03T03:33:45.982572+00:00,cue_competition,C000_no_cue,no-cue,0,0,0,P5_high_ATT_low_PDU,high attention difficulties / low PDU,0,,,bart,Balloon Analogue Risk Task,1953396eefff,408,730,28,10.25,18,0.38,
IA_minimax_MiniMax-M2.5_20260603T032216Z,bd6b16e1-5a7b-4bd4-96c6-ac1c4485ba61,4,minimax,MiniMax-M2.5,0.7,IA_cue_competition_C000_no_cue_P5_high_ATT_low_PDU_bart,19,4,2026-06-03T03:33:45.982572+00:00,cue_competition,C000_no_cue,no-cue,0,0,0,P5_high_ATT_low_PDU,high attention difficulties / low PDU,0,,,bart,Balloon Analogue Risk Task,1953396eefff,408,730,42,18,10,0.58,
IA_minimax_MiniMax-M2.5_20260603T032216Z,bd6b16e1-5a7b-4bd4-96c6-ac1c4485ba61,4,minimax,MiniMax-M2.5,0.7,IA_cue_competition_C000_no_cue_P5_high_ATT_low_PDU_bart,20,5,2026-06-03T03:33:45.982572+00:00,cue_competition,C000_no_cue,no-cue,0,0,0,P5_high_ATT_low_PDU,high attention difficulties / low PDU,0,,,bart,Balloon Analogue Risk Task,1953396eefff,408,730,35,14,14,0.48,
IA_minimax_MiniMax-M2.5_20260603T032216Z,c728d017-d4e2-4d8f-9a5a-8514063fff44,1,minimax,MiniMax-M2.5,0.7,IA_cue_competition_C000_no_cue_P5_high_ATT_low_PDU_ddt,1,1,2026-06-03T03:33:54.547773+00:00,cue_competition,C000_no_cue,no-cue,0,0,0,P5_high_ATT_low_PDU,high attention difficulties / low PDU,0,,,ddt,Delay Discounting Task,64df17543cdc,391,694,0.015,-4.2,0.32,,
IA_minimax_MiniMax-M2.5_20260603T032216Z,c728d017-d4e2-4d8f-9a5a-8514063fff44,1,minimax,MiniMax-M2.5,0.7,IA_cue_competition_C000_no_cue_P5_high_ATT_low_PDU_ddt,2,2,2026-06-03T03:33:54.547773+00:00,cue_competition,C000_no_cue,no-cue,0,0,0,P5_high_ATT_low_PDU,high attention difficulties / low PDU,0,,,ddt,Delay Discounting Task,64df17543cdc,391,694,0.022,-3.8,0.38,,
IA_minimax_MiniMax-M2.5_20260603T032216Z,c728d017-d4e2-4d8f-9a5a-8514063fff44,1,minimax,MiniMax-M2.5,0.7,IA_cue_competition_C000_no_cue_P5_high_ATT_low_PDU_ddt,3,3,2026-06-03T03:33:54.547773+00:00,cue_competition,C000_no_cue,no-cue,0,0,0,P5_high_ATT_low_PDU,high attention difficulties / low PDU,0,,,ddt,Delay Discounting Task,64df17543cdc,391,694,0.008,-4.8,0.24,,
IA_minimax_MiniMax-M2.5_20260603T032216Z,c728d017-d4e2-4d8f-9a5a-8514063fff44,1,minimax,MiniMax-M2.5,0.7,IA_cue_competition_C000_no_cue_P5_high_ATT_low_PDU_ddt,4,4,2026-06-03T03:33:54.547773+00:00,cue_competition,C000_no_cue,no-cue,0,0,0,P5_high_ATT_low_PDU,high attention difficulties / low PDU,0,,,ddt,Delay Discounting Task,64df17543cdc,391,694,0.028,-3.6,0.42,,
IA_minimax_MiniMax-M2.5_20260603T032216Z,c728d017-d4e2-4d8f-9a5a-8514063fff44,1,minimax,MiniMax-M2.5,0.7,IA_cue_competition_C000_no_cue_P5_high_ATT_low_PDU_ddt,5,5,2026-06-03T03:33:54.547773+00:00,cue_competition,C000_no_cue,no-cue,0,0,0,P5_high_ATT_low_PDU,high attention difficulties / low PDU,0,,,ddt,Delay Discounting Task,64df17543cdc,391,694,0.012,-4.4,0.28,,
IA_minimax_MiniMax-M2.5_20260603T032216Z,6bbee75a-6dd9-467f-8f12-cc201da0030a,2,minimax,MiniMax-M2.5,0.7,IA_cue_competition_C000_no_cue_P5_high_ATT_low_PDU_ddt,6,1,2026-06-03T03:34:01.687506+00:00,cue_competition,C000_no_cue,no-cue,0,0,0,P5_high_ATT_low_PDU,high attention difficulties / low PDU,0,,,ddt,Delay Discounting Task,64df17543cdc,391,619,0.015,-4.2,0.35,,
IA_minimax_MiniMax-M2.5_20260603T032216Z,6bbee75a-6dd9-467f-8f12-cc201da0030a,2,minimax,MiniMax-M2.5,0.7,IA_cue_competition_C000_no_cue_P5_high_ATT_low_PDU_ddt,7,2,2026-06-03T03:34:01.687506+00:00,cue_competition,C000_no_cue,no-cue,0,0,0,P5_high_ATT_low_PDU,high attention difficulties / low PDU,0,,,ddt,Delay Discounting Task,64df17543cdc,391,619,0.022,-3.82,0.42,,
IA_minimax_MiniMax-M2.5_20260603T032216Z,6bbee75a-6dd9-467f-8f12-cc201da0030a,2,minimax,MiniMax-M2.5,0.7,IA_cue_competition_C000_no_cue_P5_high_ATT_low_PDU_ddt,8,3,2026-06-03T03:34:01.687506+00:00,cue_competition,C000_no_cue,no-cue,0,0,0,P5_high_ATT_low_PDU,high attention difficulties / low PDU,0,,,ddt,Delay Discounting Task,64df17543cdc,391,619,0.008,-4.83,0.28,,
IA_minimax_MiniMax-M2.5_20260603T032216Z,6bbee75a-6dd9-467f-8f12-cc201da0030a,2,minimax,MiniMax-M2.5,0.7,IA_cue_competition_C000_no_cue_P5_high_ATT_low_PDU_ddt,9,4,2026-06-03T03:34:01.687506+00:00,cue_competition,C000_no_cue,no-cue,0,0,0,P5_high_ATT_low_PDU,high attention difficulties / low PDU,0,,,ddt,Delay Discounting Task,64df17543cdc,391,619,0.035,-3.35,0.48,,
IA_minimax_MiniMax-M2.5_20260603T032216Z,6bbee75a-6dd9-467f-8f12-cc201da0030a,2,minimax,MiniMax-M2.5,0.7,IA_cue_competition_C000_no_cue_P5_high_ATT_low_PDU_ddt,10,5,2026-06-03T03:34:01.687506+00:00,cue_competition,C000_no_cue,no-cue,0,0,0,P5_high_ATT_low_PDU,high attention difficulties / low PDU,0,,,ddt,Delay Discounting Task,64df17543cdc,391,619,0.012,-4.42,0.32,,
IA_minimax_MiniMax-M2.5_20260603T032216Z,fd5e7be2-59a6-417b-b6ed-c0ba6df50dd2,3,minimax,MiniMax-M2.5,0.7,IA_cue_competition_C000_no_cue_P5_high_ATT_low_PDU_ddt,11,1,2026-06-03T03:34:08.087616+00:00,cue_competition,C000_no_cue,no-cue,0,0,0,P5_high_ATT_low_PDU,high attention difficulties / low PDU,0,,,ddt,Delay Discounting Task,64df17543cdc,391,420,0.0032,-2.494,0.28,,
IA_minimax_MiniMax-M2.5_20260603T032216Z,fd5e7be2-59a6-417b-b6ed-c0ba6df50dd2,3,minimax,MiniMax-M2.5,0.7,IA_cue_competition_C000_no_cue_P5_high_ATT_low_PDU_ddt,12,2,2026-06-03T03:34:08.087616+00:00,cue_competition,C000_no_cue,no-cue,0,0,0,P5_high_ATT_low_PDU,high attention difficulties / low PDU,0,,,ddt,Delay Discounting Task,64df17543cdc,391,420,0.0078,-2.108,0.34,,
IA_minimax_MiniMax-M2.5_20260603T032216Z,fd5e7be2-59a6-417b-b6ed-c0ba6df50dd2,3,minimax,MiniMax-M2.5,0.7,IA_cue_competition_C000_no_cue_P5_high_ATT_low_PDU_ddt,13,3,2026-06-03T03:34:08.087616+00:00,cue_competition,C000_no_cue,no-cue,0,0,0,P5_high_ATT_low_PDU,high attention difficulties / low PDU,0,,,ddt,Delay Discounting Task,64df17543cdc,391,420,0.0019,-2.721,0.22,,
IA_minimax_MiniMax-M2.5_20260603T032216Z,fd5e7be2-59a6-417b-b6ed-c0ba6df50dd2,3,minimax,MiniMax-M2.5,0.7,IA_cue_competition_C000_no_cue_P5_high_ATT_low_PDU_ddt,14,4,2026-06-03T03:34:08.087616+00:00,cue_competition,C000_no_cue,no-cue,0,0,0,P5_high_ATT_low_PDU,high attention difficulties / low PDU,0,,,ddt,Delay Discounting Task,64df17543cdc,391,420,0.0054,-2.268,0.31,,
IA_minimax_MiniMax-M2.5_20260603T032216Z,fd5e7be2-59a6-417b-b6ed-c0ba6df50dd2,3,minimax,MiniMax-M2.5,0.7,IA_cue_competition_C000_no_cue_P5_high_ATT_low_PDU_ddt,15,5,2026-06-03T03:34:08.087616+00:00,cue_competition,C000_no_cue,no-cue,0,0,0,P5_high_ATT_low_PDU,high attention difficulties / low PDU,0,,,ddt,Delay Discounting Task,64df17543cdc,391,420,0.0027,-2.569,0.25,,
IA_minimax_MiniMax-M2.5_20260603T032216Z,21329b94-1c9a-40b5-8a53-9f2c814c2269,4,minimax,MiniMax-M2.5,0.7,IA_cue_competition_C000_no_cue_P5_high_ATT_low_PDU_ddt,16,1,2026-06-03T03:34:14.223209+00:00,cue_competition,C000_no_cue,no-cue,0,0,0,P5_high_ATT_low_PDU,high attention difficulties / low PDU,0,,,ddt,Delay Discounting Task,64df17543cdc,391,552,0.015,-4.2,0.35,,
IA_minimax_MiniMax-M2.5_20260603T032216Z,21329b94-1c9a-40b5-8a53-9f2c814c2269,4,minimax,MiniMax-M2.5,0.7,IA_cue_competition_C000_no_cue_P5_high_ATT_low_PDU_ddt,17,2,2026-06-03T03:34:14.223209+00:00,cue_competition,C000_no_cue,no-cue,0,0,0,P5_high_ATT_low_PDU,high attention difficulties / low PDU,0,,,ddt,Delay Discounting Task,64df17543cdc,391,552,0.022,-3.82,0.42,,
IA_minimax_MiniMax-M2.5_20260603T032216Z,21329b94-1c9a-40b5-8a53-9f2c814c2269,4,minimax,MiniMax-M2.5,0.7,IA_cue_competition_C000_no_cue_P5_high_ATT_low_PDU_ddt,18,3,2026-06-03T03:34:14.224138+00:00,cue_competition,C000_no_cue,no-cue,0,0,0,P5_high_ATT_low_PDU,high attention difficulties / low PDU,0,,,ddt,Delay Discounting Task,64df17543cdc,391,552,0.008,-4.83,0.28,,
IA_minimax_MiniMax-M2.5_20260603T032216Z,21329b94-1c9a-40b5-8a53-9f2c814c2269,4,minimax,MiniMax-M2.5,0.7,IA_cue_competition_C000_no_cue_P5_high_ATT_low_PDU_ddt,19,4,2026-06-03T03:34:14.224138+00:00,cue_competition,C000_no_cue,no-cue,0,0,0,P5_high_ATT_low_PDU,high attention difficulties / low PDU,0,,,ddt,Delay Discounting Task,64df17543cdc,391,552,0.018,-4.02,0.38,,
IA_minimax_MiniMax-M2.5_20260603T032216Z,21329b94-1c9a-40b5-8a53-9f2c814c2269,4,minimax,MiniMax-M2.5,0.7,IA_cue_competition_C000_no_cue_P5_high_ATT_low_PDU_ddt,20,5,2026-06-03T03:34:14.224138+00:00,cue_competition,C000_no_cue,no-cue,0,0,0,P5_high_ATT_low_PDU,high attention difficulties / low PDU,0,,,ddt,Delay Discounting Task,64df17543cdc,391,552,0.012,-4.42,0.32,,
IA_minimax_MiniMax-M2.5_20260603T032216Z,a754b77d-f749-4835-a778-332e5374c9f4,1,minimax,MiniMax-M2.5,0.7,IA_cue_competition_C000_no_cue_P5_high_ATT_low_PDU_questionnaire,1,1,2026-06-03T03:34:22.636940+00:00,cue_competition,C000_no_cue,no-cue,0,0,0,P5_high_ATT_low_PDU,high attention difficulties / low PDU,0,,,questionnaire,questionnaire-profile prediction,c5b298a8a162,419,761,18,15,22,12,8
IA_minimax_MiniMax-M2.5_20260603T032216Z,a754b77d-f749-4835-a778-332e5374c9f4,1,minimax,MiniMax-M2.5,0.7,IA_cue_competition_C000_no_cue_P5_high_ATT_low_PDU_questionnaire,2,2,2026-06-03T03:34:22.636940+00:00,cue_competition,C000_no_cue,no-cue,0,0,0,P5_high_ATT_low_PDU,high attention difficulties / low PDU,0,,,questionnaire,questionnaire-profile prediction,c5b298a8a162,419,761,24,22,31,18,14
IA_minimax_MiniMax-M2.5_20260603T032216Z,a754b77d-f749-4835-a778-332e5374c9f4,1,minimax,MiniMax-M2.5,0.7,IA_cue_competition_C000_no_cue_P5_high_ATT_low_PDU_questionnaire,3,3,2026-06-03T03:34:22.636940+00:00,cue_competition,C000_no_cue,no-cue,0,0,0,P5_high_ATT_low_PDU,high attention difficulties / low PDU,0,,,questionnaire,questionnaire-profile prediction,c5b298a8a162,419,761,15,12,18,9,6
IA_minimax_MiniMax-M2.5_20260603T032216Z,a754b77d-f749-4835-a778-332e5374c9f4,1,minimax,MiniMax-M2.5,0.7,IA_cue_competition_C000_no_cue_P5_high_ATT_low_PDU_questionnaire,4,4,2026-06-03T03:34:22.636940+00:00,cue_competition,C000_no_cue,no-cue,0,0,0,P5_high_ATT_low_PDU,high attention difficulties / low PDU,0,,,questionnaire,questionnaire-profile prediction,c5b298a8a162,419,761,28,19,25,15,11
IA_minimax_MiniMax-M2.5_20260603T032216Z,a754b77d-f749-4835-a778-332e5374c9f4,1,minimax,MiniMax-M2.5,0.7,IA_cue_competition_C000_no_cue_P5_high_ATT_low_PDU_questionnaire,5,5,2026-06-03T03:34:22.636940+00:00,cue_competition,C000_no_cue,no-cue,0,0,0,P5_high_ATT_low_PDU,high attention difficulties / low PDU,0,,,questionnaire,questionnaire-profile prediction,c5b298a8a162,419,761,21,17,28,14,10
IA_minimax_MiniMax-M2.5_20260603T032216Z,c50c8a5b-f394-49b2-a750-b65e8c8ca911,2,minimax,MiniMax-M2.5,0.7,IA_cue_competition_C000_no_cue_P5_high_ATT_low_PDU_questionnaire,6,1,2026-06-03T03:34:31.360498+00:00,cue_competition,C000_no_cue,no-cue,0,0,0,P5_high_ATT_low_PDU,high attention difficulties / low PDU,0,,,questionnaire,questionnaire-profile prediction,c5b298a8a162,419,777,42,28,12,5,6
IA_minimax_MiniMax-M2.5_20260603T032216Z,c50c8a5b-f394-49b2-a750-b65e8c8ca911,2,minimax,MiniMax-M2.5,0.7,IA_cue_competition_C000_no_cue_P5_high_ATT_low_PDU_questionnaire,7,2,2026-06-03T03:34:31.360498+00:00,cue_competition,C000_no_cue,no-cue,0,0,0,P5_high_ATT_low_PDU,high attention difficulties / low PDU,0,,,questionnaire,questionnaire-profile prediction,c5b298a8a162,419,777,35,22,8,3,4
IA_minimax_MiniMax-M2.5_20260603T032216Z,c50c8a5b-f394-49b2-a750-b65e8c8ca911,2,minimax,MiniMax-M2.5,0.7,IA_cue_competition_C000_no_cue_P5_high_ATT_low_PDU_questionnaire,8,3,2026-06-03T03:34:31.361112+00:00,cue_competition,C000_no_cue,no-cue,0,0,0,P5_high_ATT_low_PDU,high attention difficulties / low PDU,0,,,questionnaire,questionnaire-profile prediction,c5b298a8a162,419,777,55,38,18,7,8
IA_minimax_MiniMax-M2.5_20260603T032216Z,c50c8a5b-f394-49b2-a750-b65e8c8ca911,2,minimax,MiniMax-M2.5,0.7,IA_cue_competition_C000_no_cue_P5_high_ATT_low_PDU_questionnaire,9,4,2026-06-03T03:34:31.361112+00:00,cue_competition,C000_no_cue,no-cue,0,0,0,P5_high_ATT_low_PDU,high attention difficulties / low PDU,0,,,questionnaire,questionnaire-profile prediction,c5b298a8a162,419,777,48,32,15,6,7
IA_minimax_MiniMax-M2.5_20260603T032216Z,c50c8a5b-f394-49b2-a750-b65e8c8ca911,2,minimax,MiniMax-M2.5,0.7,IA_cue_competition_C000_no_cue_P5_high_ATT_low_PDU_questionnaire,10,5,2026-06-03T03:34:31.361112+00:00,cue_competition,C000_no_cue,no-cue,0,0,0,P5_high_ATT_low_PDU,high attention difficulties / low PDU,0,,,questionnaire,questionnaire-profile prediction,c5b298a8a162,419,777,30,18,6,2,3
IA_minimax_MiniMax-M2.5_20260603T032216Z,7384b703-c336-428f-8525-355bc002210e,3,minimax,MiniMax-M2.5,0.7,IA_cue_competition_C000_no_cue_P5_high_ATT_low_PDU_questionnaire,11,1,2026-06-03T03:34:42.022406+00:00,cue_competition,C000_no_cue,no-cue,0,0,0,P5_high_ATT_low_PDU,high attention difficulties / low PDU,0,,,questionnaire,questionnaire-profile prediction,c5b298a8a162,419,880,15,18,22,2,3
IA_minimax_MiniMax-M2.5_20260603T032216Z,7384b703-c336-428f-8525-355bc002210e,3,minimax,MiniMax-M2.5,0.7,IA_cue_competition_C000_no_cue_P5_high_ATT_low_PDU_questionnaire,12,2,2026-06-03T03:34:42.022406+00:00,cue_competition,C000_no_cue,no-cue,0,0,0,P5_high_ATT_low_PDU,high attention difficulties / low PDU,0,,,questionnaire,questionnaire-profile prediction,c5b298a8a162,419,880,12,15,18,1,2
IA_minimax_MiniMax-M2.5_20260603T032216Z,7384b703-c336-428f-8525-355bc002210e,3,minimax,MiniMax-M2.5,0.7,IA_cue_competition_C000_no_cue_P5_high_ATT_low_PDU_questionnaire,13,3,2026-06-03T03:34:42.022406+00:00,cue_competition,C000_no_cue,no-cue,0,0,0,P5_high_ATT_low_PDU,high attention difficulties / low PDU,0,,,questionnaire,questionnaire-profile prediction,c5b298a8a162,419,880,18,21,25,3,4
IA_minimax_MiniMax-M2.5_20260603T032216Z,7384b703-c336-428f-8525-355bc002210e,3,minimax,MiniMax-M2.5,0.7,IA_cue_competition_C000_no_cue_P5_high_ATT_low_PDU_questionnaire,14,4,2026-06-03T03:34:42.022406+00:00,cue_competition,C000_no_cue,no-cue,0,0,0,P5_high_ATT_low_PDU,high attention difficulties / low PDU,0,,,questionnaire,questionnaire-profile prediction,c5b298a8a162,419,880,14,16,20,2,2
IA_minimax_MiniMax-M2.5_20260603T032216Z,7384b703-c336-428f-8525-355bc002210e,3,minimax,MiniMax-M2.5,0.7,IA_cue_competition_C000_no_cue_P5_high_ATT_low_PDU_questionnaire,15,5,2026-06-03T03:34:42.022406+00:00,cue_competition,C000_no_cue,no-cue,0,0,0,P5_high_ATT_low_PDU,high attention difficulties / low PDU,0,,,questionnaire,questionnaire-profile prediction,c5b298a8a162,419,880,16,19,23,2,3
IA_minimax_MiniMax-M2.5_20260603T032216Z,93b36690-5052-4017-b555-6a307974c58b,4,minimax,MiniMax-M2.5,0.7,IA_cue_competition_C000_no_cue_P5_high_ATT_low_PDU_questionnaire,16,1,2026-06-03T03:34:51.259866+00:00,cue_competition,C000_no_cue,no-cue,0,0,0,P5_high_ATT_low_PDU,high attention difficulties / low PDU,0,,,questionnaire,questionnaire-profile prediction,c5b298a8a162,419,857,15,22,18,2,1
IA_minimax_MiniMax-M2.5_20260603T032216Z,93b36690-5052-4017-b555-6a307974c58b,4,minimax,MiniMax-M2.5,0.7,IA_cue_competition_C000_no_cue_P5_high_ATT_low_PDU_questionnaire,17,2,2026-06-03T03:34:51.259866+00:00,cue_competition,C000_no_cue,no-cue,0,0,0,P5_high_ATT_low_PDU,high attention difficulties / low PDU,0,,,questionnaire,questionnaire-profile prediction,c5b298a8a162,419,857,18,25,22,3,2
IA_minimax_MiniMax-M2.5_20260603T032216Z,93b36690-5052-4017-b555-6a307974c58b,4,minimax,MiniMax-M2.5,0.7,IA_cue_competition_C000_no_cue_P5_high_ATT_low_PDU_questionnaire,18,3,2026-06-03T03:34:51.259866+00:00,cue_competition,C000_no_cue,no-cue,0,0,0,P5_high_ATT_low_PDU,high attention difficulties / low PDU,0,,,questionnaire,questionnaire-profile prediction,c5b298a8a162,419,857,12,19,15,1,1
IA_minimax_MiniMax-M2.5_20260603T032216Z,93b36690-5052-4017-b555-6a307974c58b,4,minimax,MiniMax-M2.5,0.7,IA_cue_competition_C000_no_cue_P5_high_ATT_low_PDU_questionnaire,19,4,2026-06-03T03:34:51.259866+00:00,cue_competition,C000_no_cue,no-cue,0,0,0,P5_high_ATT_low_PDU,high attention difficulties / low PDU,0,,,questionnaire,questionnaire-profile prediction,c5b298a8a162,419,857,20,28,25,3,2
IA_minimax_MiniMax-M2.5_20260603T032216Z,93b36690-5052-4017-b555-6a307974c58b,4,minimax,MiniMax-M2.5,0.7,IA_cue_competition_C000_no_cue_P5_high_ATT_low_PDU_questionnaire,20,5,2026-06-03T03:34:51.259866+00:00,cue_competition,C000_no_cue,no-cue,0,0,0,P5_high_ATT_low_PDU,high attention difficulties / low PDU,0,,,questionnaire,questionnaire-profile prediction,c5b298a8a162,419,857,16,23,20,2,1
IA_minimax_MiniMax-M2.5_20260603T032216Z,4293a34b-64c8-4d26-a879-7200d15bc119,1,minimax,MiniMax-M2.5,0.7,IA_cue_competition_C100_label_only_P1_low_PDU_low_ATT_stroop,1,1,2026-06-03T03:34:57.850212+00:00,cue_competition,C100_label_only,label-only,1,0,0,P1_low_PDU_low_ATT,low PDU / low attention difficulties,0,,,stroop,Stroop color-word task,e3c162ff0c55,395,603,96.5,485,95,68,
IA_minimax_MiniMax-M2.5_20260603T032216Z,4293a34b-64c8-4d26-a879-7200d15bc119,1,minimax,MiniMax-M2.5,0.7,IA_cue_competition_C100_label_only_P1_low_PDU_low_ATT_stroop,2,2,2026-06-03T03:34:57.850212+00:00,cue_competition,C100_label_only,label-only,1,0,0,P1_low_PDU_low_ATT,low PDU / low attention difficulties,0,,,stroop,Stroop color-word task,e3c162ff0c55,395,603,97.2,478,92,65,
IA_minimax_MiniMax-M2.5_20260603T032216Z,4293a34b-64c8-4d26-a879-7200d15bc119,1,minimax,MiniMax-M2.5,0.7,IA_cue_competition_C100_label_only_P1_low_PDU_low_ATT_stroop,3,3,2026-06-03T03:34:57.850212+00:00,cue_competition,C100_label_only,label-only,1,0,0,P1_low_PDU_low_ATT,low PDU / low attention difficulties,0,,,stroop,Stroop color-word task,e3c162ff0c55,395,603,95.8,490,98,72,
IA_minimax_MiniMax-M2.5_20260603T032216Z,4293a34b-64c8-4d26-a879-7200d15bc119,1,minimax,MiniMax-M2.5,0.7,IA_cue_competition_C100_label_only_P1_low_PDU_low_ATT_stroop,4,4,2026-06-03T03:34:57.850212+00:00,cue_competition,C100_label_only,label-only,1,0,0,P1_low_PDU_low_ATT,low PDU / low attention difficulties,0,,,stroop,Stroop color-word task,e3c162ff0c55,395,603,97.5,472,90,62,
IA_minimax_MiniMax-M2.5_20260603T032216Z,4293a34b-64c8-4d26-a879-7200d15bc119,1,minimax,MiniMax-M2.5,0.7,IA_cue_competition_C100_label_only_P1_low_PDU_low_ATT_stroop,5,5,2026-06-03T03:34:57.850212+00:00,cue_competition,C100_label_only,label-only,1,0,0,P1_low_PDU_low_ATT,low PDU / low attention difficulties,0,,,stroop,Stroop color-word task,e3c162ff0c55,395,603,96.8,482,94,70,
IA_minimax_MiniMax-M2.5_20260603T032216Z,ce7ce5f9-1c22-4d4b-99fe-63691fadd423,2,minimax,MiniMax-M2.5,0.7,IA_cue_competition_C100_label_only_P1_low_PDU_low_ATT_stroop,6,1,2026-06-03T03:35:06.587656+00:00,cue_competition,C100_label_only,label-only,1,0,0,P1_low_PDU_low_ATT,low PDU / low attention difficulties,0,,,stroop,Stroop color-word task,e3c162ff0c55,395,723,96.2,592,133,78,
IA_minimax_MiniMax-M2.5_20260603T032216Z,ce7ce5f9-1c22-4d4b-99fe-63691fadd423,2,minimax,MiniMax-M2.5,0.7,IA_cue_competition_C100_label_only_P1_low_PDU_low_ATT_stroop,7,2,2026-06-03T03:35:06.587656+00:00,cue_competition,C100_label_only,label-only,1,0,0,P1_low_PDU_low_ATT,low PDU / low attention difficulties,0,,,stroop,Stroop color-word task,e3c162ff0c55,395,723,97.1,583,126,71,
IA_minimax_MiniMax-M2.5_20260603T032216Z,ce7ce5f9-1c22-4d4b-99fe-63691fadd423,2,minimax,MiniMax-M2.5,0.7,IA_cue_competition_C100_label_only_P1_low_PDU_low_ATT_stroop,8,3,2026-06-03T03:35:06.587656+00:00,cue_competition,C100_label_only,label-only,1,0,0,P1_low_PDU_low_ATT,low PDU / low attention difficulties,0,,,stroop,Stroop color-word task,e3c162ff0c55,395,723,95.8,608,141,85,
IA_minimax_MiniMax-M2.5_20260603T032216Z,ce7ce5f9-1c22-4d4b-99fe-63691fadd423,2,minimax,MiniMax-M2.5,0.7,IA_cue_competition_C100_label_only_P1_low_PDU_low_ATT_stroop,9,4,2026-06-03T03:35:06.588764+00:00,cue_competition,C100_label_only,label-only,1,0,0,P1_low_PDU_low_ATT,low PDU / low attention difficulties,0,,,stroop,Stroop color-word task,e3c162ff0c55,395,723,97.4,576,122,68,
IA_minimax_MiniMax-M2.5_20260603T032216Z,ce7ce5f9-1c22-4d4b-99fe-63691fadd423,2,minimax,MiniMax-M2.5,0.7,IA_cue_competition_C100_label_only_P1_low_PDU_low_ATT_stroop,10,5,2026-06-03T03:35:06.588764+00:00,cue_competition,C100_label_only,label-only,1,0,0,P1_low_PDU_low_ATT,low PDU / low attention difficulties,0,,,stroop,Stroop color-word task,e3c162ff0c55,395,723,96.5,598,136,81,
IA_minimax_MiniMax-M2.5_20260603T032216Z,ed3004e8-025e-4d52-bac5-57f895d67863,3,minimax,MiniMax-M2.5,0.7,IA_cue_competition_C100_label_only_P1_low_PDU_low_ATT_stroop,11,1,2026-06-03T03:35:14.746912+00:00,cue_competition,C100_label_only,label-only,1,0,0,P1_low_PDU_low_ATT,low PDU / low attention difficulties,0,,,stroop,Stroop color-word task,e3c162ff0c55,395,681,97.5,548,128,145,
IA_minimax_MiniMax-M2.5_20260603T032216Z,ed3004e8-025e-4d52-bac5-57f895d67863,3,minimax,MiniMax-M2.5,0.7,IA_cue_competition_C100_label_only_P1_low_PDU_low_ATT_stroop,12,2,2026-06-03T03:35:14.746912+00:00,cue_competition,C100_label_only,label-only,1,0,0,P1_low_PDU_low_ATT,low PDU / low attention difficulties,0,,,stroop,Stroop color-word task,e3c162ff0c55,395,681,98.2,535,122,138,
IA_minimax_MiniMax-M2.5_20260603T032216Z,ed3004e8-025e-4d52-bac5-57f895d67863,3,minimax,MiniMax-M2.5,0.7,IA_cue_competition_C100_label_only_P1_low_PDU_low_ATT_stroop,13,3,2026-06-03T03:35:14.746912+00:00,cue_competition,C100_label_only,label-only,1,0,0,P1_low_PDU_low_ATT,low PDU / low attention difficulties,0,,,stroop,Stroop color-word task,e3c162ff0c55,395,681,97.1,562,135,158,
IA_minimax_MiniMax-M2.5_20260603T032216Z,ed3004e8-025e-4d52-bac5-57f895d67863,3,minimax,MiniMax-M2.5,0.7,IA_cue_competition_C100_label_only_P1_low_PDU_low_ATT_stroop,14,4,2026-06-03T03:35:14.746912+00:00,cue_competition,C100_label_only,label-only,1,0,0,P1_low_PDU_low_ATT,low PDU / low attention difficulties,0,,,stroop,Stroop color-word task,e3c162ff0c55,395,681,98.8,528,118,132,
IA_minimax_MiniMax-M2.5_20260603T032216Z,ed3004e8-025e-4d52-bac5-57f895d67863,3,minimax,MiniMax-M2.5,0.7,IA_cue_competition_C100_label_only_P1_low_PDU_low_ATT_stroop,15,5,2026-06-03T03:35:14.746912+00:00,cue_competition,C100_label_only,label-only,1,0,0,P1_low_PDU_low_ATT,low PDU / low attention difficulties,0,,,stroop,Stroop color-word task,e3c162ff0c55,395,681,97.9,545,130,149,
IA_minimax_MiniMax-M2.5_20260603T032216Z,b5086c48-84a9-44c1-a962-bcd625830aad,4,minimax,MiniMax-M2.5,0.7,IA_cue_competition_C100_label_only_P1_low_PDU_low_ATT_stroop,16,1,2026-06-03T03:35:22.533841+00:00,cue_competition,C100_label_only,label-only,1,0,0,P1_low_PDU_low_ATT,low PDU / low attention difficulties,0,,,stroop,Stroop color-word task,e3c162ff0c55,395,643,97.2,512,78,89,
IA_minimax_MiniMax-M2.5_20260603T032216Z,b5086c48-84a9-44c1-a962-bcd625830aad,4,minimax,MiniMax-M2.5,0.7,IA_cue_competition_C100_label_only_P1_low_PDU_low_ATT_stroop,17,2,2026-06-03T03:35:22.533841+00:00,cue_competition,C100_label_only,label-only,1,0,0,P1_low_PDU_low_ATT,low PDU / low attention difficulties,0,,,stroop,Stroop color-word task,e3c162ff0c55,395,643,96.8,523,82,95,
IA_minimax_MiniMax-M2.5_20260603T032216Z,b5086c48-84a9-44c1-a962-bcd625830aad,4,minimax,MiniMax-M2.5,0.7,IA_cue_competition_C100_label_only_P1_low_PDU_low_ATT_stroop,18,3,2026-06-03T03:35:22.533841+00:00,cue_competition,C100_label_only,label-only,1,0,0,P1_low_PDU_low_ATT,low PDU / low attention difficulties,0,,,stroop,Stroop color-word task,e3c162ff0c55,395,643,98.1,498,71,78,
IA_minimax_MiniMax-M2.5_20260603T032216Z,b5086c48-84a9-44c1-a962-bcd625830aad,4,minimax,MiniMax-M2.5,0.7,IA_cue_competition_C100_label_only_P1_low_PDU_low_ATT_stroop,19,4,2026-06-03T03:35:22.533841+00:00,cue_competition,C100_label_only,label-only,1,0,0,P1_low_PDU_low_ATT,low PDU / low attention difficulties,0,,,stroop,Stroop color-word task,e3c162ff0c55,395,643,97.5,505,75,85,
IA_minimax_MiniMax-M2.5_20260603T032216Z,b5086c48-84a9-44c1-a962-bcd625830aad,4,minimax,MiniMax-M2.5,0.7,IA_cue_competition_C100_label_only_P1_low_PDU_low_ATT_stroop,20,5,2026-06-03T03:35:22.533841+00:00,cue_competition,C100_label_only,label-only,1,0,0,P1_low_PDU_low_ATT,low PDU / low attention difficulties,0,,,stroop,Stroop color-word task,e3c162ff0c55,395,643,96.5,531,88,102,
IA_minimax_MiniMax-M2.5_20260603T032216Z,b979037c-4545-464f-9d0c-74119e648067,1,minimax,MiniMax-M2.5,0.7,IA_cue_competition_C100_label_only_P1_low_PDU_low_ATT_nback,1,1,2026-06-03T03:35:28.850047+00:00,cue_competition,C100_label_only,label-only,1,0,0,P1_low_PDU_low_ATT,low PDU / low attention difficulties,0,,,nback,n-back working-memory task,4f43d69ef8aa,415,456,84.2,92.5,85.3,74.8,
IA_minimax_MiniMax-M2.5_20260603T032216Z,b979037c-4545-464f-9d0c-74119e648067,1,minimax,MiniMax-M2.5,0.7,IA_cue_competition_C100_label_only_P1_low_PDU_low_ATT_nback,2,2,2026-06-03T03:35:28.850047+00:00,cue_competition,C100_label_only,label-only,1,0,0,P1_low_PDU_low_ATT,low PDU / low attention difficulties,0,,,nback,n-back working-memory task,4f43d69ef8aa,415,456,81.7,90.1,82.6,72.4,
IA_minimax_MiniMax-M2.5_20260603T032216Z,b979037c-4545-464f-9d0c-74119e648067,1,minimax,MiniMax-M2.5,0.7,IA_cue_competition_C100_label_only_P1_low_PDU_low_ATT_nback,3,3,2026-06-03T03:35:28.850047+00:00,cue_competition,C100_label_only,label-only,1,0,0,P1_low_PDU_low_ATT,low PDU / low attention difficulties,0,,,nback,n-back working-memory task,4f43d69ef8aa,415,456,86.3,94.2,87.1,77.6,
IA_minimax_MiniMax-M2.5_20260603T032216Z,b979037c-4545-464f-9d0c-74119e648067,1,minimax,MiniMax-M2.5,0.7,IA_cue_competition_C100_label_only_P1_low_PDU_low_ATT_nback,4,4,2026-06-03T03:35:28.850047+00:00,cue_competition,C100_label_only,label-only,1,0,0,P1_low_PDU_low_ATT,low PDU / low attention difficulties,0,,,nback,n-back working-memory task,4f43d69ef8aa,415,456,79.8,88.6,80.2,70.6,
IA_minimax_MiniMax-M2.5_20260603T032216Z,b979037c-4545-464f-9d0c-74119e648067,1,minimax,MiniMax-M2.5,0.7,IA_cue_competition_C100_label_only_P1_low_PDU_low_ATT_nback,5,5,2026-06-03T03:35:28.850047+00:00,cue_competition,C100_label_only,label-only,1,0,0,P1_low_PDU_low_ATT,low PDU / low attention difficulties,0,,,nback,n-back working-memory task,4f43d69ef8aa,415,456,83.1,91.8,84,73.5,
IA_minimax_MiniMax-M2.5_20260603T032216Z,d5a145e1-fb0d-40fc-ac22-bfe35cb1ce15,2,minimax,MiniMax-M2.5,0.7,IA_cue_competition_C100_label_only_P1_low_PDU_low_ATT_nback,6,1,2026-06-03T03:35:37.841320+00:00,cue_competition,C100_label_only,label-only,1,0,0,P1_low_PDU_low_ATT,low PDU / low attention difficulties,0,,,nback,n-back working-memory task,4f43d69ef8aa,415,651,91,95,88,79,
IA_minimax_MiniMax-M2.5_20260603T032216Z,d5a145e1-fb0d-40fc-ac22-bfe35cb1ce15,2,minimax,MiniMax-M2.5,0.7,IA_cue_competition_C100_label_only_P1_low_PDU_low_ATT_nback,7,2,2026-06-03T03:35:37.841320+00:00,cue_competition,C100_label_only,label-only,1,0,0,P1_low_PDU_low_ATT,low PDU / low attention difficulties,0,,,nback,n-back working-memory task,4f43d69ef8aa,415,651,88,93,85,76,
IA_minimax_MiniMax-M2.5_20260603T032216Z,d5a145e1-fb0d-40fc-ac22-bfe35cb1ce15,2,minimax,MiniMax-M2.5,0.7,IA_cue_competition_C100_label_only_P1_low_PDU_low_ATT_nback,8,3,2026-06-03T03:35:37.841320+00:00,cue_competition,C100_label_only,label-only,1,0,0,P1_low_PDU_low_ATT,low PDU / low attention difficulties,0,,,nback,n-back working-memory task,4f43d69ef8aa,415,651,94,97,91,83,
IA_minimax_MiniMax-M2.5_20260603T032216Z,d5a145e1-fb0d-40fc-ac22-bfe35cb1ce15,2,minimax,MiniMax-M2.5,0.7,IA_cue_competition_C100_label_only_P1_low_PDU_low_ATT_nback,9,4,2026-06-03T03:35:37.841320+00:00,cue_competition,C100_label_only,label-only,1,0,0,P1_low_PDU_low_ATT,low PDU / low attention difficulties,0,,,nback,n-back working-memory task,4f43d69ef8aa,415,651,89,94,86,77,
IA_minimax_MiniMax-M2.5_20260603T032216Z,d5a145e1-fb0d-40fc-ac22-bfe35cb1ce15,2,minimax,MiniMax-M2.5,0.7,IA_cue_competition_C100_label_only_P1_low_PDU_low_ATT_nback,10,5,2026-06-03T03:35:37.841320+00:00,cue_competition,C100_label_only,label-only,1,0,0,P1_low_PDU_low_ATT,low PDU / low attention difficulties,0,,,nback,n-back working-memory task,4f43d69ef8aa,415,651,92,96,89,81,
IA_minimax_MiniMax-M2.5_20260603T032216Z,830a1218-fb71-411e-ae13-6f6c78f89ba1,3,minimax,MiniMax-M2.5,0.7,IA_cue_competition_C100_label_only_P1_low_PDU_low_ATT_nback,11,1,2026-06-03T03:35:46.222324+00:00,cue_competition,C100_label_only,label-only,1,0,0,P1_low_PDU_low_ATT,low PDU / low attention difficulties,0,,,nback,n-back working-memory task,4f43d69ef8aa,415,696,92,96,92,85,
IA_minimax_MiniMax-M2.5_20260603T032216Z,830a1218-fb71-411e-ae13-6f6c78f89ba1,3,minimax,MiniMax-M2.5,0.7,IA_cue_competition_C100_label_only_P1_low_PDU_low_ATT_nback,12,2,2026-06-03T03:35:46.222324+00:00,cue_competition,C100_label_only,label-only,1,0,0,P1_low_PDU_low_ATT,low PDU / low attention difficulties,0,,,nback,n-back working-memory task,4f43d69ef8aa,415,696,91,95,91,84,
IA_minimax_MiniMax-M2.5_20260603T032216Z,830a1218-fb71-411e-ae13-6f6c78f89ba1,3,minimax,MiniMax-M2.5,0.7,IA_cue_competition_C100_label_only_P1_low_PDU_low_ATT_nback,13,3,2026-06-03T03:35:46.222324+00:00,cue_competition,C100_label_only,label-only,1,0,0,P1_low_PDU_low_ATT,low PDU / low attention difficulties,0,,,nback,n-back working-memory task,4f43d69ef8aa,415,696,93,97,93,86,
IA_minimax_MiniMax-M2.5_20260603T032216Z,830a1218-fb71-411e-ae13-6f6c78f89ba1,3,minimax,MiniMax-M2.5,0.7,IA_cue_competition_C100_label_only_P1_low_PDU_low_ATT_nback,14,4,2026-06-03T03:35:46.222324+00:00,cue_competition,C100_label_only,label-only,1,0,0,P1_low_PDU_low_ATT,low PDU / low attention difficulties,0,,,nback,n-back working-memory task,4f43d69ef8aa,415,696,90,94,90,83,
IA_minimax_MiniMax-M2.5_20260603T032216Z,830a1218-fb71-411e-ae13-6f6c78f89ba1,3,minimax,MiniMax-M2.5,0.7,IA_cue_competition_C100_label_only_P1_low_PDU_low_ATT_nback,15,5,2026-06-03T03:35:46.222324+00:00,cue_competition,C100_label_only,label-only,1,0,0,P1_low_PDU_low_ATT,low PDU / low attention difficulties,0,,,nback,n-back working-memory task,4f43d69ef8aa,415,696,92,96,92,85,
IA_minimax_MiniMax-M2.5_20260603T032216Z,2477b9d4-f8c8-42d0-8da3-35d7843d71de,4,minimax,MiniMax-M2.5,0.7,IA_cue_competition_C100_label_only_P1_low_PDU_low_ATT_nback,16,1,2026-06-03T03:35:54.482765+00:00,cue_competition,C100_label_only,label-only,1,0,0,P1_low_PDU_low_ATT,low PDU / low attention difficulties,0,,,nback,n-back working-memory task,4f43d69ef8aa,415,684,86,92,85,78,
IA_minimax_MiniMax-M2.5_20260603T032216Z,2477b9d4-f8c8-42d0-8da3-35d7843d71de,4,minimax,MiniMax-M2.5,0.7,IA_cue_competition_C100_label_only_P1_low_PDU_low_ATT_nback,17,2,2026-06-03T03:35:54.482765+00:00,cue_competition,C100_label_only,label-only,1,0,0,P1_low_PDU_low_ATT,low PDU / low attention difficulties,0,,,nback,n-back working-memory task,4f43d69ef8aa,415,684,84,91,83,76,
IA_minimax_MiniMax-M2.5_20260603T032216Z,2477b9d4-f8c8-42d0-8da3-35d7843d71de,4,minimax,MiniMax-M2.5,0.7,IA_cue_competition_C100_label_only_P1_low_PDU_low_ATT_nback,18,3,2026-06-03T03:35:54.482765+00:00,cue_competition,C100_label_only,label-only,1,0,0,P1_low_PDU_low_ATT,low PDU / low attention difficulties,0,,,nback,n-back working-memory task,4f43d69ef8aa,415,684,88,94,87,81,
IA_minimax_MiniMax-M2.5_20260603T032216Z,2477b9d4-f8c8-42d0-8da3-35d7843d71de,4,minimax,MiniMax-M2.5,0.7,IA_cue_competition_C100_label_only_P1_low_PDU_low_ATT_nback,19,4,2026-06-03T03:35:54.482765+00:00,cue_competition,C100_label_only,label-only,1,0,0,P1_low_PDU_low_ATT,low PDU / low attention difficulties,0,,,nback,n-back working-memory task,4f43d69ef8aa,415,684,85,90,84,77,
IA_minimax_MiniMax-M2.5_20260603T032216Z,2477b9d4-f8c8-42d0-8da3-35d7843d71de,4,minimax,MiniMax-M2.5,0.7,IA_cue_competition_C100_label_only_P1_low_PDU_low_ATT_nback,20,5,2026-06-03T03:35:54.482765+00:00,cue_competition,C100_label_only,label-only,1,0,0,P1_low_PDU_low_ATT,low PDU / low attention difficulties,0,,,nback,n-back working-memory task,4f43d69ef8aa,415,684,87,93,86,79,
IA_minimax_MiniMax-M2.5_20260603T032216Z,a08fbd2f-5f3a-49ab-9091-9013010e4c61,1,minimax,MiniMax-M2.5,0.7,IA_cue_competition_C100_label_only_P1_low_PDU_low_ATT_bart,1,1,2026-06-03T03:36:02.908675+00:00,cue_competition,C100_label_only,label-only,1,0,0,P1_low_PDU_low_ATT,low PDU / low attention difficulties,0,,,bart,Balloon Analogue Risk Task,0807bfa49037,409,722,12,28,1,0.25,
IA_minimax_MiniMax-M2.5_20260603T032216Z,a08fbd2f-5f3a-49ab-9091-9013010e4c61,1,minimax,MiniMax-M2.5,0.7,IA_cue_competition_C100_label_only_P1_low_PDU_low_ATT_bart,2,2,2026-06-03T03:36:02.908675+00:00,cue_competition,C100_label_only,label-only,1,0,0,P1_low_PDU_low_ATT,low PDU / low attention difficulties,0,,,bart,Balloon Analogue Risk Task,0807bfa49037,409,722,18,42,0,0.38,
IA_minimax_MiniMax-M2.5_20260603T032216Z,a08fbd2f-5f3a-49ab-9091-9013010e4c61,1,minimax,MiniMax-M2.5,0.7,IA_cue_competition_C100_label_only_P1_low_PDU_low_ATT_bart,3,3,2026-06-03T03:36:02.908675+00:00,cue_competition,C100_label_only,label-only,1,0,0,P1_low_PDU_low_ATT,low PDU / low attention difficulties,0,,,bart,Balloon Analogue Risk Task,0807bfa49037,409,722,15,35,2,0.3,
IA_minimax_MiniMax-M2.5_20260603T032216Z,a08fbd2f-5f3a-49ab-9091-9013010e4c61,1,minimax,MiniMax-M2.5,0.7,IA_cue_competition_C100_label_only_P1_low_PDU_low_ATT_bart,4,4,2026-06-03T03:36:02.908675+00:00,cue_competition,C100_label_only,label-only,1,0,0,P1_low_PDU_low_ATT,low PDU / low attention difficulties,0,,,bart,Balloon Analogue Risk Task,0807bfa49037,409,722,10,22,0,0.18,
IA_minimax_MiniMax-M2.5_20260603T032216Z,a08fbd2f-5f3a-49ab-9091-9013010e4c61,1,minimax,MiniMax-M2.5,0.7,IA_cue_competition_C100_label_only_P1_low_PDU_low_ATT_bart,5,5,2026-06-03T03:36:02.908675+00:00,cue_competition,C100_label_only,label-only,1,0,0,P1_low_PDU_low_ATT,low PDU / low attention difficulties,0,,,bart,Balloon Analogue Risk Task,0807bfa49037,409,722,20,48,1,0.42,
IA_minimax_MiniMax-M2.5_20260603T032216Z,096ba4f1-e1a7-4b7b-a572-dc9ef6e16be2,2,minimax,MiniMax-M2.5,0.7,IA_cue_competition_C100_label_only_P1_low_PDU_low_ATT_bart,6,1,2026-06-03T03:36:10.954532+00:00,cue_competition,C100_label_only,label-only,1,0,0,P1_low_PDU_low_ATT,low PDU / low attention difficulties,0,,,bart,Balloon Analogue Risk Task,0807bfa49037,409,792,9.2,42.5,2,0.34,
IA_minimax_MiniMax-M2.5_20260603T032216Z,096ba4f1-e1a7-4b7b-a572-dc9ef6e16be2,2,minimax,MiniMax-M2.5,0.7,IA_cue_competition_C100_label_only_P1_low_PDU_low_ATT_bart,7,2,2026-06-03T03:36:10.954532+00:00,cue_competition,C100_label_only,label-only,1,0,0,P1_low_PDU_low_ATT,low PDU / low attention difficulties,0,,,bart,Balloon Analogue Risk Task,0807bfa49037,409,792,10.5,48.75,3,0.41,
IA_minimax_MiniMax-M2.5_20260603T032216Z,096ba4f1-e1a7-4b7b-a572-dc9ef6e16be2,2,minimax,MiniMax-M2.5,0.7,IA_cue_competition_C100_label_only_P1_low_PDU_low_ATT_bart,8,3,2026-06-03T03:36:10.954532+00:00,cue_competition,C100_label_only,label-only,1,0,0,P1_low_PDU_low_ATT,low PDU / low attention difficulties,0,,,bart,Balloon Analogue Risk Task,0807bfa49037,409,792,8.1,35.25,1,0.28,
IA_minimax_MiniMax-M2.5_20260603T032216Z,096ba4f1-e1a7-4b7b-a572-dc9ef6e16be2,2,minimax,MiniMax-M2.5,0.7,IA_cue_competition_C100_label_only_P1_low_PDU_low_ATT_bart,9,4,2026-06-03T03:36:10.954532+00:00,cue_competition,C100_label_only,label-only,1,0,0,P1_low_PDU_low_ATT,low PDU / low attention difficulties,0,,,bart,Balloon Analogue Risk Task,0807bfa49037,409,792,11.3,52,3,0.45,
IA_minimax_MiniMax-M2.5_20260603T032216Z,096ba4f1-e1a7-4b7b-a572-dc9ef6e16be2,2,minimax,MiniMax-M2.5,0.7,IA_cue_competition_C100_label_only_P1_low_PDU_low_ATT_bart,10,5,2026-06-03T03:36:10.954532+00:00,cue_competition,C100_label_only,label-only,1,0,0,P1_low_PDU_low_ATT,low PDU / low attention difficulties,0,,,bart,Balloon Analogue Risk Task,0807bfa49037,409,792,9.8,44.5,2,0.37,
IA_minimax_MiniMax-M2.5_20260603T032216Z,51bdffe9-537a-4adb-b166-e99572cc88bd,3,minimax,MiniMax-M2.5,0.7,IA_cue_competition_C100_label_only_P1_low_PDU_low_ATT_bart,11,1,2026-06-03T03:36:20.268607+00:00,cue_competition,C100_label_only,label-only,1,0,0,P1_low_PDU_low_ATT,low PDU / low attention difficulties,0,,,bart,Balloon Analogue Risk Task,0807bfa49037,409,698,25,85,2,0.55,
IA_minimax_MiniMax-M2.5_20260603T032216Z,51bdffe9-537a-4adb-b166-e99572cc88bd,3,minimax,MiniMax-M2.5,0.7,IA_cue_competition_C100_label_only_P1_low_PDU_low_ATT_bart,12,2,2026-06-03T03:36:20.268607+00:00,cue_competition,C100_label_only,label-only,1,0,0,P1_low_PDU_low_ATT,low PDU / low attention difficulties,0,,,bart,Balloon Analogue Risk Task,0807bfa49037,409,698,28,92,1,0.62,
IA_minimax_MiniMax-M2.5_20260603T032216Z,51bdffe9-537a-4adb-b166-e99572cc88bd,3,minimax,MiniMax-M2.5,0.7,IA_cue_competition_C100_label_only_P1_low_PDU_low_ATT_bart,13,3,2026-06-03T03:36:20.268607+00:00,cue_competition,C100_label_only,label-only,1,0,0,P1_low_PDU_low_ATT,low PDU / low attention difficulties,0,,,bart,Balloon Analogue Risk Task,0807bfa49037,409,698,22,78,3,0.48,
IA_minimax_MiniMax-M2.5_20260603T032216Z,51bdffe9-537a-4adb-b166-e99572cc88bd,3,minimax,MiniMax-M2.5,0.7,IA_cue_competition_C100_label_only_P1_low_PDU_low_ATT_bart,14,4,2026-06-03T03:36:20.268607+00:00,cue_competition,C100_label_only,label-only,1,0,0,P1_low_PDU_low_ATT,low PDU / low attention difficulties,0,,,bart,Balloon Analogue Risk Task,0807bfa49037,409,698,30,95,1,0.68,
IA_minimax_MiniMax-M2.5_20260603T032216Z,51bdffe9-537a-4adb-b166-e99572cc88bd,3,minimax,MiniMax-M2.5,0.7,IA_cue_competition_C100_label_only_P1_low_PDU_low_ATT_bart,15,5,2026-06-03T03:36:20.268607+00:00,cue_competition,C100_label_only,label-only,1,0,0,P1_low_PDU_low_ATT,low PDU / low attention difficulties,0,,,bart,Balloon Analogue Risk Task,0807bfa49037,409,698,24,82,2,0.52,
IA_minimax_MiniMax-M2.5_20260603T032216Z,d63615da-f5c0-493b-93bf-379348dcdd4b,4,minimax,MiniMax-M2.5,0.7,IA_cue_competition_C100_label_only_P1_low_PDU_low_ATT_bart,16,1,2026-06-03T03:36:28.707815+00:00,cue_competition,C100_label_only,label-only,1,0,0,P1_low_PDU_low_ATT,low PDU / low attention difficulties,0,,,bart,Balloon Analogue Risk Task,0807bfa49037,409,789,4,2.5,1,0.25,
IA_minimax_MiniMax-M2.5_20260603T032216Z,d63615da-f5c0-493b-93bf-379348dcdd4b,4,minimax,MiniMax-M2.5,0.7,IA_cue_competition_C100_label_only_P1_low_PDU_low_ATT_bart,17,2,2026-06-03T03:36:28.707815+00:00,cue_competition,C100_label_only,label-only,1,0,0,P1_low_PDU_low_ATT,low PDU / low attention difficulties,0,,,bart,Balloon Analogue Risk Task,0807bfa49037,409,789,5,3,2,0.3,
IA_minimax_MiniMax-M2.5_20260603T032216Z,d63615da-f5c0-493b-93bf-379348dcdd4b,4,minimax,MiniMax-M2.5,0.7,IA_cue_competition_C100_label_only_P1_low_PDU_low_ATT_bart,18,3,2026-06-03T03:36:28.707815+00:00,cue_competition,C100_label_only,label-only,1,0,0,P1_low_PDU_low_ATT,low PDU / low attention difficulties,0,,,bart,Balloon Analogue Risk Task,0807bfa49037,409,789,6,3.5,1,0.35,
IA_minimax_MiniMax-M2.5_20260603T032216Z,d63615da-f5c0-493b-93bf-379348dcdd4b,4,minimax,MiniMax-M2.5,0.7,IA_cue_competition_C100_label_only_P1_low_PDU_low_ATT_bart,19,4,2026-06-03T03:36:28.707815+00:00,cue_competition,C100_label_only,label-only,1,0,0,P1_low_PDU_low_ATT,low PDU / low attention difficulties,0,,,bart,Balloon Analogue Risk Task,0807bfa49037,409,789,4,2,2,0.28,
IA_minimax_MiniMax-M2.5_20260603T032216Z,d63615da-f5c0-493b-93bf-379348dcdd4b,4,minimax,MiniMax-M2.5,0.7,IA_cue_competition_C100_label_only_P1_low_PDU_low_ATT_bart,20,5,2026-06-03T03:36:28.707815+00:00,cue_competition,C100_label_only,label-only,1,0,0,P1_low_PDU_low_ATT,low PDU / low attention difficulties,0,,,bart,Balloon Analogue Risk Task,0807bfa49037,409,789,5,2.8,1,0.32,
IA_minimax_MiniMax-M2.5_20260603T032216Z,e545dc98-e595-42cf-bc26-5ed8c3fa1882,1,minimax,MiniMax-M2.5,0.7,IA_cue_competition_C100_label_only_P1_low_PDU_low_ATT_ddt,1,1,2026-06-03T03:36:37.983631+00:00,cue_competition,C100_label_only,label-only,1,0,0,P1_low_PDU_low_ATT,low PDU / low attention difficulties,0,,,ddt,Delay Discounting Task,53e892b42d52,392,632,0.008,-4.828,0.18,,
IA_minimax_MiniMax-M2.5_20260603T032216Z,e545dc98-e595-42cf-bc26-5ed8c3fa1882,1,minimax,MiniMax-M2.5,0.7,IA_cue_competition_C100_label_only_P1_low_PDU_low_ATT_ddt,2,2,2026-06-03T03:36:37.983631+00:00,cue_competition,C100_label_only,label-only,1,0,0,P1_low_PDU_low_ATT,low PDU / low attention difficulties,0,,,ddt,Delay Discounting Task,53e892b42d52,392,632,0.012,-4.423,0.22,,
IA_minimax_MiniMax-M2.5_20260603T032216Z,e545dc98-e595-42cf-bc26-5ed8c3fa1882,1,minimax,MiniMax-M2.5,0.7,IA_cue_competition_C100_label_only_P1_low_PDU_low_ATT_ddt,3,3,2026-06-03T03:36:37.983631+00:00,cue_competition,C100_label_only,label-only,1,0,0,P1_low_PDU_low_ATT,low PDU / low attention difficulties,0,,,ddt,Delay Discounting Task,53e892b42d52,392,632,0.006,-5.116,0.15,,
IA_minimax_MiniMax-M2.5_20260603T032216Z,e545dc98-e595-42cf-bc26-5ed8c3fa1882,1,minimax,MiniMax-M2.5,0.7,IA_cue_competition_C100_label_only_P1_low_PDU_low_ATT_ddt,4,4,2026-06-03T03:36:37.983631+00:00,cue_competition,C100_label_only,label-only,1,0,0,P1_low_PDU_low_ATT,low PDU / low attention difficulties,0,,,ddt,Delay Discounting Task,53e892b42d52,392,632,0.01,-4.605,0.2,,
IA_minimax_MiniMax-M2.5_20260603T032216Z,e545dc98-e595-42cf-bc26-5ed8c3fa1882,1,minimax,MiniMax-M2.5,0.7,IA_cue_competition_C100_label_only_P1_low_PDU_low_ATT_ddt,5,5,2026-06-03T03:36:37.983631+00:00,cue_competition,C100_label_only,label-only,1,0,0,P1_low_PDU_low_ATT,low PDU / low attention difficulties,0,,,ddt,Delay Discounting Task,53e892b42d52,392,632,0.007,-4.958,0.17,,
IA_minimax_MiniMax-M2.5_20260603T032216Z,2dfed611-0328-43ca-9951-ae96fab455e2,2,minimax,MiniMax-M2.5,0.7,IA_cue_competition_C100_label_only_P1_low_PDU_low_ATT_ddt,6,1,2026-06-03T03:36:46.857095+00:00,cue_competition,C100_label_only,label-only,1,0,0,P1_low_PDU_low_ATT,low PDU / low attention difficulties,0,,,ddt,Delay Discounting Task,53e892b42d52,392,747,0.012,-4.423,0.22,,
IA_minimax_MiniMax-M2.5_20260603T032216Z,2dfed611-0328-43ca-9951-ae96fab455e2,2,minimax,MiniMax-M2.5,0.7,IA_cue_competition_C100_label_only_P1_low_PDU_low_ATT_ddt,7,2,2026-06-03T03:36:46.857095+00:00,cue_competition,C100_label_only,label-only,1,0,0,P1_low_PDU_low_ATT,low PDU / low attention difficulties,0,,,ddt,Delay Discounting Task,53e892b42d52,392,747,0.008,-4.828,0.18,,
IA_minimax_MiniMax-M2.5_20260603T032216Z,2dfed611-0328-43ca-9951-ae96fab455e2,2,minimax,MiniMax-M2.5,0.7,IA_cue_competition_C100_label_only_P1_low_PDU_low_ATT_ddt,8,3,2026-06-03T03:36:46.857095+00:00,cue_competition,C100_label_only,label-only,1,0,0,P1_low_PDU_low_ATT,low PDU / low attention difficulties,0,,,ddt,Delay Discounting Task,53e892b42d52,392,747,0.015,-4.2,0.26,,
IA_minimax_MiniMax-M2.5_20260603T032216Z,2dfed611-0328-43ca-9951-ae96fab455e2,2,minimax,MiniMax-M2.5,0.7,IA_cue_competition_C100_label_only_P1_low_PDU_low_ATT_ddt,9,4,2026-06-03T03:36:46.857095+00:00,cue_competition,C100_label_only,label-only,1,0,0,P1_low_PDU_low_ATT,low PDU / low attention difficulties,0,,,ddt,Delay Discounting Task,53e892b42d52,392,747,0.01,-4.605,0.2,,
IA_minimax_MiniMax-M2.5_20260603T032216Z,2dfed611-0328-43ca-9951-ae96fab455e2,2,minimax,MiniMax-M2.5,0.7,IA_cue_competition_C100_label_only_P1_low_PDU_low_ATT_ddt,10,5,2026-06-03T03:36:46.857095+00:00,cue_competition,C100_label_only,label-only,1,0,0,P1_low_PDU_low_ATT,low PDU / low attention difficulties,0,,,ddt,Delay Discounting Task,53e892b42d52,392,747,0.006,-5.116,0.16,,
IA_minimax_MiniMax-M2.5_20260603T032216Z,eef00990-42bc-4f63-be14-218f8abae2ca,3,minimax,MiniMax-M2.5,0.7,IA_cue_competition_C100_label_only_P1_low_PDU_low_ATT_ddt,11,1,2026-06-03T03:36:56.097943+00:00,cue_competition,C100_label_only,label-only,1,0,0,P1_low_PDU_low_ATT,low PDU / low attention difficulties,0,,,ddt,Delay Discounting Task,53e892b42d52,392,718,0.0021,-6.17,0.26,,
IA_minimax_MiniMax-M2.5_20260603T032216Z,eef00990-42bc-4f63-be14-218f8abae2ca,3,minimax,MiniMax-M2.5,0.7,IA_cue_competition_C100_label_only_P1_low_PDU_low_ATT_ddt,12,2,2026-06-03T03:36:56.097943+00:00,cue_competition,C100_label_only,label-only,1,0,0,P1_low_PDU_low_ATT,low PDU / low attention difficulties,0,,,ddt,Delay Discounting Task,53e892b42d52,392,718,0.0017,-6.38,0.23,,
IA_minimax_MiniMax-M2.5_20260603T032216Z,eef00990-42bc-4f63-be14-218f8abae2ca,3,minimax,MiniMax-M2.5,0.7,IA_cue_competition_C100_label_only_P1_low_PDU_low_ATT_ddt,13,3,2026-06-03T03:36:56.097943+00:00,cue_competition,C100_label_only,label-only,1,0,0,P1_low_PDU_low_ATT,low PDU / low attention difficulties,0,,,ddt,Delay Discounting Task,53e892b42d52,392,718,0.0028,-5.88,0.31,,
IA_minimax_MiniMax-M2.5_20260603T032216Z,eef00990-42bc-4f63-be14-218f8abae2ca,3,minimax,MiniMax-M2.5,0.7,IA_cue_competition_C100_label_only_P1_low_PDU_low_ATT_ddt,14,4,2026-06-03T03:36:56.097943+00:00,cue_competition,C100_label_only,label-only,1,0,0,P1_low_PDU_low_ATT,low PDU / low attention difficulties,0,,,ddt,Delay Discounting Task,53e892b42d52,392,718,0.0014,-6.57,0.21,,
IA_minimax_MiniMax-M2.5_20260603T032216Z,eef00990-42bc-4f63-be14-218f8abae2ca,3,minimax,MiniMax-M2.5,0.7,IA_cue_competition_C100_label_only_P1_low_PDU_low_ATT_ddt,15,5,2026-06-03T03:36:56.097943+00:00,cue_competition,C100_label_only,label-only,1,0,0,P1_low_PDU_low_ATT,low PDU / low attention difficulties,0,,,ddt,Delay Discounting Task,53e892b42d52,392,718,0.0024,-6.03,0.29,,
IA_minimax_MiniMax-M2.5_20260603T032216Z,f4bd1ed3-b8eb-438b-ae7e-f632daa39c22,4,minimax,MiniMax-M2.5,0.7,IA_cue_competition_C100_label_only_P1_low_PDU_low_ATT_ddt,16,1,2026-06-03T03:37:02.863454+00:00,cue_competition,C100_label_only,label-only,1,0,0,P1_low_PDU_low_ATT,low PDU / low attention difficulties,0,,,ddt,Delay Discounting Task,53e892b42d52,392,544,0.0123,-4.397,0.28,,
IA_minimax_MiniMax-M2.5_20260603T032216Z,f4bd1ed3-b8eb-438b-ae7e-f632daa39c22,4,minimax,MiniMax-M2.5,0.7,IA_cue_competition_C100_label_only_P1_low_PDU_low_ATT_ddt,17,2,2026-06-03T03:37:02.863454+00:00,cue_competition,C100_label_only,label-only,1,0,0,P1_low_PDU_low_ATT,low PDU / low attention difficulties,0,,,ddt,Delay Discounting Task,53e892b42d52,392,544,0.0187,-3.978,0.33,,
IA_minimax_MiniMax-M2.5_20260603T032216Z,f4bd1ed3-b8eb-438b-ae7e-f632daa39c22,4,minimax,MiniMax-M2.5,0.7,IA_cue_competition_C100_label_only_P1_low_PDU_low_ATT_ddt,18,3,2026-06-03T03:37:02.863454+00:00,cue_competition,C100_label_only,label-only,1,0,0,P1_low_PDU_low_ATT,low PDU / low attention difficulties,0,,,ddt,Delay Discounting Task,53e892b42d52,392,544,0.0094,-4.665,0.24,,
IA_minimax_MiniMax-M2.5_20260603T032216Z,f4bd1ed3-b8eb-438b-ae7e-f632daa39c22,4,minimax,MiniMax-M2.5,0.7,IA_cue_competition_C100_label_only_P1_low_PDU_low_ATT_ddt,19,4,2026-06-03T03:37:02.863454+00:00,cue_competition,C100_label_only,label-only,1,0,0,P1_low_PDU_low_ATT,low PDU / low attention difficulties,0,,,ddt,Delay Discounting Task,53e892b42d52,392,544,0.0156,-4.159,0.31,,
IA_minimax_MiniMax-M2.5_20260603T032216Z,f4bd1ed3-b8eb-438b-ae7e-f632daa39c22,4,minimax,MiniMax-M2.5,0.7,IA_cue_competition_C100_label_only_P1_low_PDU_low_ATT_ddt,20,5,2026-06-03T03:37:02.863454+00:00,cue_competition,C100_label_only,label-only,1,0,0,P1_low_PDU_low_ATT,low PDU / low attention difficulties,0,,,ddt,Delay Discounting Task,53e892b42d52,392,544,0.0112,-4.492,0.26,,
IA_minimax_MiniMax-M2.5_20260603T032216Z,537c8f2a-897d-4a9c-98cb-7c55d2edc9cc,1,minimax,MiniMax-M2.5,0.7,IA_cue_competition_C100_label_only_P1_low_PDU_low_ATT_questionnaire,1,1,2026-06-03T03:37:14.081618+00:00,cue_competition,C100_label_only,label-only,1,0,0,P1_low_PDU_low_ATT,low PDU / low attention difficulties,0,,,questionnaire,questionnaire-profile prediction,8ef6e54f4f20,420,833,18,12,14,8,7
IA_minimax_MiniMax-M2.5_20260603T032216Z,537c8f2a-897d-4a9c-98cb-7c55d2edc9cc,1,minimax,MiniMax-M2.5,0.7,IA_cue_competition_C100_label_only_P1_low_PDU_low_ATT_questionnaire,2,2,2026-06-03T03:37:14.081618+00:00,cue_competition,C100_label_only,label-only,1,0,0,P1_low_PDU_low_ATT,low PDU / low attention difficulties,0,,,questionnaire,questionnaire-profile prediction,8ef6e54f4f20,420,833,22,15,17,10,9
IA_minimax_MiniMax-M2.5_20260603T032216Z,537c8f2a-897d-4a9c-98cb-7c55d2edc9cc,1,minimax,MiniMax-M2.5,0.7,IA_cue_competition_C100_label_only_P1_low_PDU_low_ATT_questionnaire,3,3,2026-06-03T03:37:14.081618+00:00,cue_competition,C100_label_only,label-only,1,0,0,P1_low_PDU_low_ATT,low PDU / low attention difficulties,0,,,questionnaire,questionnaire-profile prediction,8ef6e54f4f20,420,833,15,10,12,6,5
IA_minimax_MiniMax-M2.5_20260603T032216Z,537c8f2a-897d-4a9c-98cb-7c55d2edc9cc,1,minimax,MiniMax-M2.5,0.7,IA_cue_competition_C100_label_only_P1_low_PDU_low_ATT_questionnaire,4,4,2026-06-03T03:37:14.081618+00:00,cue_competition,C100_label_only,label-only,1,0,0,P1_low_PDU_low_ATT,low PDU / low attention difficulties,0,,,questionnaire,questionnaire-profile prediction,8ef6e54f4f20,420,833,20,13,15,9,8
IA_minimax_MiniMax-M2.5_20260603T032216Z,537c8f2a-897d-4a9c-98cb-7c55d2edc9cc,1,minimax,MiniMax-M2.5,0.7,IA_cue_competition_C100_label_only_P1_low_PDU_low_ATT_questionnaire,5,5,2026-06-03T03:37:14.081618+00:00,cue_competition,C100_label_only,label-only,1,0,0,P1_low_PDU_low_ATT,low PDU / low attention difficulties,0,,,questionnaire,questionnaire-profile prediction,8ef6e54f4f20,420,833,16,11,13,7,6
IA_minimax_MiniMax-M2.5_20260603T032216Z,9b799c22-7ab6-4ee3-809c-f54752e98ff3,2,minimax,MiniMax-M2.5,0.7,IA_cue_competition_C100_label_only_P1_low_PDU_low_ATT_questionnaire,6,1,2026-06-03T03:37:24.974248+00:00,cue_competition,C100_label_only,label-only,1,0,0,P1_low_PDU_low_ATT,low PDU / low attention difficulties,0,,,questionnaire,questionnaire-profile prediction,8ef6e54f4f20,420,807,14,9,3,1,2
IA_minimax_MiniMax-M2.5_20260603T032216Z,9b799c22-7ab6-4ee3-809c-f54752e98ff3,2,minimax,MiniMax-M2.5,0.7,IA_cue_competition_C100_label_only_P1_low_PDU_low_ATT_questionnaire,7,2,2026-06-03T03:37:24.974248+00:00,cue_competition,C100_label_only,label-only,1,0,0,P1_low_PDU_low_ATT,low PDU / low attention difficulties,0,,,questionnaire,questionnaire-profile prediction,8ef6e54f4f20,420,807,22,15,5,2,3
IA_minimax_MiniMax-M2.5_20260603T032216Z,9b799c22-7ab6-4ee3-809c-f54752e98ff3,2,minimax,MiniMax-M2.5,0.7,IA_cue_competition_C100_label_only_P1_low_PDU_low_ATT_questionnaire,8,3,2026-06-03T03:37:24.974248+00:00,cue_competition,C100_label_only,label-only,1,0,0,P1_low_PDU_low_ATT,low PDU / low attention difficulties,0,,,questionnaire,questionnaire-profile prediction,8ef6e54f4f20,420,807,17,11,4,2,1
IA_minimax_MiniMax-M2.5_20260603T032216Z,9b799c22-7ab6-4ee3-809c-f54752e98ff3,2,minimax,MiniMax-M2.5,0.7,IA_cue_competition_C100_label_only_P1_low_PDU_low_ATT_questionnaire,9,4,2026-06-03T03:37:24.974248+00:00,cue_competition,C100_label_only,label-only,1,0,0,P1_low_PDU_low_ATT,low PDU / low attention difficulties,0,,,questionnaire,questionnaire-profile prediction,8ef6e54f4f20,420,807,11,7,2,1,2
IA_minimax_MiniMax-M2.5_20260603T032216Z,9b799c22-7ab6-4ee3-809c-f54752e98ff3,2,minimax,MiniMax-M2.5,0.7,IA_cue_competition_C100_label_only_P1_low_PDU_low_ATT_questionnaire,10,5,2026-06-03T03:37:24.974248+00:00,cue_competition,C100_label_only,label-only,1,0,0,P1_low_PDU_low_ATT,low PDU / low attention difficulties,0,,,questionnaire,questionnaire-profile prediction,8ef6e54f4f20,420,807,19,13,4,2,2
IA_minimax_MiniMax-M2.5_20260603T032216Z,bb75076d-3ef5-467c-8206-02ce7bdb22de,3,minimax,MiniMax-M2.5,0.7,IA_cue_competition_C100_label_only_P1_low_PDU_low_ATT_questionnaire,11,1,2026-06-03T03:37:33.638910+00:00,cue_competition,C100_label_only,label-only,1,0,0,P1_low_PDU_low_ATT,low PDU / low attention difficulties,0,,,questionnaire,questionnaire-profile prediction,8ef6e54f4f20,420,827,28,24,32,8,9
IA_minimax_MiniMax-M2.5_20260603T032216Z,bb75076d-3ef5-467c-8206-02ce7bdb22de,3,minimax,MiniMax-M2.5,0.7,IA_cue_competition_C100_label_only_P1_low_PDU_low_ATT_questionnaire,12,2,2026-06-03T03:37:33.638910+00:00,cue_competition,C100_label_only,label-only,1,0,0,P1_low_PDU_low_ATT,low PDU / low attention difficulties,0,,,questionnaire,questionnaire-profile prediction,8ef6e54f4f20,420,827,32,28,35,10,11
IA_minimax_MiniMax-M2.5_20260603T032216Z,bb75076d-3ef5-467c-8206-02ce7bdb22de,3,minimax,MiniMax-M2.5,0.7,IA_cue_competition_C100_label_only_P1_low_PDU_low_ATT_questionnaire,13,3,2026-06-03T03:37:33.638910+00:00,cue_competition,C100_label_only,label-only,1,0,0,P1_low_PDU_low_ATT,low PDU / low attention difficulties,0,,,questionnaire,questionnaire-profile prediction,8ef6e54f4f20,420,827,25,22,29,7,8
IA_minimax_MiniMax-M2.5_20260603T032216Z,bb75076d-3ef5-467c-8206-02ce7bdb22de,3,minimax,MiniMax-M2.5,0.7,IA_cue_competition_C100_label_only_P1_low_PDU_low_ATT_questionnaire,14,4,2026-06-03T03:37:33.638910+00:00,cue_competition,C100_label_only,label-only,1,0,0,P1_low_PDU_low_ATT,low PDU / low attention difficulties,0,,,questionnaire,questionnaire-profile prediction,8ef6e54f4f20,420,827,35,30,38,11,12
IA_minimax_MiniMax-M2.5_20260603T032216Z,bb75076d-3ef5-467c-8206-02ce7bdb22de,3,minimax,MiniMax-M2.5,0.7,IA_cue_competition_C100_label_only_P1_low_PDU_low_ATT_questionnaire,15,5,2026-06-03T03:37:33.638910+00:00,cue_competition,C100_label_only,label-only,1,0,0,P1_low_PDU_low_ATT,low PDU / low attention difficulties,0,,,questionnaire,questionnaire-profile prediction,8ef6e54f4f20,420,827,30,26,33,9,10
IA_minimax_MiniMax-M2.5_20260603T032216Z,a835aaf0-2d49-4292-a91d-d0bb60a08d9c,4,minimax,MiniMax-M2.5,0.7,IA_cue_competition_C100_label_only_P1_low_PDU_low_ATT_questionnaire,16,1,2026-06-03T03:37:42.902454+00:00,cue_competition,C100_label_only,label-only,1,0,0,P1_low_PDU_low_ATT,low PDU / low attention difficulties,0,,,questionnaire,questionnaire-profile prediction,8ef6e54f4f20,420,823,12,8,15,3,2
IA_minimax_MiniMax-M2.5_20260603T032216Z,a835aaf0-2d49-4292-a91d-d0bb60a08d9c,4,minimax,MiniMax-M2.5,0.7,IA_cue_competition_C100_label_only_P1_low_PDU_low_ATT_questionnaire,17,2,2026-06-03T03:37:42.902454+00:00,cue_competition,C100_label_only,label-only,1,0,0,P1_low_PDU_low_ATT,low PDU / low attention difficulties,0,,,questionnaire,questionnaire-profile prediction,8ef6e54f4f20,420,823,10,7,12,2,3
IA_minimax_MiniMax-M2.5_20260603T032216Z,a835aaf0-2d49-4292-a91d-d0bb60a08d9c,4,minimax,MiniMax-M2.5,0.7,IA_cue_competition_C100_label_only_P1_low_PDU_low_ATT_questionnaire,18,3,2026-06-03T03:37:42.902454+00:00,cue_competition,C100_label_only,label-only,1,0,0,P1_low_PDU_low_ATT,low PDU / low attention difficulties,0,,,questionnaire,questionnaire-profile prediction,8ef6e54f4f20,420,823,14,9,18,4,2
IA_minimax_MiniMax-M2.5_20260603T032216Z,a835aaf0-2d49-4292-a91d-d0bb60a08d9c,4,minimax,MiniMax-M2.5,0.7,IA_cue_competition_C100_label_only_P1_low_PDU_low_ATT_questionnaire,19,4,2026-06-03T03:37:42.902454+00:00,cue_competition,C100_label_only,label-only,1,0,0,P1_low_PDU_low_ATT,low PDU / low attention difficulties,0,,,questionnaire,questionnaire-profile prediction,8ef6e54f4f20,420,823,11,6,14,3,1
IA_minimax_MiniMax-M2.5_20260603T032216Z,a835aaf0-2d49-4292-a91d-d0bb60a08d9c,4,minimax,MiniMax-M2.5,0.7,IA_cue_competition_C100_label_only_P1_low_PDU_low_ATT_questionnaire,20,5,2026-06-03T03:37:42.902454+00:00,cue_competition,C100_label_only,label-only,1,0,0,P1_low_PDU_low_ATT,low PDU / low attention difficulties,0,,,questionnaire,questionnaire-profile prediction,8ef6e54f4f20,420,823,13,8,16,4,3
IA_minimax_MiniMax-M2.5_20260603T032216Z,3ef1a4f6-8a78-42e6-8b23-ee266a0b350c,1,minimax,MiniMax-M2.5,0.7,IA_cue_competition_C100_label_only_P2_moderate_PDU_low_ATT_stroop,1,1,2026-06-03T03:37:49.921770+00:00,cue_competition,C100_label_only,label-only,1,0,0,P2_moderate_PDU_low_ATT,moderate PDU / low attention difficulties,1,,,stroop,Stroop color-word task,e89606f77e1b,395,641,93.2,542,98,105,
IA_minimax_MiniMax-M2.5_20260603T032216Z,3ef1a4f6-8a78-42e6-8b23-ee266a0b350c,1,minimax,MiniMax-M2.5,0.7,IA_cue_competition_C100_label_only_P2_moderate_PDU_low_ATT_stroop,2,2,2026-06-03T03:37:49.921770+00:00,cue_competition,C100_label_only,label-only,1,0,0,P2_moderate_PDU_low_ATT,moderate PDU / low attention difficulties,1,,,stroop,Stroop color-word task,e89606f77e1b,395,641,91.8,558,112,118,
IA_minimax_MiniMax-M2.5_20260603T032216Z,3ef1a4f6-8a78-42e6-8b23-ee266a0b350c,1,minimax,MiniMax-M2.5,0.7,IA_cue_competition_C100_label_only_P2_moderate_PDU_low_ATT_stroop,3,3,2026-06-03T03:37:49.921770+00:00,cue_competition,C100_label_only,label-only,1,0,0,P2_moderate_PDU_low_ATT,moderate PDU / low attention difficulties,1,,,stroop,Stroop color-word task,e89606f77e1b,395,641,94.5,531,89,97,
IA_minimax_MiniMax-M2.5_20260603T032216Z,3ef1a4f6-8a78-42e6-8b23-ee266a0b350c,1,minimax,MiniMax-M2.5,0.7,IA_cue_competition_C100_label_only_P2_moderate_PDU_low_ATT_stroop,4,4,2026-06-03T03:37:49.921770+00:00,cue_competition,C100_label_only,label-only,1,0,0,P2_moderate_PDU_low_ATT,moderate PDU / low attention difficulties,1,,,stroop,Stroop color-word task,e89606f77e1b,395,641,92.1,549,105,112,
IA_minimax_MiniMax-M2.5_20260603T032216Z,3ef1a4f6-8a78-42e6-8b23-ee266a0b350c,1,minimax,MiniMax-M2.5,0.7,IA_cue_competition_C100_label_only_P2_moderate_PDU_low_ATT_stroop,5,5,2026-06-03T03:37:49.921770+00:00,cue_competition,C100_label_only,label-only,1,0,0,P2_moderate_PDU_low_ATT,moderate PDU / low attention difficulties,1,,,stroop,Stroop color-word task,e89606f77e1b,395,641,93.8,545,102,108,
IA_minimax_MiniMax-M2.5_20260603T032216Z,ce03a331-c35b-4a85-be4e-d5a538b4030b,2,minimax,MiniMax-M2.5,0.7,IA_cue_competition_C100_label_only_P2_moderate_PDU_low_ATT_stroop,6,1,2026-06-03T03:37:55.206540+00:00,cue_competition,C100_label_only,label-only,1,0,0,P2_moderate_PDU_low_ATT,moderate PDU / low attention difficulties,1,,,stroop,Stroop color-word task,e89606f77e1b,395,455,97.2,498,112,87,
IA_minimax_MiniMax-M2.5_20260603T032216Z,ce03a331-c35b-4a85-be4e-d5a538b4030b,2,minimax,MiniMax-M2.5,0.7,IA_cue_competition_C100_label_only_P2_moderate_PDU_low_ATT_stroop,7,2,2026-06-03T03:37:55.206540+00:00,cue_competition,C100_label_only,label-only,1,0,0,P2_moderate_PDU_low_ATT,moderate PDU / low attention difficulties,1,,,stroop,Stroop color-word task,e89606f77e1b,395,455,96.8,512,118,92,
IA_minimax_MiniMax-M2.5_20260603T032216Z,ce03a331-c35b-4a85-be4e-d5a538b4030b,2,minimax,MiniMax-M2.5,0.7,IA_cue_competition_C100_label_only_P2_moderate_PDU_low_ATT_stroop,8,3,2026-06-03T03:37:55.206540+00:00,cue_competition,C100_label_only,label-only,1,0,0,P2_moderate_PDU_low_ATT,moderate PDU / low attention difficulties,1,,,stroop,Stroop color-word task,e89606f77e1b,395,455,97.5,487,105,78,
IA_minimax_MiniMax-M2.5_20260603T032216Z,ce03a331-c35b-4a85-be4e-d5a538b4030b,2,minimax,MiniMax-M2.5,0.7,IA_cue_competition_C100_label_only_P2_moderate_PDU_low_ATT_stroop,9,4,2026-06-03T03:37:55.206540+00:00,cue_competition,C100_label_only,label-only,1,0,0,P2_moderate_PDU_low_ATT,moderate PDU / low attention difficulties,1,,,stroop,Stroop color-word task,e89606f77e1b,395,455,96.4,523,125,95,
IA_minimax_MiniMax-M2.5_20260603T032216Z,ce03a331-c35b-4a85-be4e-d5a538b4030b,2,minimax,MiniMax-M2.5,0.7,IA_cue_competition_C100_label_only_P2_moderate_PDU_low_ATT_stroop,10,5,2026-06-03T03:37:55.206540+00:00,cue_competition,C100_label_only,label-only,1,0,0,P2_moderate_PDU_low_ATT,moderate PDU / low attention difficulties,1,,,stroop,Stroop color-word task,e89606f77e1b,395,455,97.1,505,108,84,
IA_minimax_MiniMax-M2.5_20260603T032216Z,32aa8029-8906-4d05-a1f8-71a9420418d1,3,minimax,MiniMax-M2.5,0.7,IA_cue_competition_C100_label_only_P2_moderate_PDU_low_ATT_stroop,11,1,2026-06-03T03:38:02.234305+00:00,cue_competition,C100_label_only,label-only,1,0,0,P2_moderate_PDU_low_ATT,moderate PDU / low attention difficulties,1,,,stroop,Stroop color-word task,e89606f77e1b,395,644,96.5,485,85,95,
IA_minimax_MiniMax-M2.5_20260603T032216Z,32aa8029-8906-4d05-a1f8-71a9420418d1,3,minimax,MiniMax-M2.5,0.7,IA_cue_competition_C100_label_only_P2_moderate_PDU_low_ATT_stroop,12,2,2026-06-03T03:38:02.234305+00:00,cue_competition,C100_label_only,label-only,1,0,0,P2_moderate_PDU_low_ATT,moderate PDU / low attention difficulties,1,,,stroop,Stroop color-word task,e89606f77e1b,395,644,97.2,472,78,88,
IA_minimax_MiniMax-M2.5_20260603T032216Z,32aa8029-8906-4d05-a1f8-71a9420418d1,3,minimax,MiniMax-M2.5,0.7,IA_cue_competition_C100_label_only_P2_moderate_PDU_low_ATT_stroop,13,3,2026-06-03T03:38:02.234305+00:00,cue_competition,C100_label_only,label-only,1,0,0,P2_moderate_PDU_low_ATT,moderate PDU / low attention difficulties,1,,,stroop,Stroop color-word task,e89606f77e1b,395,644,95.8,498,92,102,
IA_minimax_MiniMax-M2.5_20260603T032216Z,32aa8029-8906-4d05-a1f8-71a9420418d1,3,minimax,MiniMax-M2.5,0.7,IA_cue_competition_C100_label_only_P2_moderate_PDU_low_ATT_stroop,14,4,2026-06-03T03:38:02.234305+00:00,cue_competition,C100_label_only,label-only,1,0,0,P2_moderate_PDU_low_ATT,moderate PDU / low attention difficulties,1,,,stroop,Stroop color-word task,e89606f77e1b,395,644,97,480,82,91,
IA_minimax_MiniMax-M2.5_20260603T032216Z,32aa8029-8906-4d05-a1f8-71a9420418d1,3,minimax,MiniMax-M2.5,0.7,IA_cue_competition_C100_label_only_P2_moderate_PDU_low_ATT_stroop,15,5,2026-06-03T03:38:02.234305+00:00,cue_competition,C100_label_only,label-only,1,0,0,P2_moderate_PDU_low_ATT,moderate PDU / low attention difficulties,1,,,stroop,Stroop color-word task,e89606f77e1b,395,644,96.2,490,88,97,
IA_minimax_MiniMax-M2.5_20260603T032216Z,d9e6824a-fdaf-4652-b5b6-d66af3534b2d,4,minimax,MiniMax-M2.5,0.7,IA_cue_competition_C100_label_only_P2_moderate_PDU_low_ATT_stroop,16,1,2026-06-03T03:38:09.561882+00:00,cue_competition,C100_label_only,label-only,1,0,0,P2_moderate_PDU_low_ATT,moderate PDU / low attention difficulties,1,,,stroop,Stroop color-word task,e89606f77e1b,395,603,92,580,95,65,
IA_minimax_MiniMax-M2.5_20260603T032216Z,d9e6824a-fdaf-4652-b5b6-d66af3534b2d,4,minimax,MiniMax-M2.5,0.7,IA_cue_competition_C100_label_only_P2_moderate_PDU_low_ATT_stroop,17,2,2026-06-03T03:38:09.561882+00:00,cue_competition,C100_label_only,label-only,1,0,0,P2_moderate_PDU_low_ATT,moderate PDU / low attention difficulties,1,,,stroop,Stroop color-word task,e89606f77e1b,395,603,94,560,90,60,
IA_minimax_MiniMax-M2.5_20260603T032216Z,d9e6824a-fdaf-4652-b5b6-d66af3534b2d,4,minimax,MiniMax-M2.5,0.7,IA_cue_competition_C100_label_only_P2_moderate_PDU_low_ATT_stroop,18,3,2026-06-03T03:38:09.561882+00:00,cue_competition,C100_label_only,label-only,1,0,0,P2_moderate_PDU_low_ATT,moderate PDU / low attention difficulties,1,,,stroop,Stroop color-word task,e89606f77e1b,395,603,91,595,100,70,
IA_minimax_MiniMax-M2.5_20260603T032216Z,d9e6824a-fdaf-4652-b5b6-d66af3534b2d,4,minimax,MiniMax-M2.5,0.7,IA_cue_competition_C100_label_only_P2_moderate_PDU_low_ATT_stroop,19,4,2026-06-03T03:38:09.561882+00:00,cue_competition,C100_label_only,label-only,1,0,0,P2_moderate_PDU_low_ATT,moderate PDU / low attention difficulties,1,,,stroop,Stroop color-word task,e89606f77e1b,395,603,93,570,92,62,
IA_minimax_MiniMax-M2.5_20260603T032216Z,d9e6824a-fdaf-4652-b5b6-d66af3534b2d,4,minimax,MiniMax-M2.5,0.7,IA_cue_competition_C100_label_only_P2_moderate_PDU_low_ATT_stroop,20,5,2026-06-03T03:38:09.561882+00:00,cue_competition,C100_label_only,label-only,1,0,0,P2_moderate_PDU_low_ATT,moderate PDU / low attention difficulties,1,,,stroop,Stroop color-word task,e89606f77e1b,395,603,95,555,88,58,
IA_minimax_MiniMax-M2.5_20260603T032216Z,a9d39bab-3359-4edb-8cf4-66da5f7d8038,1,minimax,MiniMax-M2.5,0.7,IA_cue_competition_C100_label_only_P2_moderate_PDU_low_ATT_nback,1,1,2026-06-03T03:38:19.160657+00:00,cue_competition,C100_label_only,label-only,1,0,0,P2_moderate_PDU_low_ATT,moderate PDU / low attention difficulties,1,,,nback,n-back working-memory task,a50280cd701c,415,894,87,94,88,80,
IA_minimax_MiniMax-M2.5_20260603T032216Z,a9d39bab-3359-4edb-8cf4-66da5f7d8038,1,minimax,MiniMax-M2.5,0.7,IA_cue_competition_C100_label_only_P2_moderate_PDU_low_ATT_nback,2,2,2026-06-03T03:38:19.160657+00:00,cue_competition,C100_label_only,label-only,1,0,0,P2_moderate_PDU_low_ATT,moderate PDU / low attention difficulties,1,,,nback,n-back working-memory task,a50280cd701c,415,894,84,92,84,76,
IA_minimax_MiniMax-M2.5_20260603T032216Z,a9d39bab-3359-4edb-8cf4-66da5f7d8038,1,minimax,MiniMax-M2.5,0.7,IA_cue_competition_C100_label_only_P2_moderate_PDU_low_ATT_nback,3,3,2026-06-03T03:38:19.160657+00:00,cue_competition,C100_label_only,label-only,1,0,0,P2_moderate_PDU_low_ATT,moderate PDU / low attention difficulties,1,,,nback,n-back working-memory task,a50280cd701c,415,894,89,95,90,82,
IA_minimax_MiniMax-M2.5_20260603T032216Z,a9d39bab-3359-4edb-8cf4-66da5f7d8038,1,minimax,MiniMax-M2.5,0.7,IA_cue_competition_C100_label_only_P2_moderate_PDU_low_ATT_nback,4,4,2026-06-03T03:38:19.160657+00:00,cue_competition,C100_label_only,label-only,1,0,0,P2_moderate_PDU_low_ATT,moderate PDU / low attention difficulties,1,,,nback,n-back working-memory task,a50280cd701c,415,894,85,93,85,77,
IA_minimax_MiniMax-M2.5_20260603T032216Z,a9d39bab-3359-4edb-8cf4-66da5f7d8038,1,minimax,MiniMax-M2.5,0.7,IA_cue_competition_C100_label_only_P2_moderate_PDU_low_ATT_nback,5,5,2026-06-03T03:38:19.160657+00:00,cue_competition,C100_label_only,label-only,1,0,0,P2_moderate_PDU_low_ATT,moderate PDU / low attention difficulties,1,,,nback,n-back working-memory task,a50280cd701c,415,894,88,94,89,81,
IA_minimax_MiniMax-M2.5_20260603T032216Z,6fcd20f9-10a3-44a2-b889-0627193e3363,2,minimax,MiniMax-M2.5,0.7,IA_cue_competition_C100_label_only_P2_moderate_PDU_low_ATT_nback,6,1,2026-06-03T03:38:26.403597+00:00,cue_competition,C100_label_only,label-only,1,0,0,P2_moderate_PDU_low_ATT,moderate PDU / low attention difficulties,1,,,nback,n-back working-memory task,a50280cd701c,415,590,85,92,84,75,
IA_minimax_MiniMax-M2.5_20260603T032216Z,6fcd20f9-10a3-44a2-b889-0627193e3363,2,minimax,MiniMax-M2.5,0.7,IA_cue_competition_C100_label_only_P2_moderate_PDU_low_ATT_nback,7,2,2026-06-03T03:38:26.403597+00:00,cue_competition,C100_label_only,label-only,1,0,0,P2_moderate_PDU_low_ATT,moderate PDU / low attention difficulties,1,,,nback,n-back working-memory task,a50280cd701c,415,590,83,90,82,73,
IA_minimax_MiniMax-M2.5_20260603T032216Z,6fcd20f9-10a3-44a2-b889-0627193e3363,2,minimax,MiniMax-M2.5,0.7,IA_cue_competition_C100_label_only_P2_moderate_PDU_low_ATT_nback,8,3,2026-06-03T03:38:26.403597+00:00,cue_competition,C100_label_only,label-only,1,0,0,P2_moderate_PDU_low_ATT,moderate PDU / low attention difficulties,1,,,nback,n-back working-memory task,a50280cd701c,415,590,87,93,86,78,
IA_minimax_MiniMax-M2.5_20260603T032216Z,6fcd20f9-10a3-44a2-b889-0627193e3363,2,minimax,MiniMax-M2.5,0.7,IA_cue_competition_C100_label_only_P2_moderate_PDU_low_ATT_nback,9,4,2026-06-03T03:38:26.403597+00:00,cue_competition,C100_label_only,label-only,1,0,0,P2_moderate_PDU_low_ATT,moderate PDU / low attention difficulties,1,,,nback,n-back working-memory task,a50280cd701c,415,590,82,89,81,72,
IA_minimax_MiniMax-M2.5_20260603T032216Z,6fcd20f9-10a3-44a2-b889-0627193e3363,2,minimax,MiniMax-M2.5,0.7,IA_cue_competition_C100_label_only_P2_moderate_PDU_low_ATT_nback,10,5,2026-06-03T03:38:26.403597+00:00,cue_competition,C100_label_only,label-only,1,0,0,P2_moderate_PDU_low_ATT,moderate PDU / low attention difficulties,1,,,nback,n-back working-memory task,a50280cd701c,415,590,86,91,85,76,
IA_minimax_MiniMax-M2.5_20260603T032216Z,dd07f13c-0155-4850-9fbc-53afafefea72,3,minimax,MiniMax-M2.5,0.7,IA_cue_competition_C100_label_only_P2_moderate_PDU_low_ATT_nback,11,1,2026-06-03T03:38:32.469399+00:00,cue_competition,C100_label_only,label-only,1,0,0,P2_moderate_PDU_low_ATT,moderate PDU / low attention difficulties,1,,,nback,n-back working-memory task,a50280cd701c,415,504,81.2,89.5,80.1,74,
IA_minimax_MiniMax-M2.5_20260603T032216Z,dd07f13c-0155-4850-9fbc-53afafefea72,3,minimax,MiniMax-M2.5,0.7,IA_cue_competition_C100_label_only_P2_moderate_PDU_low_ATT_nback,12,2,2026-06-03T03:38:32.469399+00:00,cue_competition,C100_label_only,label-only,1,0,0,P2_moderate_PDU_low_ATT,moderate PDU / low attention difficulties,1,,,nback,n-back working-memory task,a50280cd701c,415,504,78.6,87.2,77.8,70.8,
IA_minimax_MiniMax-M2.5_20260603T032216Z,dd07f13c-0155-4850-9fbc-53afafefea72,3,minimax,MiniMax-M2.5,0.7,IA_cue_competition_C100_label_only_P2_moderate_PDU_low_ATT_nback,13,3,2026-06-03T03:38:32.469399+00:00,cue_competition,C100_label_only,label-only,1,0,0,P2_moderate_PDU_low_ATT,moderate PDU / low attention difficulties,1,,,nback,n-back working-memory task,a50280cd701c,415,504,82.9,91.3,82.4,75,
IA_minimax_MiniMax-M2.5_20260603T032216Z,dd07f13c-0155-4850-9fbc-53afafefea72,3,minimax,MiniMax-M2.5,0.7,IA_cue_competition_C100_label_only_P2_moderate_PDU_low_ATT_nback,14,4,2026-06-03T03:38:32.469399+00:00,cue_competition,C100_label_only,label-only,1,0,0,P2_moderate_PDU_low_ATT,moderate PDU / low attention difficulties,1,,,nback,n-back working-memory task,a50280cd701c,415,504,79.4,88,78.5,71.7,
IA_minimax_MiniMax-M2.5_20260603T032216Z,dd07f13c-0155-4850-9fbc-53afafefea72,3,minimax,MiniMax-M2.5,0.7,IA_cue_competition_C100_label_only_P2_moderate_PDU_low_ATT_nback,15,5,2026-06-03T03:38:32.469399+00:00,cue_competition,C100_label_only,label-only,1,0,0,P2_moderate_PDU_low_ATT,moderate PDU / low attention difficulties,1,,,nback,n-back working-memory task,a50280cd701c,415,504,80.7,90.1,79.6,72.4,
IA_minimax_MiniMax-M2.5_20260603T032216Z,04cbbc58-f2f0-42d2-b1ba-4233341706b1,4,minimax,MiniMax-M2.5,0.7,IA_cue_competition_C100_label_only_P2_moderate_PDU_low_ATT_nback,16,1,2026-06-03T03:38:40.519442+00:00,cue_competition,C100_label_only,label-only,1,0,0,P2_moderate_PDU_low_ATT,moderate PDU / low attention difficulties,1,,,nback,n-back working-memory task,a50280cd701c,415,630,85,92,84,79,
IA_minimax_MiniMax-M2.5_20260603T032216Z,04cbbc58-f2f0-42d2-b1ba-4233341706b1,4,minimax,MiniMax-M2.5,0.7,IA_cue_competition_C100_label_only_P2_moderate_PDU_low_ATT_nback,17,2,2026-06-03T03:38:40.519442+00:00,cue_competition,C100_label_only,label-only,1,0,0,P2_moderate_PDU_low_ATT,moderate PDU / low attention difficulties,1,,,nback,n-back working-memory task,a50280cd701c,415,630,83,90,82,77,
IA_minimax_MiniMax-M2.5_20260603T032216Z,04cbbc58-f2f0-42d2-b1ba-4233341706b1,4,minimax,MiniMax-M2.5,0.7,IA_cue_competition_C100_label_only_P2_moderate_PDU_low_ATT_nback,18,3,2026-06-03T03:38:40.519442+00:00,cue_competition,C100_label_only,label-only,1,0,0,P2_moderate_PDU_low_ATT,moderate PDU / low attention difficulties,1,,,nback,n-back working-memory task,a50280cd701c,415,630,87,94,86,81,
IA_minimax_MiniMax-M2.5_20260603T032216Z,04cbbc58-f2f0-42d2-b1ba-4233341706b1,4,minimax,MiniMax-M2.5,0.7,IA_cue_competition_C100_label_only_P2_moderate_PDU_low_ATT_nback,19,4,2026-06-03T03:38:40.519442+00:00,cue_competition,C100_label_only,label-only,1,0,0,P2_moderate_PDU_low_ATT,moderate PDU / low attention difficulties,1,,,nback,n-back working-memory task,a50280cd701c,415,630,82,89,80,77,
IA_minimax_MiniMax-M2.5_20260603T032216Z,04cbbc58-f2f0-42d2-b1ba-4233341706b1,4,minimax,MiniMax-M2.5,0.7,IA_cue_competition_C100_label_only_P2_moderate_PDU_low_ATT_nback,20,5,2026-06-03T03:38:40.519442+00:00,cue_competition,C100_label_only,label-only,1,0,0,P2_moderate_PDU_low_ATT,moderate PDU / low attention difficulties,1,,,nback,n-back working-memory task,a50280cd701c,415,630,86,93,85,80,
IA_minimax_MiniMax-M2.5_20260603T032216Z,5963cc58-ebfd-4845-97c0-ff0f85d1793b,1,minimax,MiniMax-M2.5,0.7,IA_cue_competition_C100_label_only_P2_moderate_PDU_low_ATT_bart,1,1,2026-06-03T03:38:50.642566+00:00,cue_competition,C100_label_only,label-only,1,0,0,P2_moderate_PDU_low_ATT,moderate PDU / low attention difficulties,1,,,bart,Balloon Analogue Risk Task,003401bb8dab,409,981,28,42,3,0.48,
IA_minimax_MiniMax-M2.5_20260603T032216Z,5963cc58-ebfd-4845-97c0-ff0f85d1793b,1,minimax,MiniMax-M2.5,0.7,IA_cue_competition_C100_label_only_P2_moderate_PDU_low_ATT_bart,2,2,2026-06-03T03:38:50.642566+00:00,cue_competition,C100_label_only,label-only,1,0,0,P2_moderate_PDU_low_ATT,moderate PDU / low attention difficulties,1,,,bart,Balloon Analogue Risk Task,003401bb8dab,409,981,34,55,4,0.56,
IA_minimax_MiniMax-M2.5_20260603T032216Z,5963cc58-ebfd-4845-97c0-ff0f85d1793b,1,minimax,MiniMax-M2.5,0.7,IA_cue_competition_C100_label_only_P2_moderate_PDU_low_ATT_bart,3,3,2026-06-03T03:38:50.642566+00:00,cue_competition,C100_label_only,label-only,1,0,0,P2_moderate_PDU_low_ATT,moderate PDU / low attention difficulties,1,,,bart,Balloon Analogue Risk Task,003401bb8dab,409,981,24,36,2,0.42,
IA_minimax_MiniMax-M2.5_20260603T032216Z,5963cc58-ebfd-4845-97c0-ff0f85d1793b,1,minimax,MiniMax-M2.5,0.7,IA_cue_competition_C100_label_only_P2_moderate_PDU_low_ATT_bart,4,4,2026-06-03T03:38:50.642566+00:00,cue_competition,C100_label_only,label-only,1,0,0,P2_moderate_PDU_low_ATT,moderate PDU / low attention difficulties,1,,,bart,Balloon Analogue Risk Task,003401bb8dab,409,981,31,48,3,0.52,
IA_minimax_MiniMax-M2.5_20260603T032216Z,5963cc58-ebfd-4845-97c0-ff0f85d1793b,1,minimax,MiniMax-M2.5,0.7,IA_cue_competition_C100_label_only_P2_moderate_PDU_low_ATT_bart,5,5,2026-06-03T03:38:50.642566+00:00,cue_competition,C100_label_only,label-only,1,0,0,P2_moderate_PDU_low_ATT,moderate PDU / low attention difficulties,1,,,bart,Balloon Analogue Risk Task,003401bb8dab,409,981,26,39,3,0.45,
IA_minimax_MiniMax-M2.5_20260603T032216Z,eab26030-819c-4ef1-b01a-d6504b00c206,2,minimax,MiniMax-M2.5,0.7,IA_cue_competition_C100_label_only_P2_moderate_PDU_low_ATT_bart,6,1,2026-06-03T03:38:59.040571+00:00,cue_competition,C100_label_only,label-only,1,0,0,P2_moderate_PDU_low_ATT,moderate PDU / low attention difficulties,1,,,bart,Balloon Analogue Risk Task,003401bb8dab,409,791,8.2,45,3,0.55,
IA_minimax_MiniMax-M2.5_20260603T032216Z,eab26030-819c-4ef1-b01a-d6504b00c206,2,minimax,MiniMax-M2.5,0.7,IA_cue_competition_C100_label_only_P2_moderate_PDU_low_ATT_bart,7,2,2026-06-03T03:38:59.040571+00:00,cue_competition,C100_label_only,label-only,1,0,0,P2_moderate_PDU_low_ATT,moderate PDU / low attention difficulties,1,,,bart,Balloon Analogue Risk Task,003401bb8dab,409,791,7.1,52,2,0.48,
IA_minimax_MiniMax-M2.5_20260603T032216Z,eab26030-819c-4ef1-b01a-d6504b00c206,2,minimax,MiniMax-M2.5,0.7,IA_cue_competition_C100_label_only_P2_moderate_PDU_low_ATT_bart,8,3,2026-06-03T03:38:59.040571+00:00,cue_competition,C100_label_only,label-only,1,0,0,P2_moderate_PDU_low_ATT,moderate PDU / low attention difficulties,1,,,bart,Balloon Analogue Risk Task,003401bb8dab,409,791,9.4,38,4,0.62,
IA_minimax_MiniMax-M2.5_20260603T032216Z,eab26030-819c-4ef1-b01a-d6504b00c206,2,minimax,MiniMax-M2.5,0.7,IA_cue_competition_C100_label_only_P2_moderate_PDU_low_ATT_bart,9,4,2026-06-03T03:38:59.040571+00:00,cue_competition,C100_label_only,label-only,1,0,0,P2_moderate_PDU_low_ATT,moderate PDU / low attention difficulties,1,,,bart,Balloon Analogue Risk Task,003401bb8dab,409,791,7.8,48,2,0.5,
IA_minimax_MiniMax-M2.5_20260603T032216Z,eab26030-819c-4ef1-b01a-d6504b00c206,2,minimax,MiniMax-M2.5,0.7,IA_cue_competition_C100_label_only_P2_moderate_PDU_low_ATT_bart,10,5,2026-06-03T03:38:59.040571+00:00,cue_competition,C100_label_only,label-only,1,0,0,P2_moderate_PDU_low_ATT,moderate PDU / low attention difficulties,1,,,bart,Balloon Analogue Risk Task,003401bb8dab,409,791,8.6,42,3,0.58,
IA_minimax_MiniMax-M2.5_20260603T032216Z,f6bf9974-20dc-448c-8a91-f45e5b87d823,3,minimax,MiniMax-M2.5,0.7,IA_cue_competition_C100_label_only_P2_moderate_PDU_low_ATT_bart,11,1,2026-06-03T03:39:05.627147+00:00,cue_competition,C100_label_only,label-only,1,0,0,P2_moderate_PDU_low_ATT,moderate PDU / low attention difficulties,1,,,bart,Balloon Analogue Risk Task,003401bb8dab,409,550,38,42,5,0.52,
IA_minimax_MiniMax-M2.5_20260603T032216Z,f6bf9974-20dc-448c-8a91-f45e5b87d823,3,minimax,MiniMax-M2.5,0.7,IA_cue_competition_C100_label_only_P2_moderate_PDU_low_ATT_bart,12,2,2026-06-03T03:39:05.627147+00:00,cue_competition,C100_label_only,label-only,1,0,0,P2_moderate_PDU_low_ATT,moderate PDU / low attention difficulties,1,,,bart,Balloon Analogue Risk Task,003401bb8dab,409,550,31,28,7,0.41,
IA_minimax_MiniMax-M2.5_20260603T032216Z,f6bf9974-20dc-448c-8a91-f45e5b87d823,3,minimax,MiniMax-M2.5,0.7,IA_cue_competition_C100_label_only_P2_moderate_PDU_low_ATT_bart,13,3,2026-06-03T03:39:05.627147+00:00,cue_competition,C100_label_only,label-only,1,0,0,P2_moderate_PDU_low_ATT,moderate PDU / low attention difficulties,1,,,bart,Balloon Analogue Risk Task,003401bb8dab,409,550,47,56,3,0.68,
IA_minimax_MiniMax-M2.5_20260603T032216Z,f6bf9974-20dc-448c-8a91-f45e5b87d823,3,minimax,MiniMax-M2.5,0.7,IA_cue_competition_C100_label_only_P2_moderate_PDU_low_ATT_bart,14,4,2026-06-03T03:39:05.627147+00:00,cue_competition,C100_label_only,label-only,1,0,0,P2_moderate_PDU_low_ATT,moderate PDU / low attention difficulties,1,,,bart,Balloon Analogue Risk Task,003401bb8dab,409,550,35,38,6,0.48,
IA_minimax_MiniMax-M2.5_20260603T032216Z,f6bf9974-20dc-448c-8a91-f45e5b87d823,3,minimax,MiniMax-M2.5,0.7,IA_cue_competition_C100_label_only_P2_moderate_PDU_low_ATT_bart,15,5,2026-06-03T03:39:05.627147+00:00,cue_competition,C100_label_only,label-only,1,0,0,P2_moderate_PDU_low_ATT,moderate PDU / low attention difficulties,1,,,bart,Balloon Analogue Risk Task,003401bb8dab,409,550,42,45,4,0.58,
IA_minimax_MiniMax-M2.5_20260603T032216Z,18803b13-1ade-457d-85f5-8450c6ada35c,4,minimax,MiniMax-M2.5,0.7,IA_cue_competition_C100_label_only_P2_moderate_PDU_low_ATT_bart,16,1,2026-06-03T03:39:16.193130+00:00,cue_competition,C100_label_only,label-only,1,0,0,P2_moderate_PDU_low_ATT,moderate PDU / low attention difficulties,1,,,bart,Balloon Analogue Risk Task,003401bb8dab,409,1012,44,26.5,3,0.55,
IA_minimax_MiniMax-M2.5_20260603T032216Z,18803b13-1ade-457d-85f5-8450c6ada35c,4,minimax,MiniMax-M2.5,0.7,IA_cue_competition_C100_label_only_P2_moderate_PDU_low_ATT_bart,17,2,2026-06-03T03:39:16.193130+00:00,cue_competition,C100_label_only,label-only,1,0,0,P2_moderate_PDU_low_ATT,moderate PDU / low attention difficulties,1,,,bart,Balloon Analogue Risk Task,003401bb8dab,409,1012,39,22.25,2,0.49,
IA_minimax_MiniMax-M2.5_20260603T032216Z,18803b13-1ade-457d-85f5-8450c6ada35c,4,minimax,MiniMax-M2.5,0.7,IA_cue_competition_C100_label_only_P2_moderate_PDU_low_ATT_bart,18,3,2026-06-03T03:39:16.193130+00:00,cue_competition,C100_label_only,label-only,1,0,0,P2_moderate_PDU_low_ATT,moderate PDU / low attention difficulties,1,,,bart,Balloon Analogue Risk Task,003401bb8dab,409,1012,47,29,4,0.61,
IA_minimax_MiniMax-M2.5_20260603T032216Z,18803b13-1ade-457d-85f5-8450c6ada35c,4,minimax,MiniMax-M2.5,0.7,IA_cue_competition_C100_label_only_P2_moderate_PDU_low_ATT_bart,19,4,2026-06-03T03:39:16.193130+00:00,cue_competition,C100_label_only,label-only,1,0,0,P2_moderate_PDU_low_ATT,moderate PDU / low attention difficulties,1,,,bart,Balloon Analogue Risk Task,003401bb8dab,409,1012,41,23.75,2,0.51,
IA_minimax_MiniMax-M2.5_20260603T032216Z,18803b13-1ade-457d-85f5-8450c6ada35c,4,minimax,MiniMax-M2.5,0.7,IA_cue_competition_C100_label_only_P2_moderate_PDU_low_ATT_bart,20,5,2026-06-03T03:39:16.193130+00:00,cue_competition,C100_label_only,label-only,1,0,0,P2_moderate_PDU_low_ATT,moderate PDU / low attention difficulties,1,,,bart,Balloon Analogue Risk Task,003401bb8dab,409,1012,36,19.5,1,0.45,
IA_minimax_MiniMax-M2.5_20260603T032216Z,4fef184a-bbde-4368-88fb-aeefe55fd326,1,minimax,MiniMax-M2.5,0.7,IA_cue_competition_C100_label_only_P2_moderate_PDU_low_ATT_ddt,1,1,2026-06-03T03:39:25.647328+00:00,cue_competition,C100_label_only,label-only,1,0,0,P2_moderate_PDU_low_ATT,moderate PDU / low attention difficulties,1,,,ddt,Delay Discounting Task,94a7f2f8114a,392,802,0.043,-3.147,0.472,,
IA_minimax_MiniMax-M2.5_20260603T032216Z,4fef184a-bbde-4368-88fb-aeefe55fd326,1,minimax,MiniMax-M2.5,0.7,IA_cue_competition_C100_label_only_P2_moderate_PDU_low_ATT_ddt,2,2,2026-06-03T03:39:25.647328+00:00,cue_competition,C100_label_only,label-only,1,0,0,P2_moderate_PDU_low_ATT,moderate PDU / low attention difficulties,1,,,ddt,Delay Discounting Task,94a7f2f8114a,392,802,0.051,-2.976,0.508,,
IA_minimax_MiniMax-M2.5_20260603T032216Z,4fef184a-bbde-4368-88fb-aeefe55fd326,1,minimax,MiniMax-M2.5,0.7,IA_cue_competition_C100_label_only_P2_moderate_PDU_low_ATT_ddt,3,3,2026-06-03T03:39:25.647328+00:00,cue_competition,C100_label_only,label-only,1,0,0,P2_moderate_PDU_low_ATT,moderate PDU / low attention difficulties,1,,,ddt,Delay Discounting Task,94a7f2f8114a,392,802,0.037,-3.297,0.445,,
IA_minimax_MiniMax-M2.5_20260603T032216Z,4fef184a-bbde-4368-88fb-aeefe55fd326,1,minimax,MiniMax-M2.5,0.7,IA_cue_competition_C100_label_only_P2_moderate_PDU_low_ATT_ddt,4,4,2026-06-03T03:39:25.647328+00:00,cue_competition,C100_label_only,label-only,1,0,0,P2_moderate_PDU_low_ATT,moderate PDU / low attention difficulties,1,,,ddt,Delay Discounting Task,94a7f2f8114a,392,802,0.048,-3.037,0.491,,
IA_minimax_MiniMax-M2.5_20260603T032216Z,4fef184a-bbde-4368-88fb-aeefe55fd326,1,minimax,MiniMax-M2.5,0.7,IA_cue_competition_C100_label_only_P2_moderate_PDU_low_ATT_ddt,5,5,2026-06-03T03:39:25.647328+00:00,cue_competition,C100_label_only,label-only,1,0,0,P2_moderate_PDU_low_ATT,moderate PDU / low attention difficulties,1,,,ddt,Delay Discounting Task,94a7f2f8114a,392,802,0.039,-3.244,0.458,,
IA_minimax_MiniMax-M2.5_20260603T032216Z,cde8b56a-cd25-4460-a2f3-be6948309aa0,2,minimax,MiniMax-M2.5,0.7,IA_cue_competition_C100_label_only_P2_moderate_PDU_low_ATT_ddt,6,1,2026-06-03T03:39:31.868651+00:00,cue_competition,C100_label_only,label-only,1,0,0,P2_moderate_PDU_low_ATT,moderate PDU / low attention difficulties,1,,,ddt,Delay Discounting Task,94a7f2f8114a,392,493,0.0432,-3.141,0.467,,
IA_minimax_MiniMax-M2.5_20260603T032216Z,cde8b56a-cd25-4460-a2f3-be6948309aa0,2,minimax,MiniMax-M2.5,0.7,IA_cue_competition_C100_label_only_P2_moderate_PDU_low_ATT_ddt,7,2,2026-06-03T03:39:31.873180+00:00,cue_competition,C100_label_only,label-only,1,0,0,P2_moderate_PDU_low_ATT,moderate PDU / low attention difficulties,1,,,ddt,Delay Discounting Task,94a7f2f8114a,392,493,0.0518,-2.961,0.492,,
IA_minimax_MiniMax-M2.5_20260603T032216Z,cde8b56a-cd25-4460-a2f3-be6948309aa0,2,minimax,MiniMax-M2.5,0.7,IA_cue_competition_C100_label_only_P2_moderate_PDU_low_ATT_ddt,8,3,2026-06-03T03:39:31.873180+00:00,cue_competition,C100_label_only,label-only,1,0,0,P2_moderate_PDU_low_ATT,moderate PDU / low attention difficulties,1,,,ddt,Delay Discounting Task,94a7f2f8114a,392,493,0.0376,-3.283,0.445,,
IA_minimax_MiniMax-M2.5_20260603T032216Z,cde8b56a-cd25-4460-a2f3-be6948309aa0,2,minimax,MiniMax-M2.5,0.7,IA_cue_competition_C100_label_only_P2_moderate_PDU_low_ATT_ddt,9,4,2026-06-03T03:39:31.873180+00:00,cue_competition,C100_label_only,label-only,1,0,0,P2_moderate_PDU_low_ATT,moderate PDU / low attention difficulties,1,,,ddt,Delay Discounting Task,94a7f2f8114a,392,493,0.0624,-2.774,0.518,,
IA_minimax_MiniMax-M2.5_20260603T032216Z,cde8b56a-cd25-4460-a2f3-be6948309aa0,2,minimax,MiniMax-M2.5,0.7,IA_cue_competition_C100_label_only_P2_moderate_PDU_low_ATT_ddt,10,5,2026-06-03T03:39:31.873180+00:00,cue_competition,C100_label_only,label-only,1,0,0,P2_moderate_PDU_low_ATT,moderate PDU / low attention difficulties,1,,,ddt,Delay Discounting Task,94a7f2f8114a,392,493,0.0391,-3.244,0.453,,
IA_minimax_MiniMax-M2.5_20260603T032216Z,3eeef476-a88b-4314-b3da-934407b6c051,3,minimax,MiniMax-M2.5,0.7,IA_cue_competition_C100_label_only_P2_moderate_PDU_low_ATT_ddt,11,1,2026-06-03T03:39:41.523244+00:00,cue_competition,C100_label_only,label-only,1,0,0,P2_moderate_PDU_low_ATT,moderate PDU / low attention difficulties,1,,,ddt,Delay Discounting Task,94a7f2f8114a,392,839,0.028,-1.553,0.41,,
IA_minimax_MiniMax-M2.5_20260603T032216Z,3eeef476-a88b-4314-b3da-934407b6c051,3,minimax,MiniMax-M2.5,0.7,IA_cue_competition_C100_label_only_P2_moderate_PDU_low_ATT_ddt,12,2,2026-06-03T03:39:41.523244+00:00,cue_competition,C100_label_only,label-only,1,0,0,P2_moderate_PDU_low_ATT,moderate PDU / low attention difficulties,1,,,ddt,Delay Discounting Task,94a7f2f8114a,392,839,0.035,-1.456,0.47,,
IA_minimax_MiniMax-M2.5_20260603T032216Z,3eeef476-a88b-4314-b3da-934407b6c051,3,minimax,MiniMax-M2.5,0.7,IA_cue_competition_C100_label_only_P2_moderate_PDU_low_ATT_ddt,13,3,2026-06-03T03:39:41.523244+00:00,cue_competition,C100_label_only,label-only,1,0,0,P2_moderate_PDU_low_ATT,moderate PDU / low attention difficulties,1,,,ddt,Delay Discounting Task,94a7f2f8114a,392,839,0.022,-1.658,0.35,,
IA_minimax_MiniMax-M2.5_20260603T032216Z,3eeef476-a88b-4314-b3da-934407b6c051,3,minimax,MiniMax-M2.5,0.7,IA_cue_competition_C100_label_only_P2_moderate_PDU_low_ATT_ddt,14,4,2026-06-03T03:39:41.523244+00:00,cue_competition,C100_label_only,label-only,1,0,0,P2_moderate_PDU_low_ATT,moderate PDU / low attention difficulties,1,,,ddt,Delay Discounting Task,94a7f2f8114a,392,839,0.031,-1.509,0.44,,
IA_minimax_MiniMax-M2.5_20260603T032216Z,3eeef476-a88b-4314-b3da-934407b6c051,3,minimax,MiniMax-M2.5,0.7,IA_cue_competition_C100_label_only_P2_moderate_PDU_low_ATT_ddt,15,5,2026-06-03T03:39:41.523244+00:00,cue_competition,C100_label_only,label-only,1,0,0,P2_moderate_PDU_low_ATT,moderate PDU / low attention difficulties,1,,,ddt,Delay Discounting Task,94a7f2f8114a,392,839,0.019,-1.721,0.32,,
IA_minimax_MiniMax-M2.5_20260603T032216Z,e5c86d85-3ba3-4a7a-b15c-e5383760cd1d,4,minimax,MiniMax-M2.5,0.7,IA_cue_competition_C100_label_only_P2_moderate_PDU_low_ATT_ddt,16,1,2026-06-03T03:39:49.793033+00:00,cue_competition,C100_label_only,label-only,1,0,0,P2_moderate_PDU_low_ATT,moderate PDU / low attention difficulties,1,,,ddt,Delay Discounting Task,94a7f2f8114a,392,673,0.015,-4.2,0.45,,
IA_minimax_MiniMax-M2.5_20260603T032216Z,e5c86d85-3ba3-4a7a-b15c-e5383760cd1d,4,minimax,MiniMax-M2.5,0.7,IA_cue_competition_C100_label_only_P2_moderate_PDU_low_ATT_ddt,17,2,2026-06-03T03:39:49.793033+00:00,cue_competition,C100_label_only,label-only,1,0,0,P2_moderate_PDU_low_ATT,moderate PDU / low attention difficulties,1,,,ddt,Delay Discounting Task,94a7f2f8114a,392,673,0.018,-4,0.48,,
IA_minimax_MiniMax-M2.5_20260603T032216Z,e5c86d85-3ba3-4a7a-b15c-e5383760cd1d,4,minimax,MiniMax-M2.5,0.7,IA_cue_competition_C100_label_only_P2_moderate_PDU_low_ATT_ddt,18,3,2026-06-03T03:39:49.793033+00:00,cue_competition,C100_label_only,label-only,1,0,0,P2_moderate_PDU_low_ATT,moderate PDU / low attention difficulties,1,,,ddt,Delay Discounting Task,94a7f2f8114a,392,673,0.012,-4.4,0.42,,
IA_minimax_MiniMax-M2.5_20260603T032216Z,e5c86d85-3ba3-4a7a-b15c-e5383760cd1d,4,minimax,MiniMax-M2.5,0.7,IA_cue_competition_C100_label_only_P2_moderate_PDU_low_ATT_ddt,19,4,2026-06-03T03:39:49.793033+00:00,cue_competition,C100_label_only,label-only,1,0,0,P2_moderate_PDU_low_ATT,moderate PDU / low attention difficulties,1,,,ddt,Delay Discounting Task,94a7f2f8114a,392,673,0.02,-3.9,0.5,,
IA_minimax_MiniMax-M2.5_20260603T032216Z,e5c86d85-3ba3-4a7a-b15c-e5383760cd1d,4,minimax,MiniMax-M2.5,0.7,IA_cue_competition_C100_label_only_P2_moderate_PDU_low_ATT_ddt,20,5,2026-06-03T03:39:49.793033+00:00,cue_competition,C100_label_only,label-only,1,0,0,P2_moderate_PDU_low_ATT,moderate PDU / low attention difficulties,1,,,ddt,Delay Discounting Task,94a7f2f8114a,392,673,0.014,-4.3,0.44,,
IA_minimax_MiniMax-M2.5_20260603T032216Z,cc1d4648-9734-4c52-a5b5-590f26f02a01,1,minimax,MiniMax-M2.5,0.7,IA_cue_competition_C100_label_only_P2_moderate_PDU_low_ATT_questionnaire,1,1,2026-06-03T03:39:57.545060+00:00,cue_competition,C100_label_only,label-only,1,0,0,P2_moderate_PDU_low_ATT,moderate PDU / low attention difficulties,1,,,questionnaire,questionnaire-profile prediction,e3b5d351ac95,420,752,22,34,62,5,4
IA_minimax_MiniMax-M2.5_20260603T032216Z,cc1d4648-9734-4c52-a5b5-590f26f02a01,1,minimax,MiniMax-M2.5,0.7,IA_cue_competition_C100_label_only_P2_moderate_PDU_low_ATT_questionnaire,2,2,2026-06-03T03:39:57.545060+00:00,cue_competition,C100_label_only,label-only,1,0,0,P2_moderate_PDU_low_ATT,moderate PDU / low attention difficulties,1,,,questionnaire,questionnaire-profile prediction,e3b5d351ac95,420,752,28,41,68,6,5
IA_minimax_MiniMax-M2.5_20260603T032216Z,cc1d4648-9734-4c52-a5b5-590f26f02a01,1,minimax,MiniMax-M2.5,0.7,IA_cue_competition_C100_label_only_P2_moderate_PDU_low_ATT_questionnaire,3,3,2026-06-03T03:39:57.545060+00:00,cue_competition,C100_label_only,label-only,1,0,0,P2_moderate_PDU_low_ATT,moderate PDU / low attention difficulties,1,,,questionnaire,questionnaire-profile prediction,e3b5d351ac95,420,752,19,37,58,4,3
IA_minimax_MiniMax-M2.5_20260603T032216Z,cc1d4648-9734-4c52-a5b5-590f26f02a01,1,minimax,MiniMax-M2.5,0.7,IA_cue_competition_C100_label_only_P2_moderate_PDU_low_ATT_questionnaire,4,4,2026-06-03T03:39:57.545060+00:00,cue_competition,C100_label_only,label-only,1,0,0,P2_moderate_PDU_low_ATT,moderate PDU / low attention difficulties,1,,,questionnaire,questionnaire-profile prediction,e3b5d351ac95,420,752,25,29,64,5,4
IA_minimax_MiniMax-M2.5_20260603T032216Z,cc1d4648-9734-4c52-a5b5-590f26f02a01,1,minimax,MiniMax-M2.5,0.7,IA_cue_competition_C100_label_only_P2_moderate_PDU_low_ATT_questionnaire,5,5,2026-06-03T03:39:57.545060+00:00,cue_competition,C100_label_only,label-only,1,0,0,P2_moderate_PDU_low_ATT,moderate PDU / low attention difficulties,1,,,questionnaire,questionnaire-profile prediction,e3b5d351ac95,420,752,31,38,71,6,5
IA_minimax_MiniMax-M2.5_20260603T032216Z,2edfbf2f-3492-4239-930a-3057474511de,2,minimax,MiniMax-M2.5,0.7,IA_cue_competition_C100_label_only_P2_moderate_PDU_low_ATT_questionnaire,6,1,2026-06-03T03:40:05.092468+00:00,cue_competition,C100_label_only,label-only,1,0,0,P2_moderate_PDU_low_ATT,moderate PDU / low attention difficulties,1,,,questionnaire,questionnaire-profile prediction,e3b5d351ac95,420,619,28,32,48,5,5
IA_minimax_MiniMax-M2.5_20260603T032216Z,2edfbf2f-3492-4239-930a-3057474511de,2,minimax,MiniMax-M2.5,0.7,IA_cue_competition_C100_label_only_P2_moderate_PDU_low_ATT_questionnaire,7,2,2026-06-03T03:40:05.093000+00:00,cue_competition,C100_label_only,label-only,1,0,0,P2_moderate_PDU_low_ATT,moderate PDU / low attention difficulties,1,,,questionnaire,questionnaire-profile prediction,e3b5d351ac95,420,619,24,35,52,5,6
IA_minimax_MiniMax-M2.5_20260603T032216Z,2edfbf2f-3492-4239-930a-3057474511de,2,minimax,MiniMax-M2.5,0.7,IA_cue_competition_C100_label_only_P2_moderate_PDU_low_ATT_questionnaire,8,3,2026-06-03T03:40:05.093000+00:00,cue_competition,C100_label_only,label-only,1,0,0,P2_moderate_PDU_low_ATT,moderate PDU / low attention difficulties,1,,,questionnaire,questionnaire-profile prediction,e3b5d351ac95,420,619,31,28,45,4,5
IA_minimax_MiniMax-M2.5_20260603T032216Z,2edfbf2f-3492-4239-930a-3057474511de,2,minimax,MiniMax-M2.5,0.7,IA_cue_competition_C100_label_only_P2_moderate_PDU_low_ATT_questionnaire,9,4,2026-06-03T03:40:05.093000+00:00,cue_competition,C100_label_only,label-only,1,0,0,P2_moderate_PDU_low_ATT,moderate PDU / low attention difficulties,1,,,questionnaire,questionnaire-profile prediction,e3b5d351ac95,420,619,26,33,50,6,5
IA_minimax_MiniMax-M2.5_20260603T032216Z,2edfbf2f-3492-4239-930a-3057474511de,2,minimax,MiniMax-M2.5,0.7,IA_cue_competition_C100_label_only_P2_moderate_PDU_low_ATT_questionnaire,10,5,2026-06-03T03:40:05.093000+00:00,cue_competition,C100_label_only,label-only,1,0,0,P2_moderate_PDU_low_ATT,moderate PDU / low attention difficulties,1,,,questionnaire,questionnaire-profile prediction,e3b5d351ac95,420,619,30,30,47,5,6
IA_minimax_MiniMax-M2.5_20260603T032216Z,d0de2228-449b-44ca-8c1f-a3b26409a4d3,3,minimax,MiniMax-M2.5,0.7,IA_cue_competition_C100_label_only_P2_moderate_PDU_low_ATT_questionnaire,11,1,2026-06-03T03:40:16.499001+00:00,cue_competition,C100_label_only,label-only,1,0,0,P2_moderate_PDU_low_ATT,moderate PDU / low attention difficulties,1,,,questionnaire,questionnaire-profile prediction,e3b5d351ac95,420,867,38,42,52,5,4
IA_minimax_MiniMax-M2.5_20260603T032216Z,d0de2228-449b-44ca-8c1f-a3b26409a4d3,3,minimax,MiniMax-M2.5,0.7,IA_cue_competition_C100_label_only_P2_moderate_PDU_low_ATT_questionnaire,12,2,2026-06-03T03:40:16.499001+00:00,cue_competition,C100_label_only,label-only,1,0,0,P2_moderate_PDU_low_ATT,moderate PDU / low attention difficulties,1,,,questionnaire,questionnaire-profile prediction,e3b5d351ac95,420,867,45,38,48,4,5
IA_minimax_MiniMax-M2.5_20260603T032216Z,d0de2228-449b-44ca-8c1f-a3b26409a4d3,3,minimax,MiniMax-M2.5,0.7,IA_cue_competition_C100_label_only_P2_moderate_PDU_low_ATT_questionnaire,13,3,2026-06-03T03:40:16.499001+00:00,cue_competition,C100_label_only,label-only,1,0,0,P2_moderate_PDU_low_ATT,moderate PDU / low attention difficulties,1,,,questionnaire,questionnaire-profile prediction,e3b5d351ac95,420,867,41,44,55,6,4
IA_minimax_MiniMax-M2.5_20260603T032216Z,d0de2228-449b-44ca-8c1f-a3b26409a4d3,3,minimax,MiniMax-M2.5,0.7,IA_cue_competition_C100_label_only_P2_moderate_PDU_low_ATT_questionnaire,14,4,2026-06-03T03:40:16.499001+00:00,cue_competition,C100_label_only,label-only,1,0,0,P2_moderate_PDU_low_ATT,moderate PDU / low attention difficulties,1,,,questionnaire,questionnaire-profile prediction,e3b5d351ac95,420,867,36,40,49,5,5
IA_minimax_MiniMax-M2.5_20260603T032216Z,d0de2228-449b-44ca-8c1f-a3b26409a4d3,3,minimax,MiniMax-M2.5,0.7,IA_cue_competition_C100_label_only_P2_moderate_PDU_low_ATT_questionnaire,15,5,2026-06-03T03:40:16.499001+00:00,cue_competition,C100_label_only,label-only,1,0,0,P2_moderate_PDU_low_ATT,moderate PDU / low attention difficulties,1,,,questionnaire,questionnaire-profile prediction,e3b5d351ac95,420,867,43,37,54,4,6
IA_minimax_MiniMax-M2.5_20260603T032216Z,8e95b5b7-6834-48ed-8225-115cc0d11058,4,minimax,MiniMax-M2.5,0.7,IA_cue_competition_C100_label_only_P2_moderate_PDU_low_ATT_questionnaire,16,1,2026-06-03T03:40:23.426498+00:00,cue_competition,C100_label_only,label-only,1,0,0,P2_moderate_PDU_low_ATT,moderate PDU / low attention difficulties,1,,,questionnaire,questionnaire-profile prediction,e3b5d351ac95,420,642,19,17,48,5,4
IA_minimax_MiniMax-M2.5_20260603T032216Z,8e95b5b7-6834-48ed-8225-115cc0d11058,4,minimax,MiniMax-M2.5,0.7,IA_cue_competition_C100_label_only_P2_moderate_PDU_low_ATT_questionnaire,17,2,2026-06-03T03:40:23.426498+00:00,cue_competition,C100_label_only,label-only,1,0,0,P2_moderate_PDU_low_ATT,moderate PDU / low attention difficulties,1,,,questionnaire,questionnaire-profile prediction,e3b5d351ac95,420,642,22,21,54,5,5
IA_minimax_MiniMax-M2.5_20260603T032216Z,8e95b5b7-6834-48ed-8225-115cc0d11058,4,minimax,MiniMax-M2.5,0.7,IA_cue_competition_C100_label_only_P2_moderate_PDU_low_ATT_questionnaire,18,3,2026-06-03T03:40:23.426498+00:00,cue_competition,C100_label_only,label-only,1,0,0,P2_moderate_PDU_low_ATT,moderate PDU / low attention difficulties,1,,,questionnaire,questionnaire-profile prediction,e3b5d351ac95,420,642,16,15,52,4,4
IA_minimax_MiniMax-M2.5_20260603T032216Z,8e95b5b7-6834-48ed-8225-115cc0d11058,4,minimax,MiniMax-M2.5,0.7,IA_cue_competition_C100_label_only_P2_moderate_PDU_low_ATT_questionnaire,19,4,2026-06-03T03:40:23.426498+00:00,cue_competition,C100_label_only,label-only,1,0,0,P2_moderate_PDU_low_ATT,moderate PDU / low attention difficulties,1,,,questionnaire,questionnaire-profile prediction,e3b5d351ac95,420,642,24,23,57,6,5
IA_minimax_MiniMax-M2.5_20260603T032216Z,8e95b5b7-6834-48ed-8225-115cc0d11058,4,minimax,MiniMax-M2.5,0.7,IA_cue_competition_C100_label_only_P2_moderate_PDU_low_ATT_questionnaire,20,5,2026-06-03T03:40:23.426498+00:00,cue_competition,C100_label_only,label-only,1,0,0,P2_moderate_PDU_low_ATT,moderate PDU / low attention difficulties,1,,,questionnaire,questionnaire-profile prediction,e3b5d351ac95,420,642,18,19,45,5,4
IA_minimax_MiniMax-M2.5_20260603T032216Z,6e995c38-9b43-41d5-8fbc-93ede8bab156,1,minimax,MiniMax-M2.5,0.7,IA_cue_competition_C100_label_only_P3_high_PDU_low_ATT_stroop,1,1,2026-06-03T03:40:30.538598+00:00,cue_competition,C100_label_only,label-only,1,0,0,P3_high_PDU_low_ATT,high PDU / low attention difficulties,1,,,stroop,Stroop color-word task,e5275f907892,395,662,94,520,85,65,
IA_minimax_MiniMax-M2.5_20260603T032216Z,6e995c38-9b43-41d5-8fbc-93ede8bab156,1,minimax,MiniMax-M2.5,0.7,IA_cue_competition_C100_label_only_P3_high_PDU_low_ATT_stroop,2,2,2026-06-03T03:40:30.538598+00:00,cue_competition,C100_label_only,label-only,1,0,0,P3_high_PDU_low_ATT,high PDU / low attention difficulties,1,,,stroop,Stroop color-word task,e5275f907892,395,662,92,545,92,72,
IA_minimax_MiniMax-M2.5_20260603T032216Z,6e995c38-9b43-41d5-8fbc-93ede8bab156,1,minimax,MiniMax-M2.5,0.7,IA_cue_competition_C100_label_only_P3_high_PDU_low_ATT_stroop,3,3,2026-06-03T03:40:30.538598+00:00,cue_competition,C100_label_only,label-only,1,0,0,P3_high_PDU_low_ATT,high PDU / low attention difficulties,1,,,stroop,Stroop color-word task,e5275f907892,395,662,95,505,78,58,
IA_minimax_MiniMax-M2.5_20260603T032216Z,6e995c38-9b43-41d5-8fbc-93ede8bab156,1,minimax,MiniMax-M2.5,0.7,IA_cue_competition_C100_label_only_P3_high_PDU_low_ATT_stroop,4,4,2026-06-03T03:40:30.538598+00:00,cue_competition,C100_label_only,label-only,1,0,0,P3_high_PDU_low_ATT,high PDU / low attention difficulties,1,,,stroop,Stroop color-word task,e5275f907892,395,662,93,535,88,68,
IA_minimax_MiniMax-M2.5_20260603T032216Z,6e995c38-9b43-41d5-8fbc-93ede8bab156,1,minimax,MiniMax-M2.5,0.7,IA_cue_competition_C100_label_only_P3_high_PDU_low_ATT_stroop,5,5,2026-06-03T03:40:30.538598+00:00,cue_competition,C100_label_only,label-only,1,0,0,P3_high_PDU_low_ATT,high PDU / low attention difficulties,1,,,stroop,Stroop color-word task,e5275f907892,395,662,96,510,80,62,
IA_minimax_MiniMax-M2.5_20260603T032216Z,c138de8d-02fc-4a8d-b9bd-9b0702803d9f,2,minimax,MiniMax-M2.5,0.7,IA_cue_competition_C100_label_only_P3_high_PDU_low_ATT_stroop,6,1,2026-06-03T03:40:38.102876+00:00,cue_competition,C100_label_only,label-only,1,0,0,P3_high_PDU_low_ATT,high PDU / low attention difficulties,1,,,stroop,Stroop color-word task,e5275f907892,395,688,97,485,95,78,
IA_minimax_MiniMax-M2.5_20260603T032216Z,c138de8d-02fc-4a8d-b9bd-9b0702803d9f,2,minimax,MiniMax-M2.5,0.7,IA_cue_competition_C100_label_only_P3_high_PDU_low_ATT_stroop,7,2,2026-06-03T03:40:38.102876+00:00,cue_competition,C100_label_only,label-only,1,0,0,P3_high_PDU_low_ATT,high PDU / low attention difficulties,1,,,stroop,Stroop color-word task,e5275f907892,395,688,98,472,88,72,
IA_minimax_MiniMax-M2.5_20260603T032216Z,c138de8d-02fc-4a8d-b9bd-9b0702803d9f,2,minimax,MiniMax-M2.5,0.7,IA_cue_competition_C100_label_only_P3_high_PDU_low_ATT_stroop,8,3,2026-06-03T03:40:38.102876+00:00,cue_competition,C100_label_only,label-only,1,0,0,P3_high_PDU_low_ATT,high PDU / low attention difficulties,1,,,stroop,Stroop color-word task,e5275f907892,395,688,96,498,102,85,
IA_minimax_MiniMax-M2.5_20260603T032216Z,c138de8d-02fc-4a8d-b9bd-9b0702803d9f,2,minimax,MiniMax-M2.5,0.7,IA_cue_competition_C100_label_only_P3_high_PDU_low_ATT_stroop,9,4,2026-06-03T03:40:38.102876+00:00,cue_competition,C100_label_only,label-only,1,0,0,P3_high_PDU_low_ATT,high PDU / low attention difficulties,1,,,stroop,Stroop color-word task,e5275f907892,395,688,97,480,92,76,
IA_minimax_MiniMax-M2.5_20260603T032216Z,c138de8d-02fc-4a8d-b9bd-9b0702803d9f,2,minimax,MiniMax-M2.5,0.7,IA_cue_competition_C100_label_only_P3_high_PDU_low_ATT_stroop,10,5,2026-06-03T03:40:38.102876+00:00,cue_competition,C100_label_only,label-only,1,0,0,P3_high_PDU_low_ATT,high PDU / low attention difficulties,1,,,stroop,Stroop color-word task,e5275f907892,395,688,98,468,85,70,
IA_minimax_MiniMax-M2.5_20260603T032216Z,50d21a3e-ea6c-462a-a95a-ca48ecb8d978,3,minimax,MiniMax-M2.5,0.7,IA_cue_competition_C100_label_only_P3_high_PDU_low_ATT_stroop,11,1,2026-06-03T03:40:44.290549+00:00,cue_competition,C100_label_only,label-only,1,0,0,P3_high_PDU_low_ATT,high PDU / low attention difficulties,1,,,stroop,Stroop color-word task,e5275f907892,395,586,92,520,85,75,
IA_minimax_MiniMax-M2.5_20260603T032216Z,50d21a3e-ea6c-462a-a95a-ca48ecb8d978,3,minimax,MiniMax-M2.5,0.7,IA_cue_competition_C100_label_only_P3_high_PDU_low_ATT_stroop,12,2,2026-06-03T03:40:44.290549+00:00,cue_competition,C100_label_only,label-only,1,0,0,P3_high_PDU_low_ATT,high PDU / low attention difficulties,1,,,stroop,Stroop color-word task,e5275f907892,395,586,94,490,78,68,
IA_minimax_MiniMax-M2.5_20260603T032216Z,50d21a3e-ea6c-462a-a95a-ca48ecb8d978,3,minimax,MiniMax-M2.5,0.7,IA_cue_competition_C100_label_only_P3_high_PDU_low_ATT_stroop,13,3,2026-06-03T03:40:44.290549+00:00,cue_competition,C100_label_only,label-only,1,0,0,P3_high_PDU_low_ATT,high PDU / low attention difficulties,1,,,stroop,Stroop color-word task,e5275f907892,395,586,90,550,95,82,
IA_minimax_MiniMax-M2.5_20260603T032216Z,50d21a3e-ea6c-462a-a95a-ca48ecb8d978,3,minimax,MiniMax-M2.5,0.7,IA_cue_competition_C100_label_only_P3_high_PDU_low_ATT_stroop,14,4,2026-06-03T03:40:44.290549+00:00,cue_competition,C100_label_only,label-only,1,0,0,P3_high_PDU_low_ATT,high PDU / low attention difficulties,1,,,stroop,Stroop color-word task,e5275f907892,395,586,93,505,80,72,
IA_minimax_MiniMax-M2.5_20260603T032216Z,50d21a3e-ea6c-462a-a95a-ca48ecb8d978,3,minimax,MiniMax-M2.5,0.7,IA_cue_competition_C100_label_only_P3_high_PDU_low_ATT_stroop,15,5,2026-06-03T03:40:44.290549+00:00,cue_competition,C100_label_only,label-only,1,0,0,P3_high_PDU_low_ATT,high PDU / low attention difficulties,1,,,stroop,Stroop color-word task,e5275f907892,395,586,91,535,88,78,
IA_minimax_MiniMax-M2.5_20260603T032216Z,000f699b-a1de-4e25-ad70-d2f4185944f1,4,minimax,MiniMax-M2.5,0.7,IA_cue_competition_C100_label_only_P3_high_PDU_low_ATT_stroop,16,1,2026-06-03T03:40:51.202631+00:00,cue_competition,C100_label_only,label-only,1,0,0,P3_high_PDU_low_ATT,high PDU / low attention difficulties,1,,,stroop,Stroop color-word task,e5275f907892,395,627,92,520,85,45,
IA_minimax_MiniMax-M2.5_20260603T032216Z,000f699b-a1de-4e25-ad70-d2f4185944f1,4,minimax,MiniMax-M2.5,0.7,IA_cue_competition_C100_label_only_P3_high_PDU_low_ATT_stroop,17,2,2026-06-03T03:40:51.202631+00:00,cue_competition,C100_label_only,label-only,1,0,0,P3_high_PDU_low_ATT,high PDU / low attention difficulties,1,,,stroop,Stroop color-word task,e5275f907892,395,627,94,490,75,52,
IA_minimax_MiniMax-M2.5_20260603T032216Z,000f699b-a1de-4e25-ad70-d2f4185944f1,4,minimax,MiniMax-M2.5,0.7,IA_cue_competition_C100_label_only_P3_high_PDU_low_ATT_stroop,18,3,2026-06-03T03:40:51.202631+00:00,cue_competition,C100_label_only,label-only,1,0,0,P3_high_PDU_low_ATT,high PDU / low attention difficulties,1,,,stroop,Stroop color-word task,e5275f907892,395,627,91,550,95,48,
IA_minimax_MiniMax-M2.5_20260603T032216Z,000f699b-a1de-4e25-ad70-d2f4185944f1,4,minimax,MiniMax-M2.5,0.7,IA_cue_competition_C100_label_only_P3_high_PDU_low_ATT_stroop,19,4,2026-06-03T03:40:51.202631+00:00,cue_competition,C100_label_only,label-only,1,0,0,P3_high_PDU_low_ATT,high PDU / low attention difficulties,1,,,stroop,Stroop color-word task,e5275f907892,395,627,93,505,80,42,
IA_minimax_MiniMax-M2.5_20260603T032216Z,000f699b-a1de-4e25-ad70-d2f4185944f1,4,minimax,MiniMax-M2.5,0.7,IA_cue_competition_C100_label_only_P3_high_PDU_low_ATT_stroop,20,5,2026-06-03T03:40:51.202631+00:00,cue_competition,C100_label_only,label-only,1,0,0,P3_high_PDU_low_ATT,high PDU / low attention difficulties,1,,,stroop,Stroop color-word task,e5275f907892,395,627,95,475,70,55,
IA_minimax_MiniMax-M2.5_20260603T032216Z,5087a2aa-f536-48fa-a779-59dcdab3b2ca,1,minimax,MiniMax-M2.5,0.7,IA_cue_competition_C100_label_only_P3_high_PDU_low_ATT_nback,1,1,2026-06-03T03:40:58.853258+00:00,cue_competition,C100_label_only,label-only,1,0,0,P3_high_PDU_low_ATT,high PDU / low attention difficulties,1,,,nback,n-back working-memory task,ff3f613482dd,415,697,81,89,82,74,
IA_minimax_MiniMax-M2.5_20260603T032216Z,5087a2aa-f536-48fa-a779-59dcdab3b2ca,1,minimax,MiniMax-M2.5,0.7,IA_cue_competition_C100_label_only_P3_high_PDU_low_ATT_nback,2,2,2026-06-03T03:40:58.853258+00:00,cue_competition,C100_label_only,label-only,1,0,0,P3_high_PDU_low_ATT,high PDU / low attention difficulties,1,,,nback,n-back working-memory task,ff3f613482dd,415,697,83,91,84,76,
IA_minimax_MiniMax-M2.5_20260603T032216Z,5087a2aa-f536-48fa-a779-59dcdab3b2ca,1,minimax,MiniMax-M2.5,0.7,IA_cue_competition_C100_label_only_P3_high_PDU_low_ATT_nback,3,3,2026-06-03T03:40:58.853258+00:00,cue_competition,C100_label_only,label-only,1,0,0,P3_high_PDU_low_ATT,high PDU / low attention difficulties,1,,,nback,n-back working-memory task,ff3f613482dd,415,697,79,87,80,72,
IA_minimax_MiniMax-M2.5_20260603T032216Z,5087a2aa-f536-48fa-a779-59dcdab3b2ca,1,minimax,MiniMax-M2.5,0.7,IA_cue_competition_C100_label_only_P3_high_PDU_low_ATT_nback,4,4,2026-06-03T03:40:58.853258+00:00,cue_competition,C100_label_only,label-only,1,0,0,P3_high_PDU_low_ATT,high PDU / low attention difficulties,1,,,nback,n-back working-memory task,ff3f613482dd,415,697,82,90,83,75,
IA_minimax_MiniMax-M2.5_20260603T032216Z,5087a2aa-f536-48fa-a779-59dcdab3b2ca,1,minimax,MiniMax-M2.5,0.7,IA_cue_competition_C100_label_only_P3_high_PDU_low_ATT_nback,5,5,2026-06-03T03:40:58.853258+00:00,cue_competition,C100_label_only,label-only,1,0,0,P3_high_PDU_low_ATT,high PDU / low attention difficulties,1,,,nback,n-back working-memory task,ff3f613482dd,415,697,80,88,81,73,
IA_minimax_MiniMax-M2.5_20260603T032216Z,5e2ce2db-99f7-47f5-8113-a2fc40dfe36d,2,minimax,MiniMax-M2.5,0.7,IA_cue_competition_C100_label_only_P3_high_PDU_low_ATT_nback,6,1,2026-06-03T03:41:10.305434+00:00,cue_competition,C100_label_only,label-only,1,0,0,P3_high_PDU_low_ATT,high PDU / low attention difficulties,1,,,nback,n-back working-memory task,ff3f613482dd,415,847,86,92,84,78,
IA_minimax_MiniMax-M2.5_20260603T032216Z,5e2ce2db-99f7-47f5-8113-a2fc40dfe36d,2,minimax,MiniMax-M2.5,0.7,IA_cue_competition_C100_label_only_P3_high_PDU_low_ATT_nback,7,2,2026-06-03T03:41:10.305434+00:00,cue_competition,C100_label_only,label-only,1,0,0,P3_high_PDU_low_ATT,high PDU / low attention difficulties,1,,,nback,n-back working-memory task,ff3f613482dd,415,847,88,94,86,80,
IA_minimax_MiniMax-M2.5_20260603T032216Z,5e2ce2db-99f7-47f5-8113-a2fc40dfe36d,2,minimax,MiniMax-M2.5,0.7,IA_cue_competition_C100_label_only_P3_high_PDU_low_ATT_nback,8,3,2026-06-03T03:41:10.305434+00:00,cue_competition,C100_label_only,label-only,1,0,0,P3_high_PDU_low_ATT,high PDU / low attention difficulties,1,,,nback,n-back working-memory task,ff3f613482dd,415,847,87,93,85,79,
IA_minimax_MiniMax-M2.5_20260603T032216Z,5e2ce2db-99f7-47f5-8113-a2fc40dfe36d,2,minimax,MiniMax-M2.5,0.7,IA_cue_competition_C100_label_only_P3_high_PDU_low_ATT_nback,9,4,2026-06-03T03:41:10.305434+00:00,cue_competition,C100_label_only,label-only,1,0,0,P3_high_PDU_low_ATT,high PDU / low attention difficulties,1,,,nback,n-back working-memory task,ff3f613482dd,415,847,85,91,83,76,
IA_minimax_MiniMax-M2.5_20260603T032216Z,5e2ce2db-99f7-47f5-8113-a2fc40dfe36d,2,minimax,MiniMax-M2.5,0.7,IA_cue_competition_C100_label_only_P3_high_PDU_low_ATT_nback,10,5,2026-06-03T03:41:10.305434+00:00,cue_competition,C100_label_only,label-only,1,0,0,P3_high_PDU_low_ATT,high PDU / low attention difficulties,1,,,nback,n-back working-memory task,ff3f613482dd,415,847,85,90,82,74,
IA_minimax_MiniMax-M2.5_20260603T032216Z,df5cfb6a-c5b9-44bc-af75-0588d4a802cc,3,minimax,MiniMax-M2.5,0.7,IA_cue_competition_C100_label_only_P3_high_PDU_low_ATT_nback,11,1,2026-06-03T03:41:17.872427+00:00,cue_competition,C100_label_only,label-only,1,0,0,P3_high_PDU_low_ATT,high PDU / low attention difficulties,1,,,nback,n-back working-memory task,ff3f613482dd,415,622,82,88,80,78,
IA_minimax_MiniMax-M2.5_20260603T032216Z,df5cfb6a-c5b9-44bc-af75-0588d4a802cc,3,minimax,MiniMax-M2.5,0.7,IA_cue_competition_C100_label_only_P3_high_PDU_low_ATT_nback,12,2,2026-06-03T03:41:17.872427+00:00,cue_competition,C100_label_only,label-only,1,0,0,P3_high_PDU_low_ATT,high PDU / low attention difficulties,1,,,nback,n-back working-memory task,ff3f613482dd,415,622,85,91,84,80,
IA_minimax_MiniMax-M2.5_20260603T032216Z,df5cfb6a-c5b9-44bc-af75-0588d4a802cc,3,minimax,MiniMax-M2.5,0.7,IA_cue_competition_C100_label_only_P3_high_PDU_low_ATT_nback,13,3,2026-06-03T03:41:17.872427+00:00,cue_competition,C100_label_only,label-only,1,0,0,P3_high_PDU_low_ATT,high PDU / low attention difficulties,1,,,nback,n-back working-memory task,ff3f613482dd,415,622,80,86,78,76,
IA_minimax_MiniMax-M2.5_20260603T032216Z,df5cfb6a-c5b9-44bc-af75-0588d4a802cc,3,minimax,MiniMax-M2.5,0.7,IA_cue_competition_C100_label_only_P3_high_PDU_low_ATT_nback,14,4,2026-06-03T03:41:17.872427+00:00,cue_competition,C100_label_only,label-only,1,0,0,P3_high_PDU_low_ATT,high PDU / low attention difficulties,1,,,nback,n-back working-memory task,ff3f613482dd,415,622,83,89,81,79,
IA_minimax_MiniMax-M2.5_20260603T032216Z,df5cfb6a-c5b9-44bc-af75-0588d4a802cc,3,minimax,MiniMax-M2.5,0.7,IA_cue_competition_C100_label_only_P3_high_PDU_low_ATT_nback,15,5,2026-06-03T03:41:17.872427+00:00,cue_competition,C100_label_only,label-only,1,0,0,P3_high_PDU_low_ATT,high PDU / low attention difficulties,1,,,nback,n-back working-memory task,ff3f613482dd,415,622,84,90,82,80,
IA_minimax_MiniMax-M2.5_20260603T032216Z,d38c3592-6ce0-4094-bc52-b0f94b7cc9a5,4,minimax,MiniMax-M2.5,0.7,IA_cue_competition_C100_label_only_P3_high_PDU_low_ATT_nback,16,1,2026-06-03T03:41:25.599301+00:00,cue_competition,C100_label_only,label-only,1,0,0,P3_high_PDU_low_ATT,high PDU / low attention difficulties,1,,,nback,n-back working-memory task,ff3f613482dd,415,670,88,94,87,83,
IA_minimax_MiniMax-M2.5_20260603T032216Z,d38c3592-6ce0-4094-bc52-b0f94b7cc9a5,4,minimax,MiniMax-M2.5,0.7,IA_cue_competition_C100_label_only_P3_high_PDU_low_ATT_nback,17,2,2026-06-03T03:41:25.599301+00:00,cue_competition,C100_label_only,label-only,1,0,0,P3_high_PDU_low_ATT,high PDU / low attention difficulties,1,,,nback,n-back working-memory task,ff3f613482dd,415,670,91,96,90,87,
IA_minimax_MiniMax-M2.5_20260603T032216Z,d38c3592-6ce0-4094-bc52-b0f94b7cc9a5,4,minimax,MiniMax-M2.5,0.7,IA_cue_competition_C100_label_only_P3_high_PDU_low_ATT_nback,18,3,2026-06-03T03:41:25.599301+00:00,cue_competition,C100_label_only,label-only,1,0,0,P3_high_PDU_low_ATT,high PDU / low attention difficulties,1,,,nback,n-back working-memory task,ff3f613482dd,415,670,85,92,84,79,
IA_minimax_MiniMax-M2.5_20260603T032216Z,d38c3592-6ce0-4094-bc52-b0f94b7cc9a5,4,minimax,MiniMax-M2.5,0.7,IA_cue_competition_C100_label_only_P3_high_PDU_low_ATT_nback,19,4,2026-06-03T03:41:25.599301+00:00,cue_competition,C100_label_only,label-only,1,0,0,P3_high_PDU_low_ATT,high PDU / low attention difficulties,1,,,nback,n-back working-memory task,ff3f613482dd,415,670,89,95,88,84,
IA_minimax_MiniMax-M2.5_20260603T032216Z,d38c3592-6ce0-4094-bc52-b0f94b7cc9a5,4,minimax,MiniMax-M2.5,0.7,IA_cue_competition_C100_label_only_P3_high_PDU_low_ATT_nback,20,5,2026-06-03T03:41:25.599301+00:00,cue_competition,C100_label_only,label-only,1,0,0,P3_high_PDU_low_ATT,high PDU / low attention difficulties,1,,,nback,n-back working-memory task,ff3f613482dd,415,670,87,93,86,82,
IA_minimax_MiniMax-M2.5_20260603T032216Z,2b7df2e9-cc55-45cb-932c-a15ea0f981cb,1,minimax,MiniMax-M2.5,0.7,IA_cue_competition_C100_label_only_P3_high_PDU_low_ATT_bart,1,1,2026-06-03T03:41:34.547909+00:00,cue_competition,C100_label_only,label-only,1,0,0,P3_high_PDU_low_ATT,high PDU / low attention difficulties,1,,,bart,Balloon Analogue Risk Task,1a76f91829c1,409,858,9,22,7,0.55,
IA_minimax_MiniMax-M2.5_20260603T032216Z,2b7df2e9-cc55-45cb-932c-a15ea0f981cb,1,minimax,MiniMax-M2.5,0.7,IA_cue_competition_C100_label_only_P3_high_PDU_low_ATT_bart,2,2,2026-06-03T03:41:34.547909+00:00,cue_competition,C100_label_only,label-only,1,0,0,P3_high_PDU_low_ATT,high PDU / low attention difficulties,1,,,bart,Balloon Analogue Risk Task,1a76f91829c1,409,858,10,24,8,0.62,
IA_minimax_MiniMax-M2.5_20260603T032216Z,2b7df2e9-cc55-45cb-932c-a15ea0f981cb,1,minimax,MiniMax-M2.5,0.7,IA_cue_competition_C100_label_only_P3_high_PDU_low_ATT_bart,3,3,2026-06-03T03:41:34.547909+00:00,cue_competition,C100_label_only,label-only,1,0,0,P3_high_PDU_low_ATT,high PDU / low attention difficulties,1,,,bart,Balloon Analogue Risk Task,1a76f91829c1,409,858,11,20,10,0.7,
IA_minimax_MiniMax-M2.5_20260603T032216Z,2b7df2e9-cc55-45cb-932c-a15ea0f981cb,1,minimax,MiniMax-M2.5,0.7,IA_cue_competition_C100_label_only_P3_high_PDU_low_ATT_bart,4,4,2026-06-03T03:41:34.547909+00:00,cue_competition,C100_label_only,label-only,1,0,0,P3_high_PDU_low_ATT,high PDU / low attention difficulties,1,,,bart,Balloon Analogue Risk Task,1a76f91829c1,409,858,10,26,6,0.58,
IA_minimax_MiniMax-M2.5_20260603T032216Z,2b7df2e9-cc55-45cb-932c-a15ea0f981cb,1,minimax,MiniMax-M2.5,0.7,IA_cue_competition_C100_label_only_P3_high_PDU_low_ATT_bart,5,5,2026-06-03T03:41:34.547909+00:00,cue_competition,C100_label_only,label-only,1,0,0,P3_high_PDU_low_ATT,high PDU / low attention difficulties,1,,,bart,Balloon Analogue Risk Task,1a76f91829c1,409,858,12,18,11,0.73,
IA_minimax_MiniMax-M2.5_20260603T032216Z,6552679e-af87-49bb-af9a-b9827a756ea9,2,minimax,MiniMax-M2.5,0.7,IA_cue_competition_C100_label_only_P3_high_PDU_low_ATT_bart,6,1,2026-06-03T03:41:43.073465+00:00,cue_competition,C100_label_only,label-only,1,0,0,P3_high_PDU_low_ATT,high PDU / low attention difficulties,1,,,bart,Balloon Analogue Risk Task,1a76f91829c1,409,811,47,47,9,0.54,
IA_minimax_MiniMax-M2.5_20260603T032216Z,6552679e-af87-49bb-af9a-b9827a756ea9,2,minimax,MiniMax-M2.5,0.7,IA_cue_competition_C100_label_only_P3_high_PDU_low_ATT_bart,7,2,2026-06-03T03:41:43.073465+00:00,cue_competition,C100_label_only,label-only,1,0,0,P3_high_PDU_low_ATT,high PDU / low attention difficulties,1,,,bart,Balloon Analogue Risk Task,1a76f91829c1,409,811,53,53,12,0.61,
IA_minimax_MiniMax-M2.5_20260603T032216Z,6552679e-af87-49bb-af9a-b9827a756ea9,2,minimax,MiniMax-M2.5,0.7,IA_cue_competition_C100_label_only_P3_high_PDU_low_ATT_bart,8,3,2026-06-03T03:41:43.073465+00:00,cue_competition,C100_label_only,label-only,1,0,0,P3_high_PDU_low_ATT,high PDU / low attention difficulties,1,,,bart,Balloon Analogue Risk Task,1a76f91829c1,409,811,41,41,7,0.48,
IA_minimax_MiniMax-M2.5_20260603T032216Z,6552679e-af87-49bb-af9a-b9827a756ea9,2,minimax,MiniMax-M2.5,0.7,IA_cue_competition_C100_label_only_P3_high_PDU_low_ATT_bart,9,4,2026-06-03T03:41:43.073465+00:00,cue_competition,C100_label_only,label-only,1,0,0,P3_high_PDU_low_ATT,high PDU / low attention difficulties,1,,,bart,Balloon Analogue Risk Task,1a76f91829c1,409,811,49,49,10,0.56,
IA_minimax_MiniMax-M2.5_20260603T032216Z,6552679e-af87-49bb-af9a-b9827a756ea9,2,minimax,MiniMax-M2.5,0.7,IA_cue_competition_C100_label_only_P3_high_PDU_low_ATT_bart,10,5,2026-06-03T03:41:43.074511+00:00,cue_competition,C100_label_only,label-only,1,0,0,P3_high_PDU_low_ATT,high PDU / low attention difficulties,1,,,bart,Balloon Analogue Risk Task,1a76f91829c1,409,811,44,44,8,0.51,
IA_minimax_MiniMax-M2.5_20260603T032216Z,a28f1b8d-de81-48e6-a999-ae14a04f9ef8,3,minimax,MiniMax-M2.5,0.7,IA_cue_competition_C100_label_only_P3_high_PDU_low_ATT_bart,11,1,2026-06-03T03:41:55.444570+00:00,cue_competition,C100_label_only,label-only,1,0,0,P3_high_PDU_low_ATT,high PDU / low attention difficulties,1,,,bart,Balloon Analogue Risk Task,1a76f91829c1,409,925,32,18,4,0.52,
IA_minimax_MiniMax-M2.5_20260603T032216Z,a28f1b8d-de81-48e6-a999-ae14a04f9ef8,3,minimax,MiniMax-M2.5,0.7,IA_cue_competition_C100_label_only_P3_high_PDU_low_ATT_bart,12,2,2026-06-03T03:41:55.445589+00:00,cue_competition,C100_label_only,label-only,1,0,0,P3_high_PDU_low_ATT,high PDU / low attention difficulties,1,,,bart,Balloon Analogue Risk Task,1a76f91829c1,409,925,41,22,5,0.61,
IA_minimax_MiniMax-M2.5_20260603T032216Z,a28f1b8d-de81-48e6-a999-ae14a04f9ef8,3,minimax,MiniMax-M2.5,0.7,IA_cue_competition_C100_label_only_P3_high_PDU_low_ATT_bart,13,3,2026-06-03T03:41:55.445589+00:00,cue_competition,C100_label_only,label-only,1,0,0,P3_high_PDU_low_ATT,high PDU / low attention difficulties,1,,,bart,Balloon Analogue Risk Task,1a76f91829c1,409,925,48,26,6,0.68,
IA_minimax_MiniMax-M2.5_20260603T032216Z,a28f1b8d-de81-48e6-a999-ae14a04f9ef8,3,minimax,MiniMax-M2.5,0.7,IA_cue_competition_C100_label_only_P3_high_PDU_low_ATT_bart,14,4,2026-06-03T03:41:55.445589+00:00,cue_competition,C100_label_only,label-only,1,0,0,P3_high_PDU_low_ATT,high PDU / low attention difficulties,1,,,bart,Balloon Analogue Risk Task,1a76f91829c1,409,925,38,20,4,0.57,
IA_minimax_MiniMax-M2.5_20260603T032216Z,a28f1b8d-de81-48e6-a999-ae14a04f9ef8,3,minimax,MiniMax-M2.5,0.7,IA_cue_competition_C100_label_only_P3_high_PDU_low_ATT_bart,15,5,2026-06-03T03:41:55.445589+00:00,cue_competition,C100_label_only,label-only,1,0,0,P3_high_PDU_low_ATT,high PDU / low attention difficulties,1,,,bart,Balloon Analogue Risk Task,1a76f91829c1,409,925,44,24,5,0.64,
IA_minimax_MiniMax-M2.5_20260603T032216Z,777e0901-6e6b-4085-9cec-2e4ec128f314,4,minimax,MiniMax-M2.5,0.7,IA_cue_competition_C100_label_only_P3_high_PDU_low_ATT_bart,16,1,2026-06-03T03:42:04.557752+00:00,cue_competition,C100_label_only,label-only,1,0,0,P3_high_PDU_low_ATT,high PDU / low attention difficulties,1,,,bart,Balloon Analogue Risk Task,1a76f91829c1,409,887,52,24,3,0.68,
IA_minimax_MiniMax-M2.5_20260603T032216Z,777e0901-6e6b-4085-9cec-2e4ec128f314,4,minimax,MiniMax-M2.5,0.7,IA_cue_competition_C100_label_only_P3_high_PDU_low_ATT_bart,17,2,2026-06-03T03:42:04.557752+00:00,cue_competition,C100_label_only,label-only,1,0,0,P3_high_PDU_low_ATT,high PDU / low attention difficulties,1,,,bart,Balloon Analogue Risk Task,1a76f91829c1,409,887,45,21,4,0.62,
IA_minimax_MiniMax-M2.5_20260603T032216Z,777e0901-6e6b-4085-9cec-2e4ec128f314,4,minimax,MiniMax-M2.5,0.7,IA_cue_competition_C100_label_only_P3_high_PDU_low_ATT_bart,18,3,2026-06-03T03:42:04.557752+00:00,cue_competition,C100_label_only,label-only,1,0,0,P3_high_PDU_low_ATT,high PDU / low attention difficulties,1,,,bart,Balloon Analogue Risk Task,1a76f91829c1,409,887,58,27,2,0.72,
IA_minimax_MiniMax-M2.5_20260603T032216Z,777e0901-6e6b-4085-9cec-2e4ec128f314,4,minimax,MiniMax-M2.5,0.7,IA_cue_competition_C100_label_only_P3_high_PDU_low_ATT_bart,19,4,2026-06-03T03:42:04.557752+00:00,cue_competition,C100_label_only,label-only,1,0,0,P3_high_PDU_low_ATT,high PDU / low attention difficulties,1,,,bart,Balloon Analogue Risk Task,1a76f91829c1,409,887,48,22,3,0.65,
IA_minimax_MiniMax-M2.5_20260603T032216Z,777e0901-6e6b-4085-9cec-2e4ec128f314,4,minimax,MiniMax-M2.5,0.7,IA_cue_competition_C100_label_only_P3_high_PDU_low_ATT_bart,20,5,2026-06-03T03:42:04.557752+00:00,cue_competition,C100_label_only,label-only,1,0,0,P3_high_PDU_low_ATT,high PDU / low attention difficulties,1,,,bart,Balloon Analogue Risk Task,1a76f91829c1,409,887,55,26,2,0.7,
IA_minimax_MiniMax-M2.5_20260603T032216Z,28f8f9c5-14b5-4304-b9b4-e18b538a5f72,1,minimax,MiniMax-M2.5,0.7,IA_cue_competition_C100_label_only_P3_high_PDU_low_ATT_ddt,1,1,2026-06-03T03:42:12.294682+00:00,cue_competition,C100_label_only,label-only,1,0,0,P3_high_PDU_low_ATT,high PDU / low attention difficulties,1,,,ddt,Delay Discounting Task,e35aa47459d1,392,733,0.025,-3.689,0.65,,
IA_minimax_MiniMax-M2.5_20260603T032216Z,28f8f9c5-14b5-4304-b9b4-e18b538a5f72,1,minimax,MiniMax-M2.5,0.7,IA_cue_competition_C100_label_only_P3_high_PDU_low_ATT_ddt,2,2,2026-06-03T03:42:12.294682+00:00,cue_competition,C100_label_only,label-only,1,0,0,P3_high_PDU_low_ATT,high PDU / low attention difficulties,1,,,ddt,Delay Discounting Task,e35aa47459d1,392,733,0.035,-3.352,0.68,,
IA_minimax_MiniMax-M2.5_20260603T032216Z,28f8f9c5-14b5-4304-b9b4-e18b538a5f72,1,minimax,MiniMax-M2.5,0.7,IA_cue_competition_C100_label_only_P3_high_PDU_low_ATT_ddt,3,3,2026-06-03T03:42:12.294682+00:00,cue_competition,C100_label_only,label-only,1,0,0,P3_high_PDU_low_ATT,high PDU / low attention difficulties,1,,,ddt,Delay Discounting Task,e35aa47459d1,392,733,0.02,-3.912,0.6,,
IA_minimax_MiniMax-M2.5_20260603T032216Z,28f8f9c5-14b5-4304-b9b4-e18b538a5f72,1,minimax,MiniMax-M2.5,0.7,IA_cue_competition_C100_label_only_P3_high_PDU_low_ATT_ddt,4,4,2026-06-03T03:42:12.294682+00:00,cue_competition,C100_label_only,label-only,1,0,0,P3_high_PDU_low_ATT,high PDU / low attention difficulties,1,,,ddt,Delay Discounting Task,e35aa47459d1,392,733,0.045,-3.102,0.72,,
IA_minimax_MiniMax-M2.5_20260603T032216Z,28f8f9c5-14b5-4304-b9b4-e18b538a5f72,1,minimax,MiniMax-M2.5,0.7,IA_cue_competition_C100_label_only_P3_high_PDU_low_ATT_ddt,5,5,2026-06-03T03:42:12.294682+00:00,cue_competition,C100_label_only,label-only,1,0,0,P3_high_PDU_low_ATT,high PDU / low attention difficulties,1,,,ddt,Delay Discounting Task,e35aa47459d1,392,733,0.03,-3.507,0.66,,
IA_minimax_MiniMax-M2.5_20260603T032216Z,82e46288-8ae7-4062-877d-c3325503ac8b,2,minimax,MiniMax-M2.5,0.7,IA_cue_competition_C100_label_only_P3_high_PDU_low_ATT_ddt,6,1,2026-06-03T03:42:19.227238+00:00,cue_competition,C100_label_only,label-only,1,0,0,P3_high_PDU_low_ATT,high PDU / low attention difficulties,1,,,ddt,Delay Discounting Task,e35aa47459d1,392,632,0.035,-3.352,0.58,,
IA_minimax_MiniMax-M2.5_20260603T032216Z,82e46288-8ae7-4062-877d-c3325503ac8b,2,minimax,MiniMax-M2.5,0.7,IA_cue_competition_C100_label_only_P3_high_PDU_low_ATT_ddt,7,2,2026-06-03T03:42:19.227238+00:00,cue_competition,C100_label_only,label-only,1,0,0,P3_high_PDU_low_ATT,high PDU / low attention difficulties,1,,,ddt,Delay Discounting Task,e35aa47459d1,392,632,0.048,-3.037,0.65,,
IA_minimax_MiniMax-M2.5_20260603T032216Z,82e46288-8ae7-4062-877d-c3325503ac8b,2,minimax,MiniMax-M2.5,0.7,IA_cue_competition_C100_label_only_P3_high_PDU_low_ATT_ddt,8,3,2026-06-03T03:42:19.227238+00:00,cue_competition,C100_label_only,label-only,1,0,0,P3_high_PDU_low_ATT,high PDU / low attention difficulties,1,,,ddt,Delay Discounting Task,e35aa47459d1,392,632,0.028,-3.577,0.52,,
IA_minimax_MiniMax-M2.5_20260603T032216Z,82e46288-8ae7-4062-877d-c3325503ac8b,2,minimax,MiniMax-M2.5,0.7,IA_cue_competition_C100_label_only_P3_high_PDU_low_ATT_ddt,9,4,2026-06-03T03:42:19.227238+00:00,cue_competition,C100_label_only,label-only,1,0,0,P3_high_PDU_low_ATT,high PDU / low attention difficulties,1,,,ddt,Delay Discounting Task,e35aa47459d1,392,632,0.055,-2.9,0.68,,
IA_minimax_MiniMax-M2.5_20260603T032216Z,82e46288-8ae7-4062-877d-c3325503ac8b,2,minimax,MiniMax-M2.5,0.7,IA_cue_competition_C100_label_only_P3_high_PDU_low_ATT_ddt,10,5,2026-06-03T03:42:19.227238+00:00,cue_competition,C100_label_only,label-only,1,0,0,P3_high_PDU_low_ATT,high PDU / low attention difficulties,1,,,ddt,Delay Discounting Task,e35aa47459d1,392,632,0.042,-3.17,0.61,,
IA_minimax_MiniMax-M2.5_20260603T032216Z,f86f7c5f-e370-4bd9-88ab-0c85743fe8ec,3,minimax,MiniMax-M2.5,0.7,IA_cue_competition_C100_label_only_P3_high_PDU_low_ATT_ddt,11,1,2026-06-03T03:42:27.606465+00:00,cue_competition,C100_label_only,label-only,1,0,0,P3_high_PDU_low_ATT,high PDU / low attention difficulties,1,,,ddt,Delay Discounting Task,e35aa47459d1,392,802,0.025,-3.689,0.45,,
IA_minimax_MiniMax-M2.5_20260603T032216Z,f86f7c5f-e370-4bd9-88ab-0c85743fe8ec,3,minimax,MiniMax-M2.5,0.7,IA_cue_competition_C100_label_only_P3_high_PDU_low_ATT_ddt,12,2,2026-06-03T03:42:27.606465+00:00,cue_competition,C100_label_only,label-only,1,0,0,P3_high_PDU_low_ATT,high PDU / low attention difficulties,1,,,ddt,Delay Discounting Task,e35aa47459d1,392,802,0.042,-3.17,0.52,,
IA_minimax_MiniMax-M2.5_20260603T032216Z,f86f7c5f-e370-4bd9-88ab-0c85743fe8ec,3,minimax,MiniMax-M2.5,0.7,IA_cue_competition_C100_label_only_P3_high_PDU_low_ATT_ddt,13,3,2026-06-03T03:42:27.606465+00:00,cue_competition,C100_label_only,label-only,1,0,0,P3_high_PDU_low_ATT,high PDU / low attention difficulties,1,,,ddt,Delay Discounting Task,e35aa47459d1,392,802,0.018,-4.017,0.38,,
IA_minimax_MiniMax-M2.5_20260603T032216Z,f86f7c5f-e370-4bd9-88ab-0c85743fe8ec,3,minimax,MiniMax-M2.5,0.7,IA_cue_competition_C100_label_only_P3_high_PDU_low_ATT_ddt,14,4,2026-06-03T03:42:27.606465+00:00,cue_competition,C100_label_only,label-only,1,0,0,P3_high_PDU_low_ATT,high PDU / low attention difficulties,1,,,ddt,Delay Discounting Task,e35aa47459d1,392,802,0.055,-2.9,0.58,,
IA_minimax_MiniMax-M2.5_20260603T032216Z,f86f7c5f-e370-4bd9-88ab-0c85743fe8ec,3,minimax,MiniMax-M2.5,0.7,IA_cue_competition_C100_label_only_P3_high_PDU_low_ATT_ddt,15,5,2026-06-03T03:42:27.606465+00:00,cue_competition,C100_label_only,label-only,1,0,0,P3_high_PDU_low_ATT,high PDU / low attention difficulties,1,,,ddt,Delay Discounting Task,e35aa47459d1,392,802,0.031,-3.473,0.48,,
IA_minimax_MiniMax-M2.5_20260603T032216Z,c43f9217-1525-4f3e-97a0-844f334d1cc5,4,minimax,MiniMax-M2.5,0.7,IA_cue_competition_C100_label_only_P3_high_PDU_low_ATT_ddt,16,1,2026-06-03T03:42:38.817740+00:00,cue_competition,C100_label_only,label-only,1,0,0,P3_high_PDU_low_ATT,high PDU / low attention difficulties,1,,,ddt,Delay Discounting Task,e35aa47459d1,392,1112,0.035,-3.352,0.58,,
IA_minimax_MiniMax-M2.5_20260603T032216Z,c43f9217-1525-4f3e-97a0-844f334d1cc5,4,minimax,MiniMax-M2.5,0.7,IA_cue_competition_C100_label_only_P3_high_PDU_low_ATT_ddt,17,2,2026-06-03T03:42:38.817740+00:00,cue_competition,C100_label_only,label-only,1,0,0,P3_high_PDU_low_ATT,high PDU / low attention difficulties,1,,,ddt,Delay Discounting Task,e35aa47459d1,392,1112,0.045,-3.103,0.62,,
IA_minimax_MiniMax-M2.5_20260603T032216Z,c43f9217-1525-4f3e-97a0-844f334d1cc5,4,minimax,MiniMax-M2.5,0.7,IA_cue_competition_C100_label_only_P3_high_PDU_low_ATT_ddt,18,3,2026-06-03T03:42:38.817740+00:00,cue_competition,C100_label_only,label-only,1,0,0,P3_high_PDU_low_ATT,high PDU / low attention difficulties,1,,,ddt,Delay Discounting Task,e35aa47459d1,392,1112,0.052,-2.956,0.65,,
IA_minimax_MiniMax-M2.5_20260603T032216Z,c43f9217-1525-4f3e-97a0-844f334d1cc5,4,minimax,MiniMax-M2.5,0.7,IA_cue_competition_C100_label_only_P3_high_PDU_low_ATT_ddt,19,4,2026-06-03T03:42:38.817740+00:00,cue_competition,C100_label_only,label-only,1,0,0,P3_high_PDU_low_ATT,high PDU / low attention difficulties,1,,,ddt,Delay Discounting Task,e35aa47459d1,392,1112,0.025,-3.689,0.48,,
IA_minimax_MiniMax-M2.5_20260603T032216Z,c43f9217-1525-4f3e-97a0-844f334d1cc5,4,minimax,MiniMax-M2.5,0.7,IA_cue_competition_C100_label_only_P3_high_PDU_low_ATT_ddt,20,5,2026-06-03T03:42:38.817740+00:00,cue_competition,C100_label_only,label-only,1,0,0,P3_high_PDU_low_ATT,high PDU / low attention difficulties,1,,,ddt,Delay Discounting Task,e35aa47459d1,392,1112,0.042,-3.17,0.6,,
IA_minimax_MiniMax-M2.5_20260603T032216Z,1da7e81b-2d3a-412d-bba3-c88e0b37ed58,1,minimax,MiniMax-M2.5,0.7,IA_cue_competition_C100_label_only_P3_high_PDU_low_ATT_questionnaire,1,1,2026-06-03T03:42:48.781152+00:00,cue_competition,C100_label_only,label-only,1,0,0,P3_high_PDU_low_ATT,high PDU / low attention difficulties,1,,,questionnaire,questionnaire-profile prediction,91da7e62763c,420,945,24,19,71,12,10
IA_minimax_MiniMax-M2.5_20260603T032216Z,1da7e81b-2d3a-412d-bba3-c88e0b37ed58,1,minimax,MiniMax-M2.5,0.7,IA_cue_competition_C100_label_only_P3_high_PDU_low_ATT_questionnaire,2,2,2026-06-03T03:42:48.781152+00:00,cue_competition,C100_label_only,label-only,1,0,0,P3_high_PDU_low_ATT,high PDU / low attention difficulties,1,,,questionnaire,questionnaire-profile prediction,91da7e62763c,420,945,21,17,74,11,9
IA_minimax_MiniMax-M2.5_20260603T032216Z,1da7e81b-2d3a-412d-bba3-c88e0b37ed58,1,minimax,MiniMax-M2.5,0.7,IA_cue_competition_C100_label_only_P3_high_PDU_low_ATT_questionnaire,3,3,2026-06-03T03:42:48.781152+00:00,cue_competition,C100_label_only,label-only,1,0,0,P3_high_PDU_low_ATT,high PDU / low attention difficulties,1,,,questionnaire,questionnaire-profile prediction,91da7e62763c,420,945,26,21,68,13,11
IA_minimax_MiniMax-M2.5_20260603T032216Z,1da7e81b-2d3a-412d-bba3-c88e0b37ed58,1,minimax,MiniMax-M2.5,0.7,IA_cue_competition_C100_label_only_P3_high_PDU_low_ATT_questionnaire,4,4,2026-06-03T03:42:48.781152+00:00,cue_competition,C100_label_only,label-only,1,0,0,P3_high_PDU_low_ATT,high PDU / low attention difficulties,1,,,questionnaire,questionnaire-profile prediction,91da7e62763c,420,945,23,18,72,10,9
IA_minimax_MiniMax-M2.5_20260603T032216Z,1da7e81b-2d3a-412d-bba3-c88e0b37ed58,1,minimax,MiniMax-M2.5,0.7,IA_cue_competition_C100_label_only_P3_high_PDU_low_ATT_questionnaire,5,5,2026-06-03T03:42:48.781152+00:00,cue_competition,C100_label_only,label-only,1,0,0,P3_high_PDU_low_ATT,high PDU / low attention difficulties,1,,,questionnaire,questionnaire-profile prediction,91da7e62763c,420,945,25,20,69,12,10
IA_minimax_MiniMax-M2.5_20260603T032216Z,385a6d09-3f22-42a4-9981-25be18b40121,2,minimax,MiniMax-M2.5,0.7,IA_cue_competition_C100_label_only_P3_high_PDU_low_ATT_questionnaire,6,1,2026-06-03T03:42:59.228000+00:00,cue_competition,C100_label_only,label-only,1,0,0,P3_high_PDU_low_ATT,high PDU / low attention difficulties,1,,,questionnaire,questionnaire-profile prediction,91da7e62763c,420,1027,28,32,68,6,7
IA_minimax_MiniMax-M2.5_20260603T032216Z,385a6d09-3f22-42a4-9981-25be18b40121,2,minimax,MiniMax-M2.5,0.7,IA_cue_competition_C100_label_only_P3_high_PDU_low_ATT_questionnaire,7,2,2026-06-03T03:42:59.228000+00:00,cue_competition,C100_label_only,label-only,1,0,0,P3_high_PDU_low_ATT,high PDU / low attention difficulties,1,,,questionnaire,questionnaire-profile prediction,91da7e62763c,420,1027,25,35,72,7,6
IA_minimax_MiniMax-M2.5_20260603T032216Z,385a6d09-3f22-42a4-9981-25be18b40121,2,minimax,MiniMax-M2.5,0.7,IA_cue_competition_C100_label_only_P3_high_PDU_low_ATT_questionnaire,8,3,2026-06-03T03:42:59.228000+00:00,cue_competition,C100_label_only,label-only,1,0,0,P3_high_PDU_low_ATT,high PDU / low attention difficulties,1,,,questionnaire,questionnaire-profile prediction,91da7e62763c,420,1027,31,28,65,6,7
IA_minimax_MiniMax-M2.5_20260603T032216Z,385a6d09-3f22-42a4-9981-25be18b40121,2,minimax,MiniMax-M2.5,0.7,IA_cue_competition_C100_label_only_P3_high_PDU_low_ATT_questionnaire,9,4,2026-06-03T03:42:59.228000+00:00,cue_competition,C100_label_only,label-only,1,0,0,P3_high_PDU_low_ATT,high PDU / low attention difficulties,1,,,questionnaire,questionnaire-profile prediction,91da7e62763c,420,1027,27,33,70,7,7
IA_minimax_MiniMax-M2.5_20260603T032216Z,385a6d09-3f22-42a4-9981-25be18b40121,2,minimax,MiniMax-M2.5,0.7,IA_cue_competition_C100_label_only_P3_high_PDU_low_ATT_questionnaire,10,5,2026-06-03T03:42:59.228000+00:00,cue_competition,C100_label_only,label-only,1,0,0,P3_high_PDU_low_ATT,high PDU / low attention difficulties,1,,,questionnaire,questionnaire-profile prediction,91da7e62763c,420,1027,30,33,70,6,7
IA_minimax_MiniMax-M2.5_20260603T032216Z,4d74fc5e-9b81-4958-a7f0-026c9ce8bca2,3,minimax,MiniMax-M2.5,0.7,IA_cue_competition_C100_label_only_P3_high_PDU_low_ATT_questionnaire,11,1,2026-06-03T03:43:08.422321+00:00,cue_competition,C100_label_only,label-only,1,0,0,P3_high_PDU_low_ATT,high PDU / low attention difficulties,1,,,questionnaire,questionnaire-profile prediction,91da7e62763c,420,884,18,15,78,7,7
IA_minimax_MiniMax-M2.5_20260603T032216Z,4d74fc5e-9b81-4958-a7f0-026c9ce8bca2,3,minimax,MiniMax-M2.5,0.7,IA_cue_competition_C100_label_only_P3_high_PDU_low_ATT_questionnaire,12,2,2026-06-03T03:43:08.422321+00:00,cue_competition,C100_label_only,label-only,1,0,0,P3_high_PDU_low_ATT,high PDU / low attention difficulties,1,,,questionnaire,questionnaire-profile prediction,91da7e62763c,420,884,22,20,82,8,7
IA_minimax_MiniMax-M2.5_20260603T032216Z,4d74fc5e-9b81-4958-a7f0-026c9ce8bca2,3,minimax,MiniMax-M2.5,0.7,IA_cue_competition_C100_label_only_P3_high_PDU_low_ATT_questionnaire,13,3,2026-06-03T03:43:08.422321+00:00,cue_competition,C100_label_only,label-only,1,0,0,P3_high_PDU_low_ATT,high PDU / low attention difficulties,1,,,questionnaire,questionnaire-profile prediction,91da7e62763c,420,884,16,12,85,8,8
IA_minimax_MiniMax-M2.5_20260603T032216Z,4d74fc5e-9b81-4958-a7f0-026c9ce8bca2,3,minimax,MiniMax-M2.5,0.7,IA_cue_competition_C100_label_only_P3_high_PDU_low_ATT_questionnaire,14,4,2026-06-03T03:43:08.422321+00:00,cue_competition,C100_label_only,label-only,1,0,0,P3_high_PDU_low_ATT,high PDU / low attention difficulties,1,,,questionnaire,questionnaire-profile prediction,91da7e62763c,420,884,21,18,80,7,6
IA_minimax_MiniMax-M2.5_20260603T032216Z,4d74fc5e-9b81-4958-a7f0-026c9ce8bca2,3,minimax,MiniMax-M2.5,0.7,IA_cue_competition_C100_label_only_P3_high_PDU_low_ATT_questionnaire,15,5,2026-06-03T03:43:08.422321+00:00,cue_competition,C100_label_only,label-only,1,0,0,P3_high_PDU_low_ATT,high PDU / low attention difficulties,1,,,questionnaire,questionnaire-profile prediction,91da7e62763c,420,884,20,17,79,7,7
IA_minimax_MiniMax-M2.5_20260603T032216Z,d6004552-735c-462b-bb95-cefd9f5307a7,4,minimax,MiniMax-M2.5,0.7,IA_cue_competition_C100_label_only_P3_high_PDU_low_ATT_questionnaire,16,1,2026-06-03T03:43:14.541906+00:00,cue_competition,C100_label_only,label-only,1,0,0,P3_high_PDU_low_ATT,high PDU / low attention difficulties,1,,,questionnaire,questionnaire-profile prediction,91da7e62763c,420,546,8,22,18,3,16
IA_minimax_MiniMax-M2.5_20260603T032216Z,d6004552-735c-462b-bb95-cefd9f5307a7,4,minimax,MiniMax-M2.5,0.7,IA_cue_competition_C100_label_only_P3_high_PDU_low_ATT_questionnaire,17,2,2026-06-03T03:43:14.541906+00:00,cue_competition,C100_label_only,label-only,1,0,0,P3_high_PDU_low_ATT,high PDU / low attention difficulties,1,,,questionnaire,questionnaire-profile prediction,91da7e62763c,420,546,11,19,21,5,14
IA_minimax_MiniMax-M2.5_20260603T032216Z,d6004552-735c-462b-bb95-cefd9f5307a7,4,minimax,MiniMax-M2.5,0.7,IA_cue_competition_C100_label_only_P3_high_PDU_low_ATT_questionnaire,18,3,2026-06-03T03:43:14.541906+00:00,cue_competition,C100_label_only,label-only,1,0,0,P3_high_PDU_low_ATT,high PDU / low attention difficulties,1,,,questionnaire,questionnaire-profile prediction,91da7e62763c,420,546,6,24,16,2,18
IA_minimax_MiniMax-M2.5_20260603T032216Z,d6004552-735c-462b-bb95-cefd9f5307a7,4,minimax,MiniMax-M2.5,0.7,IA_cue_competition_C100_label_only_P3_high_PDU_low_ATT_questionnaire,19,4,2026-06-03T03:43:14.541906+00:00,cue_competition,C100_label_only,label-only,1,0,0,P3_high_PDU_low_ATT,high PDU / low attention difficulties,1,,,questionnaire,questionnaire-profile prediction,91da7e62763c,420,546,13,20,19,6,15
IA_minimax_MiniMax-M2.5_20260603T032216Z,d6004552-735c-462b-bb95-cefd9f5307a7,4,minimax,MiniMax-M2.5,0.7,IA_cue_competition_C100_label_only_P3_high_PDU_low_ATT_questionnaire,20,5,2026-06-03T03:43:14.541906+00:00,cue_competition,C100_label_only,label-only,1,0,0,P3_high_PDU_low_ATT,high PDU / low attention difficulties,1,,,questionnaire,questionnaire-profile prediction,91da7e62763c,420,546,9,21,17,4,17
IA_minimax_MiniMax-M2.5_20260603T032216Z,b701059b-e584-4e08-8b3b-cc0ea37bc464,1,minimax,MiniMax-M2.5,0.7,IA_cue_competition_C100_label_only_P4_high_PDU_high_ATT_stroop,1,1,2026-06-03T03:43:21.452008+00:00,cue_competition,C100_label_only,label-only,1,0,0,P4_high_PDU_high_ATT,high PDU / high attention difficulties,1,,,stroop,Stroop color-word task,c352d476371c,395,625,87,620,125,115,
IA_minimax_MiniMax-M2.5_20260603T032216Z,b701059b-e584-4e08-8b3b-cc0ea37bc464,1,minimax,MiniMax-M2.5,0.7,IA_cue_competition_C100_label_only_P4_high_PDU_high_ATT_stroop,2,2,2026-06-03T03:43:21.452008+00:00,cue_competition,C100_label_only,label-only,1,0,0,P4_high_PDU_high_ATT,high PDU / high attention difficulties,1,,,stroop,Stroop color-word task,c352d476371c,395,625,86,645,132,128,
IA_minimax_MiniMax-M2.5_20260603T032216Z,b701059b-e584-4e08-8b3b-cc0ea37bc464,1,minimax,MiniMax-M2.5,0.7,IA_cue_competition_C100_label_only_P4_high_PDU_high_ATT_stroop,3,3,2026-06-03T03:43:21.452008+00:00,cue_competition,C100_label_only,label-only,1,0,0,P4_high_PDU_high_ATT,high PDU / high attention difficulties,1,,,stroop,Stroop color-word task,c352d476371c,395,625,88,595,118,105,
IA_minimax_MiniMax-M2.5_20260603T032216Z,b701059b-e584-4e08-8b3b-cc0ea37bc464,1,minimax,MiniMax-M2.5,0.7,IA_cue_competition_C100_label_only_P4_high_PDU_high_ATT_stroop,4,4,2026-06-03T03:43:21.452008+00:00,cue_competition,C100_label_only,label-only,1,0,0,P4_high_PDU_high_ATT,high PDU / high attention difficulties,1,,,stroop,Stroop color-word task,c352d476371c,395,625,85,670,142,138,
IA_minimax_MiniMax-M2.5_20260603T032216Z,b701059b-e584-4e08-8b3b-cc0ea37bc464,1,minimax,MiniMax-M2.5,0.7,IA_cue_competition_C100_label_only_P4_high_PDU_high_ATT_stroop,5,5,2026-06-03T03:43:21.452008+00:00,cue_competition,C100_label_only,label-only,1,0,0,P4_high_PDU_high_ATT,high PDU / high attention difficulties,1,,,stroop,Stroop color-word task,c352d476371c,395,625,87,635,130,122,
IA_minimax_MiniMax-M2.5_20260603T032216Z,15244703-f405-4fc1-a3f3-1ae340ab3fa2,2,minimax,MiniMax-M2.5,0.7,IA_cue_competition_C100_label_only_P4_high_PDU_high_ATT_stroop,6,1,2026-06-03T03:43:27.832952+00:00,cue_competition,C100_label_only,label-only,1,0,0,P4_high_PDU_high_ATT,high PDU / high attention difficulties,1,,,stroop,Stroop color-word task,c352d476371c,395,569,82,620,145,95,
IA_minimax_MiniMax-M2.5_20260603T032216Z,15244703-f405-4fc1-a3f3-1ae340ab3fa2,2,minimax,MiniMax-M2.5,0.7,IA_cue_competition_C100_label_only_P4_high_PDU_high_ATT_stroop,7,2,2026-06-03T03:43:27.832952+00:00,cue_competition,C100_label_only,label-only,1,0,0,P4_high_PDU_high_ATT,high PDU / high attention difficulties,1,,,stroop,Stroop color-word task,c352d476371c,395,569,78,680,160,110,
IA_minimax_MiniMax-M2.5_20260603T032216Z,15244703-f405-4fc1-a3f3-1ae340ab3fa2,2,minimax,MiniMax-M2.5,0.7,IA_cue_competition_C100_label_only_P4_high_PDU_high_ATT_stroop,8,3,2026-06-03T03:43:27.832952+00:00,cue_competition,C100_label_only,label-only,1,0,0,P4_high_PDU_high_ATT,high PDU / high attention difficulties,1,,,stroop,Stroop color-word task,c352d476371c,395,569,85,590,135,85,
IA_minimax_MiniMax-M2.5_20260603T032216Z,15244703-f405-4fc1-a3f3-1ae340ab3fa2,2,minimax,MiniMax-M2.5,0.7,IA_cue_competition_C100_label_only_P4_high_PDU_high_ATT_stroop,9,4,2026-06-03T03:43:27.832952+00:00,cue_competition,C100_label_only,label-only,1,0,0,P4_high_PDU_high_ATT,high PDU / high attention difficulties,1,,,stroop,Stroop color-word task,c352d476371c,395,569,80,650,155,100,
IA_minimax_MiniMax-M2.5_20260603T032216Z,15244703-f405-4fc1-a3f3-1ae340ab3fa2,2,minimax,MiniMax-M2.5,0.7,IA_cue_competition_C100_label_only_P4_high_PDU_high_ATT_stroop,10,5,2026-06-03T03:43:27.832952+00:00,cue_competition,C100_label_only,label-only,1,0,0,P4_high_PDU_high_ATT,high PDU / high attention difficulties,1,,,stroop,Stroop color-word task,c352d476371c,395,569,76,710,170,120,
IA_minimax_MiniMax-M2.5_20260603T032216Z,87f24688-9c68-4f4e-ada6-a5e4b005d1a8,3,minimax,MiniMax-M2.5,0.7,IA_cue_competition_C100_label_only_P4_high_PDU_high_ATT_stroop,11,1,2026-06-03T03:43:34.782111+00:00,cue_competition,C100_label_only,label-only,1,0,0,P4_high_PDU_high_ATT,high PDU / high attention difficulties,1,,,stroop,Stroop color-word task,c352d476371c,395,642,82,620,145,165,
IA_minimax_MiniMax-M2.5_20260603T032216Z,87f24688-9c68-4f4e-ada6-a5e4b005d1a8,3,minimax,MiniMax-M2.5,0.7,IA_cue_competition_C100_label_only_P4_high_PDU_high_ATT_stroop,12,2,2026-06-03T03:43:34.782111+00:00,cue_competition,C100_label_only,label-only,1,0,0,P4_high_PDU_high_ATT,high PDU / high attention difficulties,1,,,stroop,Stroop color-word task,c352d476371c,395,642,78,680,175,185,
IA_minimax_MiniMax-M2.5_20260603T032216Z,87f24688-9c68-4f4e-ada6-a5e4b005d1a8,3,minimax,MiniMax-M2.5,0.7,IA_cue_competition_C100_label_only_P4_high_PDU_high_ATT_stroop,13,3,2026-06-03T03:43:34.782111+00:00,cue_competition,C100_label_only,label-only,1,0,0,P4_high_PDU_high_ATT,high PDU / high attention difficulties,1,,,stroop,Stroop color-word task,c352d476371c,395,642,85,590,135,150,
IA_minimax_MiniMax-M2.5_20260603T032216Z,87f24688-9c68-4f4e-ada6-a5e4b005d1a8,3,minimax,MiniMax-M2.5,0.7,IA_cue_competition_C100_label_only_P4_high_PDU_high_ATT_stroop,14,4,2026-06-03T03:43:34.782111+00:00,cue_competition,C100_label_only,label-only,1,0,0,P4_high_PDU_high_ATT,high PDU / high attention difficulties,1,,,stroop,Stroop color-word task,c352d476371c,395,642,80,650,160,175,
IA_minimax_MiniMax-M2.5_20260603T032216Z,87f24688-9c68-4f4e-ada6-a5e4b005d1a8,3,minimax,MiniMax-M2.5,0.7,IA_cue_competition_C100_label_only_P4_high_PDU_high_ATT_stroop,15,5,2026-06-03T03:43:34.782111+00:00,cue_competition,C100_label_only,label-only,1,0,0,P4_high_PDU_high_ATT,high PDU / high attention difficulties,1,,,stroop,Stroop color-word task,c352d476371c,395,642,76,710,190,195,
IA_minimax_MiniMax-M2.5_20260603T032216Z,3ace96d3-ad9e-4af9-b911-09a8e98f55f9,4,minimax,MiniMax-M2.5,0.7,IA_cue_competition_C100_label_only_P4_high_PDU_high_ATT_stroop,16,1,2026-06-03T03:43:40.749872+00:00,cue_competition,C100_label_only,label-only,1,0,0,P4_high_PDU_high_ATT,high PDU / high attention difficulties,1,,,stroop,Stroop color-word task,c352d476371c,395,530,86.4,542.3,127.8,134.6,
IA_minimax_MiniMax-M2.5_20260603T032216Z,3ace96d3-ad9e-4af9-b911-09a8e98f55f9,4,minimax,MiniMax-M2.5,0.7,IA_cue_competition_C100_label_only_P4_high_PDU_high_ATT_stroop,17,2,2026-06-03T03:43:40.749872+00:00,cue_competition,C100_label_only,label-only,1,0,0,P4_high_PDU_high_ATT,high PDU / high attention difficulties,1,,,stroop,Stroop color-word task,c352d476371c,395,530,83.7,568.1,141.2,152.3,
IA_minimax_MiniMax-M2.5_20260603T032216Z,3ace96d3-ad9e-4af9-b911-09a8e98f55f9,4,minimax,MiniMax-M2.5,0.7,IA_cue_competition_C100_label_only_P4_high_PDU_high_ATT_stroop,18,3,2026-06-03T03:43:40.749872+00:00,cue_competition,C100_label_only,label-only,1,0,0,P4_high_PDU_high_ATT,high PDU / high attention difficulties,1,,,stroop,Stroop color-word task,c352d476371c,395,530,89.2,498.7,112.4,118.9,
IA_minimax_MiniMax-M2.5_20260603T032216Z,3ace96d3-ad9e-4af9-b911-09a8e98f55f9,4,minimax,MiniMax-M2.5,0.7,IA_cue_competition_C100_label_only_P4_high_PDU_high_ATT_stroop,19,4,2026-06-03T03:43:40.749872+00:00,cue_competition,C100_label_only,label-only,1,0,0,P4_high_PDU_high_ATT,high PDU / high attention difficulties,1,,,stroop,Stroop color-word task,c352d476371c,395,530,81.5,591.4,156.8,168.2,
IA_minimax_MiniMax-M2.5_20260603T032216Z,3ace96d3-ad9e-4af9-b911-09a8e98f55f9,4,minimax,MiniMax-M2.5,0.7,IA_cue_competition_C100_label_only_P4_high_PDU_high_ATT_stroop,20,5,2026-06-03T03:43:40.749872+00:00,cue_competition,C100_label_only,label-only,1,0,0,P4_high_PDU_high_ATT,high PDU / high attention difficulties,1,,,stroop,Stroop color-word task,c352d476371c,395,530,87.8,524.6,133.1,142.7,
IA_minimax_MiniMax-M2.5_20260603T032216Z,76fcae77-6b18-4c00-9642-2223137d2049,1,minimax,MiniMax-M2.5,0.7,IA_cue_competition_C100_label_only_P4_high_PDU_high_ATT_nback,1,1,2026-06-03T03:43:46.764200+00:00,cue_competition,C100_label_only,label-only,1,0,0,P4_high_PDU_high_ATT,high PDU / high attention difficulties,1,,,nback,n-back working-memory task,41315b48de1f,415,499,74.2,81.5,72.8,63.4,
IA_minimax_MiniMax-M2.5_20260603T032216Z,76fcae77-6b18-4c00-9642-2223137d2049,1,minimax,MiniMax-M2.5,0.7,IA_cue_competition_C100_label_only_P4_high_PDU_high_ATT_nback,2,2,2026-06-03T03:43:46.764200+00:00,cue_competition,C100_label_only,label-only,1,0,0,P4_high_PDU_high_ATT,high PDU / high attention difficulties,1,,,nback,n-back working-memory task,41315b48de1f,415,499,77.8,85.2,76.1,68.3,
IA_minimax_MiniMax-M2.5_20260603T032216Z,76fcae77-6b18-4c00-9642-2223137d2049,1,minimax,MiniMax-M2.5,0.7,IA_cue_competition_C100_label_only_P4_high_PDU_high_ATT_nback,3,3,2026-06-03T03:43:46.764200+00:00,cue_competition,C100_label_only,label-only,1,0,0,P4_high_PDU_high_ATT,high PDU / high attention difficulties,1,,,nback,n-back working-memory task,41315b48de1f,415,499,72.1,79.6,70.4,61.2,
IA_minimax_MiniMax-M2.5_20260603T032216Z,76fcae77-6b18-4c00-9642-2223137d2049,1,minimax,MiniMax-M2.5,0.7,IA_cue_competition_C100_label_only_P4_high_PDU_high_ATT_nback,4,4,2026-06-03T03:43:46.764200+00:00,cue_competition,C100_label_only,label-only,1,0,0,P4_high_PDU_high_ATT,high PDU / high attention difficulties,1,,,nback,n-back working-memory task,41315b48de1f,415,499,76.5,83.8,74.9,66.7,
IA_minimax_MiniMax-M2.5_20260603T032216Z,76fcae77-6b18-4c00-9642-2223137d2049,1,minimax,MiniMax-M2.5,0.7,IA_cue_competition_C100_label_only_P4_high_PDU_high_ATT_nback,5,5,2026-06-03T03:43:46.764200+00:00,cue_competition,C100_label_only,label-only,1,0,0,P4_high_PDU_high_ATT,high PDU / high attention difficulties,1,,,nback,n-back working-memory task,41315b48de1f,415,499,73.9,80.7,72.1,64.8,
IA_minimax_MiniMax-M2.5_20260603T032216Z,8aa95b2f-bb5d-4de7-b83e-df8d5e54c1e5,2,minimax,MiniMax-M2.5,0.7,IA_cue_competition_C100_label_only_P4_high_PDU_high_ATT_nback,6,1,2026-06-03T03:43:53.688604+00:00,cue_competition,C100_label_only,label-only,1,0,0,P4_high_PDU_high_ATT,high PDU / high attention difficulties,1,,,nback,n-back working-memory task,41315b48de1f,415,559,72.3,83.5,71.2,62.1,
IA_minimax_MiniMax-M2.5_20260603T032216Z,8aa95b2f-bb5d-4de7-b83e-df8d5e54c1e5,2,minimax,MiniMax-M2.5,0.7,IA_cue_competition_C100_label_only_P4_high_PDU_high_ATT_nback,7,2,2026-06-03T03:43:53.688604+00:00,cue_competition,C100_label_only,label-only,1,0,0,P4_high_PDU_high_ATT,high PDU / high attention difficulties,1,,,nback,n-back working-memory task,41315b48de1f,415,559,68.7,79.8,67.4,58.9,
IA_minimax_MiniMax-M2.5_20260603T032216Z,8aa95b2f-bb5d-4de7-b83e-df8d5e54c1e5,2,minimax,MiniMax-M2.5,0.7,IA_cue_competition_C100_label_only_P4_high_PDU_high_ATT_nback,8,3,2026-06-03T03:43:53.688604+00:00,cue_competition,C100_label_only,label-only,1,0,0,P4_high_PDU_high_ATT,high PDU / high attention difficulties,1,,,nback,n-back working-memory task,41315b48de1f,415,559,74.1,85.2,73.6,63.5,
IA_minimax_MiniMax-M2.5_20260603T032216Z,8aa95b2f-bb5d-4de7-b83e-df8d5e54c1e5,2,minimax,MiniMax-M2.5,0.7,IA_cue_competition_C100_label_only_P4_high_PDU_high_ATT_nback,9,4,2026-06-03T03:43:53.688604+00:00,cue_competition,C100_label_only,label-only,1,0,0,P4_high_PDU_high_ATT,high PDU / high attention difficulties,1,,,nback,n-back working-memory task,41315b48de1f,415,559,70.5,81.9,69.3,60.2,
IA_minimax_MiniMax-M2.5_20260603T032216Z,8aa95b2f-bb5d-4de7-b83e-df8d5e54c1e5,2,minimax,MiniMax-M2.5,0.7,IA_cue_competition_C100_label_only_P4_high_PDU_high_ATT_nback,10,5,2026-06-03T03:43:53.688604+00:00,cue_competition,C100_label_only,label-only,1,0,0,P4_high_PDU_high_ATT,high PDU / high attention difficulties,1,,,nback,n-back working-memory task,41315b48de1f,415,559,66.2,77.4,65.1,56,
IA_minimax_MiniMax-M2.5_20260603T032216Z,3e8f7f33-76c3-4182-8562-fea5fe9c766f,3,minimax,MiniMax-M2.5,0.7,IA_cue_competition_C100_label_only_P4_high_PDU_high_ATT_nback,11,1,2026-06-03T03:44:02.168397+00:00,cue_competition,C100_label_only,label-only,1,0,0,P4_high_PDU_high_ATT,high PDU / high attention difficulties,1,,,nback,n-back working-memory task,41315b48de1f,415,728,70,82,68,55,
IA_minimax_MiniMax-M2.5_20260603T032216Z,3e8f7f33-76c3-4182-8562-fea5fe9c766f,3,minimax,MiniMax-M2.5,0.7,IA_cue_competition_C100_label_only_P4_high_PDU_high_ATT_nback,12,2,2026-06-03T03:44:02.168397+00:00,cue_competition,C100_label_only,label-only,1,0,0,P4_high_PDU_high_ATT,high PDU / high attention difficulties,1,,,nback,n-back working-memory task,41315b48de1f,415,728,68,80,65,52,
IA_minimax_MiniMax-M2.5_20260603T032216Z,3e8f7f33-76c3-4182-8562-fea5fe9c766f,3,minimax,MiniMax-M2.5,0.7,IA_cue_competition_C100_label_only_P4_high_PDU_high_ATT_nback,13,3,2026-06-03T03:44:02.168397+00:00,cue_competition,C100_label_only,label-only,1,0,0,P4_high_PDU_high_ATT,high PDU / high attention difficulties,1,,,nback,n-back working-memory task,41315b48de1f,415,728,72,85,70,58,
IA_minimax_MiniMax-M2.5_20260603T032216Z,3e8f7f33-76c3-4182-8562-fea5fe9c766f,3,minimax,MiniMax-M2.5,0.7,IA_cue_competition_C100_label_only_P4_high_PDU_high_ATT_nback,14,4,2026-06-03T03:44:02.168397+00:00,cue_competition,C100_label_only,label-only,1,0,0,P4_high_PDU_high_ATT,high PDU / high attention difficulties,1,,,nback,n-back working-memory task,41315b48de1f,415,728,66,78,63,50,
IA_minimax_MiniMax-M2.5_20260603T032216Z,3e8f7f33-76c3-4182-8562-fea5fe9c766f,3,minimax,MiniMax-M2.5,0.7,IA_cue_competition_C100_label_only_P4_high_PDU_high_ATT_nback,15,5,2026-06-03T03:44:02.168397+00:00,cue_competition,C100_label_only,label-only,1,0,0,P4_high_PDU_high_ATT,high PDU / high attention difficulties,1,,,nback,n-back working-memory task,41315b48de1f,415,728,74,86,72,60,
IA_minimax_MiniMax-M2.5_20260603T032216Z,1b6279c3-dbf4-4f69-9c12-7f2a297ba33e,4,minimax,MiniMax-M2.5,0.7,IA_cue_competition_C100_label_only_P4_high_PDU_high_ATT_nback,16,1,2026-06-03T03:44:10.668158+00:00,cue_competition,C100_label_only,label-only,1,0,0,P4_high_PDU_high_ATT,high PDU / high attention difficulties,1,,,nback,n-back working-memory task,41315b48de1f,415,731,77,88,77,66,
IA_minimax_MiniMax-M2.5_20260603T032216Z,1b6279c3-dbf4-4f69-9c12-7f2a297ba33e,4,minimax,MiniMax-M2.5,0.7,IA_cue_competition_C100_label_only_P4_high_PDU_high_ATT_nback,17,2,2026-06-03T03:44:10.669907+00:00,cue_competition,C100_label_only,label-only,1,0,0,P4_high_PDU_high_ATT,high PDU / high attention difficulties,1,,,nback,n-back working-memory task,41315b48de1f,415,731,72,82,72,62,
IA_minimax_MiniMax-M2.5_20260603T032216Z,1b6279c3-dbf4-4f69-9c12-7f2a297ba33e,4,minimax,MiniMax-M2.5,0.7,IA_cue_competition_C100_label_only_P4_high_PDU_high_ATT_nback,18,3,2026-06-03T03:44:10.669907+00:00,cue_competition,C100_label_only,label-only,1,0,0,P4_high_PDU_high_ATT,high PDU / high attention difficulties,1,,,nback,n-back working-memory task,41315b48de1f,415,731,80,90,80,70,
IA_minimax_MiniMax-M2.5_20260603T032216Z,1b6279c3-dbf4-4f69-9c12-7f2a297ba33e,4,minimax,MiniMax-M2.5,0.7,IA_cue_competition_C100_label_only_P4_high_PDU_high_ATT_nback,19,4,2026-06-03T03:44:10.669907+00:00,cue_competition,C100_label_only,label-only,1,0,0,P4_high_PDU_high_ATT,high PDU / high attention difficulties,1,,,nback,n-back working-memory task,41315b48de1f,415,731,74,84,74,64,
IA_minimax_MiniMax-M2.5_20260603T032216Z,1b6279c3-dbf4-4f69-9c12-7f2a297ba33e,4,minimax,MiniMax-M2.5,0.7,IA_cue_competition_C100_label_only_P4_high_PDU_high_ATT_nback,20,5,2026-06-03T03:44:10.669907+00:00,cue_competition,C100_label_only,label-only,1,0,0,P4_high_PDU_high_ATT,high PDU / high attention difficulties,1,,,nback,n-back working-memory task,41315b48de1f,415,731,78,89,78,67,
IA_minimax_MiniMax-M2.5_20260603T032216Z,0f7f5344-4a2c-4c79-a8d3-623f7dfc369f,1,minimax,MiniMax-M2.5,0.7,IA_cue_competition_C100_label_only_P4_high_PDU_high_ATT_bart,1,1,2026-06-03T03:44:20.334676+00:00,cue_competition,C100_label_only,label-only,1,0,0,P4_high_PDU_high_ATT,high PDU / high attention difficulties,1,,,bart,Balloon Analogue Risk Task,fc8b8e3bcf92,409,937,28,12.5,4,0.72,
IA_minimax_MiniMax-M2.5_20260603T032216Z,0f7f5344-4a2c-4c79-a8d3-623f7dfc369f,1,minimax,MiniMax-M2.5,0.7,IA_cue_competition_C100_label_only_P4_high_PDU_high_ATT_bart,2,2,2026-06-03T03:44:20.334676+00:00,cue_competition,C100_label_only,label-only,1,0,0,P4_high_PDU_high_ATT,high PDU / high attention difficulties,1,,,bart,Balloon Analogue Risk Task,fc8b8e3bcf92,409,937,35,8,6,0.78,
IA_minimax_MiniMax-M2.5_20260603T032216Z,0f7f5344-4a2c-4c79-a8d3-623f7dfc369f,1,minimax,MiniMax-M2.5,0.7,IA_cue_competition_C100_label_only_P4_high_PDU_high_ATT_bart,3,3,2026-06-03T03:44:20.334676+00:00,cue_competition,C100_label_only,label-only,1,0,0,P4_high_PDU_high_ATT,high PDU / high attention difficulties,1,,,bart,Balloon Analogue Risk Task,fc8b8e3bcf92,409,937,22,18,3,0.65,
IA_minimax_MiniMax-M2.5_20260603T032216Z,0f7f5344-4a2c-4c79-a8d3-623f7dfc369f,1,minimax,MiniMax-M2.5,0.7,IA_cue_competition_C100_label_only_P4_high_PDU_high_ATT_bart,4,4,2026-06-03T03:44:20.334676+00:00,cue_competition,C100_label_only,label-only,1,0,0,P4_high_PDU_high_ATT,high PDU / high attention difficulties,1,,,bart,Balloon Analogue Risk Task,fc8b8e3bcf92,409,937,41,5.5,7,0.82,
IA_minimax_MiniMax-M2.5_20260603T032216Z,0f7f5344-4a2c-4c79-a8d3-623f7dfc369f,1,minimax,MiniMax-M2.5,0.7,IA_cue_competition_C100_label_only_P4_high_PDU_high_ATT_bart,5,5,2026-06-03T03:44:20.334676+00:00,cue_competition,C100_label_only,label-only,1,0,0,P4_high_PDU_high_ATT,high PDU / high attention difficulties,1,,,bart,Balloon Analogue Risk Task,fc8b8e3bcf92,409,937,31,15,5,0.75,
IA_minimax_MiniMax-M2.5_20260603T032216Z,f0f9d8a8-bf7e-4d74-aa99-4c374493eb30,2,minimax,MiniMax-M2.5,0.7,IA_cue_competition_C100_label_only_P4_high_PDU_high_ATT_bart,6,1,2026-06-03T03:44:29.529309+00:00,cue_competition,C100_label_only,label-only,1,0,0,P4_high_PDU_high_ATT,high PDU / high attention difficulties,1,,,bart,Balloon Analogue Risk Task,fc8b8e3bcf92,409,857,12,1.8,4,0.75,
IA_minimax_MiniMax-M2.5_20260603T032216Z,f0f9d8a8-bf7e-4d74-aa99-4c374493eb30,2,minimax,MiniMax-M2.5,0.7,IA_cue_competition_C100_label_only_P4_high_PDU_high_ATT_bart,7,2,2026-06-03T03:44:29.529309+00:00,cue_competition,C100_label_only,label-only,1,0,0,P4_high_PDU_high_ATT,high PDU / high attention difficulties,1,,,bart,Balloon Analogue Risk Task,fc8b8e3bcf92,409,857,14,2.1,5,0.82,
IA_minimax_MiniMax-M2.5_20260603T032216Z,f0f9d8a8-bf7e-4d74-aa99-4c374493eb30,2,minimax,MiniMax-M2.5,0.7,IA_cue_competition_C100_label_only_P4_high_PDU_high_ATT_bart,8,3,2026-06-03T03:44:29.529309+00:00,cue_competition,C100_label_only,label-only,1,0,0,P4_high_PDU_high_ATT,high PDU / high attention difficulties,1,,,bart,Balloon Analogue Risk Task,fc8b8e3bcf92,409,857,10,1.5,3,0.68,
IA_minimax_MiniMax-M2.5_20260603T032216Z,f0f9d8a8-bf7e-4d74-aa99-4c374493eb30,2,minimax,MiniMax-M2.5,0.7,IA_cue_competition_C100_label_only_P4_high_PDU_high_ATT_bart,9,4,2026-06-03T03:44:29.529309+00:00,cue_competition,C100_label_only,label-only,1,0,0,P4_high_PDU_high_ATT,high PDU / high attention difficulties,1,,,bart,Balloon Analogue Risk Task,fc8b8e3bcf92,409,857,15,2.25,6,0.88,
IA_minimax_MiniMax-M2.5_20260603T032216Z,f0f9d8a8-bf7e-4d74-aa99-4c374493eb30,2,minimax,MiniMax-M2.5,0.7,IA_cue_competition_C100_label_only_P4_high_PDU_high_ATT_bart,10,5,2026-06-03T03:44:29.529309+00:00,cue_competition,C100_label_only,label-only,1,0,0,P4_high_PDU_high_ATT,high PDU / high attention difficulties,1,,,bart,Balloon Analogue Risk Task,fc8b8e3bcf92,409,857,11,1.65,4,0.71,
IA_minimax_MiniMax-M2.5_20260603T032216Z,47a96580-b613-4d05-859a-012df1562e2e,3,minimax,MiniMax-M2.5,0.7,IA_cue_competition_C100_label_only_P4_high_PDU_high_ATT_bart,11,1,2026-06-03T03:44:37.645039+00:00,cue_competition,C100_label_only,label-only,1,0,0,P4_high_PDU_high_ATT,high PDU / high attention difficulties,1,,,bart,Balloon Analogue Risk Task,fc8b8e3bcf92,409,773,58,32.5,5,0.82,
IA_minimax_MiniMax-M2.5_20260603T032216Z,47a96580-b613-4d05-859a-012df1562e2e,3,minimax,MiniMax-M2.5,0.7,IA_cue_competition_C100_label_only_P4_high_PDU_high_ATT_bart,12,2,2026-06-03T03:44:37.645039+00:00,cue_competition,C100_label_only,label-only,1,0,0,P4_high_PDU_high_ATT,high PDU / high attention difficulties,1,,,bart,Balloon Analogue Risk Task,fc8b8e3bcf92,409,773,64,28.75,7,0.89,
IA_minimax_MiniMax-M2.5_20260603T032216Z,47a96580-b613-4d05-859a-012df1562e2e,3,minimax,MiniMax-M2.5,0.7,IA_cue_competition_C100_label_only_P4_high_PDU_high_ATT_bart,13,3,2026-06-03T03:44:37.645039+00:00,cue_competition,C100_label_only,label-only,1,0,0,P4_high_PDU_high_ATT,high PDU / high attention difficulties,1,,,bart,Balloon Analogue Risk Task,fc8b8e3bcf92,409,773,51,38.2,4,0.76,
IA_minimax_MiniMax-M2.5_20260603T032216Z,47a96580-b613-4d05-859a-012df1562e2e,3,minimax,MiniMax-M2.5,0.7,IA_cue_competition_C100_label_only_P4_high_PDU_high_ATT_bart,14,4,2026-06-03T03:44:37.645039+00:00,cue_competition,C100_label_only,label-only,1,0,0,P4_high_PDU_high_ATT,high PDU / high attention difficulties,1,,,bart,Balloon Analogue Risk Task,fc8b8e3bcf92,409,773,68,22.4,8,0.94,
IA_minimax_MiniMax-M2.5_20260603T032216Z,47a96580-b613-4d05-859a-012df1562e2e,3,minimax,MiniMax-M2.5,0.7,IA_cue_competition_C100_label_only_P4_high_PDU_high_ATT_bart,15,5,2026-06-03T03:44:37.645039+00:00,cue_competition,C100_label_only,label-only,1,0,0,P4_high_PDU_high_ATT,high PDU / high attention difficulties,1,,,bart,Balloon Analogue Risk Task,fc8b8e3bcf92,409,773,55,35.8,5,0.79,
IA_minimax_MiniMax-M2.5_20260603T032216Z,5ba54f51-0bbb-47ce-91b8-a138854015d8,4,minimax,MiniMax-M2.5,0.7,IA_cue_competition_C100_label_only_P4_high_PDU_high_ATT_bart,16,1,2026-06-03T03:44:45.450937+00:00,cue_competition,C100_label_only,label-only,1,0,0,P4_high_PDU_high_ATT,high PDU / high attention difficulties,1,,,bart,Balloon Analogue Risk Task,fc8b8e3bcf92,409,730,8,18,1,0.25,
IA_minimax_MiniMax-M2.5_20260603T032216Z,5ba54f51-0bbb-47ce-91b8-a138854015d8,4,minimax,MiniMax-M2.5,0.7,IA_cue_competition_C100_label_only_P4_high_PDU_high_ATT_bart,17,2,2026-06-03T03:44:45.450937+00:00,cue_competition,C100_label_only,label-only,1,0,0,P4_high_PDU_high_ATT,high PDU / high attention difficulties,1,,,bart,Balloon Analogue Risk Task,fc8b8e3bcf92,409,730,11,22,0,0.32,
IA_minimax_MiniMax-M2.5_20260603T032216Z,5ba54f51-0bbb-47ce-91b8-a138854015d8,4,minimax,MiniMax-M2.5,0.7,IA_cue_competition_C100_label_only_P4_high_PDU_high_ATT_bart,18,3,2026-06-03T03:44:45.450937+00:00,cue_competition,C100_label_only,label-only,1,0,0,P4_high_PDU_high_ATT,high PDU / high attention difficulties,1,,,bart,Balloon Analogue Risk Task,fc8b8e3bcf92,409,730,6,12,2,0.18,
IA_minimax_MiniMax-M2.5_20260603T032216Z,5ba54f51-0bbb-47ce-91b8-a138854015d8,4,minimax,MiniMax-M2.5,0.7,IA_cue_competition_C100_label_only_P4_high_PDU_high_ATT_bart,19,4,2026-06-03T03:44:45.450937+00:00,cue_competition,C100_label_only,label-only,1,0,0,P4_high_PDU_high_ATT,high PDU / high attention difficulties,1,,,bart,Balloon Analogue Risk Task,fc8b8e3bcf92,409,730,14,28,0,0.38,
IA_minimax_MiniMax-M2.5_20260603T032216Z,5ba54f51-0bbb-47ce-91b8-a138854015d8,4,minimax,MiniMax-M2.5,0.7,IA_cue_competition_C100_label_only_P4_high_PDU_high_ATT_bart,20,5,2026-06-03T03:44:45.451996+00:00,cue_competition,C100_label_only,label-only,1,0,0,P4_high_PDU_high_ATT,high PDU / high attention difficulties,1,,,bart,Balloon Analogue Risk Task,fc8b8e3bcf92,409,730,9,15,1,0.28,
IA_minimax_MiniMax-M2.5_20260603T032216Z,64b5d25b-a647-4f45-b094-af2c5648a2b1,1,minimax,MiniMax-M2.5,0.7,IA_cue_competition_C100_label_only_P4_high_PDU_high_ATT_ddt,1,1,2026-06-03T03:44:54.710803+00:00,cue_competition,C100_label_only,label-only,1,0,0,P4_high_PDU_high_ATT,high PDU / high attention difficulties,1,,,ddt,Delay Discounting Task,01373a0bc353,392,816,0.042,-3.17,0.72,,
IA_minimax_MiniMax-M2.5_20260603T032216Z,64b5d25b-a647-4f45-b094-af2c5648a2b1,1,minimax,MiniMax-M2.5,0.7,IA_cue_competition_C100_label_only_P4_high_PDU_high_ATT_ddt,2,2,2026-06-03T03:44:54.710803+00:00,cue_competition,C100_label_only,label-only,1,0,0,P4_high_PDU_high_ATT,high PDU / high attention difficulties,1,,,ddt,Delay Discounting Task,01373a0bc353,392,816,0.058,-2.85,0.78,,
IA_minimax_MiniMax-M2.5_20260603T032216Z,64b5d25b-a647-4f45-b094-af2c5648a2b1,1,minimax,MiniMax-M2.5,0.7,IA_cue_competition_C100_label_only_P4_high_PDU_high_ATT_ddt,3,3,2026-06-03T03:44:54.710803+00:00,cue_competition,C100_label_only,label-only,1,0,0,P4_high_PDU_high_ATT,high PDU / high attention difficulties,1,,,ddt,Delay Discounting Task,01373a0bc353,392,816,0.035,-3.35,0.68,,
IA_minimax_MiniMax-M2.5_20260603T032216Z,64b5d25b-a647-4f45-b094-af2c5648a2b1,1,minimax,MiniMax-M2.5,0.7,IA_cue_competition_C100_label_only_P4_high_PDU_high_ATT_ddt,4,4,2026-06-03T03:44:54.710803+00:00,cue_competition,C100_label_only,label-only,1,0,0,P4_high_PDU_high_ATT,high PDU / high attention difficulties,1,,,ddt,Delay Discounting Task,01373a0bc353,392,816,0.067,-2.7,0.81,,
IA_minimax_MiniMax-M2.5_20260603T032216Z,64b5d25b-a647-4f45-b094-af2c5648a2b1,1,minimax,MiniMax-M2.5,0.7,IA_cue_competition_C100_label_only_P4_high_PDU_high_ATT_ddt,5,5,2026-06-03T03:44:54.710803+00:00,cue_competition,C100_label_only,label-only,1,0,0,P4_high_PDU_high_ATT,high PDU / high attention difficulties,1,,,ddt,Delay Discounting Task,01373a0bc353,392,816,0.051,-2.98,0.75,,
IA_minimax_MiniMax-M2.5_20260603T032216Z,c97431fa-7cfc-42e5-8943-e14d38556517,2,minimax,MiniMax-M2.5,0.7,IA_cue_competition_C100_label_only_P4_high_PDU_high_ATT_ddt,6,1,2026-06-03T03:45:04.175526+00:00,cue_competition,C100_label_only,label-only,1,0,0,P4_high_PDU_high_ATT,high PDU / high attention difficulties,1,,,ddt,Delay Discounting Task,01373a0bc353,392,867,0.12,-2.12,0.72,,
IA_minimax_MiniMax-M2.5_20260603T032216Z,c97431fa-7cfc-42e5-8943-e14d38556517,2,minimax,MiniMax-M2.5,0.7,IA_cue_competition_C100_label_only_P4_high_PDU_high_ATT_ddt,7,2,2026-06-03T03:45:04.175526+00:00,cue_competition,C100_label_only,label-only,1,0,0,P4_high_PDU_high_ATT,high PDU / high attention difficulties,1,,,ddt,Delay Discounting Task,01373a0bc353,392,867,0.15,-1.9,0.75,,
IA_minimax_MiniMax-M2.5_20260603T032216Z,c97431fa-7cfc-42e5-8943-e14d38556517,2,minimax,MiniMax-M2.5,0.7,IA_cue_competition_C100_label_only_P4_high_PDU_high_ATT_ddt,8,3,2026-06-03T03:45:04.175526+00:00,cue_competition,C100_label_only,label-only,1,0,0,P4_high_PDU_high_ATT,high PDU / high attention difficulties,1,,,ddt,Delay Discounting Task,01373a0bc353,392,867,0.09,-2.41,0.68,,
IA_minimax_MiniMax-M2.5_20260603T032216Z,c97431fa-7cfc-42e5-8943-e14d38556517,2,minimax,MiniMax-M2.5,0.7,IA_cue_competition_C100_label_only_P4_high_PDU_high_ATT_ddt,9,4,2026-06-03T03:45:04.175526+00:00,cue_competition,C100_label_only,label-only,1,0,0,P4_high_PDU_high_ATT,high PDU / high attention difficulties,1,,,ddt,Delay Discounting Task,01373a0bc353,392,867,0.19,-1.66,0.8,,
IA_minimax_MiniMax-M2.5_20260603T032216Z,c97431fa-7cfc-42e5-8943-e14d38556517,2,minimax,MiniMax-M2.5,0.7,IA_cue_competition_C100_label_only_P4_high_PDU_high_ATT_ddt,10,5,2026-06-03T03:45:04.175526+00:00,cue_competition,C100_label_only,label-only,1,0,0,P4_high_PDU_high_ATT,high PDU / high attention difficulties,1,,,ddt,Delay Discounting Task,01373a0bc353,392,867,0.18,-1.71,0.78,,
IA_minimax_MiniMax-M2.5_20260603T032216Z,ff958046-4b34-4b4e-9bbb-036da26bfdcd,3,minimax,MiniMax-M2.5,0.7,IA_cue_competition_C100_label_only_P4_high_PDU_high_ATT_ddt,11,1,2026-06-03T03:45:10.626863+00:00,cue_competition,C100_label_only,label-only,1,0,0,P4_high_PDU_high_ATT,high PDU / high attention difficulties,1,,,ddt,Delay Discounting Task,01373a0bc353,392,579,0.015,-4.2,0.72,,
IA_minimax_MiniMax-M2.5_20260603T032216Z,ff958046-4b34-4b4e-9bbb-036da26bfdcd,3,minimax,MiniMax-M2.5,0.7,IA_cue_competition_C100_label_only_P4_high_PDU_high_ATT_ddt,12,2,2026-06-03T03:45:10.626863+00:00,cue_competition,C100_label_only,label-only,1,0,0,P4_high_PDU_high_ATT,high PDU / high attention difficulties,1,,,ddt,Delay Discounting Task,01373a0bc353,392,579,0.018,-4,0.75,,
IA_minimax_MiniMax-M2.5_20260603T032216Z,ff958046-4b34-4b4e-9bbb-036da26bfdcd,3,minimax,MiniMax-M2.5,0.7,IA_cue_competition_C100_label_only_P4_high_PDU_high_ATT_ddt,13,3,2026-06-03T03:45:10.626863+00:00,cue_competition,C100_label_only,label-only,1,0,0,P4_high_PDU_high_ATT,high PDU / high attention difficulties,1,,,ddt,Delay Discounting Task,01373a0bc353,392,579,0.012,-4.4,0.68,,
IA_minimax_MiniMax-M2.5_20260603T032216Z,ff958046-4b34-4b4e-9bbb-036da26bfdcd,3,minimax,MiniMax-M2.5,0.7,IA_cue_competition_C100_label_only_P4_high_PDU_high_ATT_ddt,14,4,2026-06-03T03:45:10.626863+00:00,cue_competition,C100_label_only,label-only,1,0,0,P4_high_PDU_high_ATT,high PDU / high attention difficulties,1,,,ddt,Delay Discounting Task,01373a0bc353,392,579,0.02,-3.9,0.78,,
IA_minimax_MiniMax-M2.5_20260603T032216Z,ff958046-4b34-4b4e-9bbb-036da26bfdcd,3,minimax,MiniMax-M2.5,0.7,IA_cue_competition_C100_label_only_P4_high_PDU_high_ATT_ddt,15,5,2026-06-03T03:45:10.626863+00:00,cue_competition,C100_label_only,label-only,1,0,0,P4_high_PDU_high_ATT,high PDU / high attention difficulties,1,,,ddt,Delay Discounting Task,01373a0bc353,392,579,0.016,-4.1,0.74,,
IA_minimax_MiniMax-M2.5_20260603T032216Z,1ccd3290-8f64-4033-9441-f8b82e3b8471,4,minimax,MiniMax-M2.5,0.7,IA_cue_competition_C100_label_only_P4_high_PDU_high_ATT_ddt,16,1,2026-06-03T03:45:18.836238+00:00,cue_competition,C100_label_only,label-only,1,0,0,P4_high_PDU_high_ATT,high PDU / high attention difficulties,1,,,ddt,Delay Discounting Task,01373a0bc353,392,764,0.035,-3.352,0.68,,
IA_minimax_MiniMax-M2.5_20260603T032216Z,1ccd3290-8f64-4033-9441-f8b82e3b8471,4,minimax,MiniMax-M2.5,0.7,IA_cue_competition_C100_label_only_P4_high_PDU_high_ATT_ddt,17,2,2026-06-03T03:45:18.836238+00:00,cue_competition,C100_label_only,label-only,1,0,0,P4_high_PDU_high_ATT,high PDU / high attention difficulties,1,,,ddt,Delay Discounting Task,01373a0bc353,392,764,0.048,-3.037,0.72,,
IA_minimax_MiniMax-M2.5_20260603T032216Z,1ccd3290-8f64-4033-9441-f8b82e3b8471,4,minimax,MiniMax-M2.5,0.7,IA_cue_competition_C100_label_only_P4_high_PDU_high_ATT_ddt,18,3,2026-06-03T03:45:18.836238+00:00,cue_competition,C100_label_only,label-only,1,0,0,P4_high_PDU_high_ATT,high PDU / high attention difficulties,1,,,ddt,Delay Discounting Task,01373a0bc353,392,764,0.028,-3.577,0.62,,
IA_minimax_MiniMax-M2.5_20260603T032216Z,1ccd3290-8f64-4033-9441-f8b82e3b8471,4,minimax,MiniMax-M2.5,0.7,IA_cue_competition_C100_label_only_P4_high_PDU_high_ATT_ddt,19,4,2026-06-03T03:45:18.837924+00:00,cue_competition,C100_label_only,label-only,1,0,0,P4_high_PDU_high_ATT,high PDU / high attention difficulties,1,,,ddt,Delay Discounting Task,01373a0bc353,392,764,0.055,-2.9,0.76,,
IA_minimax_MiniMax-M2.5_20260603T032216Z,1ccd3290-8f64-4033-9441-f8b82e3b8471,4,minimax,MiniMax-M2.5,0.7,IA_cue_competition_C100_label_only_P4_high_PDU_high_ATT_ddt,20,5,2026-06-03T03:45:18.837924+00:00,cue_competition,C100_label_only,label-only,1,0,0,P4_high_PDU_high_ATT,high PDU / high attention difficulties,1,,,ddt,Delay Discounting Task,01373a0bc353,392,764,0.042,-3.17,0.7,,
IA_minimax_MiniMax-M2.5_20260603T032216Z,c93f7984-f80d-4234-8d18-df888ecb4ed4,1,minimax,MiniMax-M2.5,0.7,IA_cue_competition_C100_label_only_P4_high_PDU_high_ATT_questionnaire,1,1,2026-06-03T03:45:24.958112+00:00,cue_competition,C100_label_only,label-only,1,0,0,P4_high_PDU_high_ATT,high PDU / high attention difficulties,1,,,questionnaire,questionnaire-profile prediction,29766cb169c1,420,549,78,82,86,7,8
IA_minimax_MiniMax-M2.5_20260603T032216Z,c93f7984-f80d-4234-8d18-df888ecb4ed4,1,minimax,MiniMax-M2.5,0.7,IA_cue_competition_C100_label_only_P4_high_PDU_high_ATT_questionnaire,2,2,2026-06-03T03:45:24.958112+00:00,cue_competition,C100_label_only,label-only,1,0,0,P4_high_PDU_high_ATT,high PDU / high attention difficulties,1,,,questionnaire,questionnaire-profile prediction,29766cb169c1,420,549,82,79,91,8,7
IA_minimax_MiniMax-M2.5_20260603T032216Z,c93f7984-f80d-4234-8d18-df888ecb4ed4,1,minimax,MiniMax-M2.5,0.7,IA_cue_competition_C100_label_only_P4_high_PDU_high_ATT_questionnaire,3,3,2026-06-03T03:45:24.958112+00:00,cue_competition,C100_label_only,label-only,1,0,0,P4_high_PDU_high_ATT,high PDU / high attention difficulties,1,,,questionnaire,questionnaire-profile prediction,29766cb169c1,420,549,75,85,83,7,9
IA_minimax_MiniMax-M2.5_20260603T032216Z,c93f7984-f80d-4234-8d18-df888ecb4ed4,1,minimax,MiniMax-M2.5,0.7,IA_cue_competition_C100_label_only_P4_high_PDU_high_ATT_questionnaire,4,4,2026-06-03T03:45:24.958112+00:00,cue_competition,C100_label_only,label-only,1,0,0,P4_high_PDU_high_ATT,high PDU / high attention difficulties,1,,,questionnaire,questionnaire-profile prediction,29766cb169c1,420,549,88,76,79,9,8
IA_minimax_MiniMax-M2.5_20260603T032216Z,c93f7984-f80d-4234-8d18-df888ecb4ed4,1,minimax,MiniMax-M2.5,0.7,IA_cue_competition_C100_label_only_P4_high_PDU_high_ATT_questionnaire,5,5,2026-06-03T03:45:24.958112+00:00,cue_competition,C100_label_only,label-only,1,0,0,P4_high_PDU_high_ATT,high PDU / high attention difficulties,1,,,questionnaire,questionnaire-profile prediction,29766cb169c1,420,549,73,88,94,8,9
IA_minimax_MiniMax-M2.5_20260603T032216Z,2e9c4f33-6773-41e0-ba13-b10ef7321032,2,minimax,MiniMax-M2.5,0.7,IA_cue_competition_C100_label_only_P4_high_PDU_high_ATT_questionnaire,6,1,2026-06-03T03:45:30.731619+00:00,cue_competition,C100_label_only,label-only,1,0,0,P4_high_PDU_high_ATT,high PDU / high attention difficulties,1,,,questionnaire,questionnaire-profile prediction,29766cb169c1,420,485,87,76,104,9,8
IA_minimax_MiniMax-M2.5_20260603T032216Z,2e9c4f33-6773-41e0-ba13-b10ef7321032,2,minimax,MiniMax-M2.5,0.7,IA_cue_competition_C100_label_only_P4_high_PDU_high_ATT_questionnaire,7,2,2026-06-03T03:45:30.731619+00:00,cue_competition,C100_label_only,label-only,1,0,0,P4_high_PDU_high_ATT,high PDU / high attention difficulties,1,,,questionnaire,questionnaire-profile prediction,29766cb169c1,420,485,92,81,98,10,9
IA_minimax_MiniMax-M2.5_20260603T032216Z,2e9c4f33-6773-41e0-ba13-b10ef7321032,2,minimax,MiniMax-M2.5,0.7,IA_cue_competition_C100_label_only_P4_high_PDU_high_ATT_questionnaire,8,3,2026-06-03T03:45:30.731619+00:00,cue_competition,C100_label_only,label-only,1,0,0,P4_high_PDU_high_ATT,high PDU / high attention difficulties,1,,,questionnaire,questionnaire-profile prediction,29766cb169c1,420,485,79,71,112,8,7
IA_minimax_MiniMax-M2.5_20260603T032216Z,2e9c4f33-6773-41e0-ba13-b10ef7321032,2,minimax,MiniMax-M2.5,0.7,IA_cue_competition_C100_label_only_P4_high_PDU_high_ATT_questionnaire,9,4,2026-06-03T03:45:30.731619+00:00,cue_competition,C100_label_only,label-only,1,0,0,P4_high_PDU_high_ATT,high PDU / high attention difficulties,1,,,questionnaire,questionnaire-profile prediction,29766cb169c1,420,485,95,85,106,11,10
IA_minimax_MiniMax-M2.5_20260603T032216Z,2e9c4f33-6773-41e0-ba13-b10ef7321032,2,minimax,MiniMax-M2.5,0.7,IA_cue_competition_C100_label_only_P4_high_PDU_high_ATT_questionnaire,10,5,2026-06-03T03:45:30.732965+00:00,cue_competition,C100_label_only,label-only,1,0,0,P4_high_PDU_high_ATT,high PDU / high attention difficulties,1,,,questionnaire,questionnaire-profile prediction,29766cb169c1,420,485,83,73,100,9,8
IA_minimax_MiniMax-M2.5_20260603T032216Z,c3298fb4-f96a-4d92-b694-03ca5b80db4c,3,minimax,MiniMax-M2.5,0.7,IA_cue_competition_C100_label_only_P4_high_PDU_high_ATT_questionnaire,11,1,2026-06-03T03:45:37.923203+00:00,cue_competition,C100_label_only,label-only,1,0,0,P4_high_PDU_high_ATT,high PDU / high attention difficulties,1,,,questionnaire,questionnaire-profile prediction,29766cb169c1,420,651,72,68,88,17,18
IA_minimax_MiniMax-M2.5_20260603T032216Z,c3298fb4-f96a-4d92-b694-03ca5b80db4c,3,minimax,MiniMax-M2.5,0.7,IA_cue_competition_C100_label_only_P4_high_PDU_high_ATT_questionnaire,12,2,2026-06-03T03:45:37.924193+00:00,cue_competition,C100_label_only,label-only,1,0,0,P4_high_PDU_high_ATT,high PDU / high attention difficulties,1,,,questionnaire,questionnaire-profile prediction,29766cb169c1,420,651,68,71,92,16,17
IA_minimax_MiniMax-M2.5_20260603T032216Z,c3298fb4-f96a-4d92-b694-03ca5b80db4c,3,minimax,MiniMax-M2.5,0.7,IA_cue_competition_C100_label_only_P4_high_PDU_high_ATT_questionnaire,13,3,2026-06-03T03:45:37.924193+00:00,cue_competition,C100_label_only,label-only,1,0,0,P4_high_PDU_high_ATT,high PDU / high attention difficulties,1,,,questionnaire,questionnaire-profile prediction,29766cb169c1,420,651,75,65,85,18,19
IA_minimax_MiniMax-M2.5_20260603T032216Z,c3298fb4-f96a-4d92-b694-03ca5b80db4c,3,minimax,MiniMax-M2.5,0.7,IA_cue_competition_C100_label_only_P4_high_PDU_high_ATT_questionnaire,14,4,2026-06-03T03:45:37.924193+00:00,cue_competition,C100_label_only,label-only,1,0,0,P4_high_PDU_high_ATT,high PDU / high attention difficulties,1,,,questionnaire,questionnaire-profile prediction,29766cb169c1,420,651,70,73,90,17,18
IA_minimax_MiniMax-M2.5_20260603T032216Z,c3298fb4-f96a-4d92-b694-03ca5b80db4c,3,minimax,MiniMax-M2.5,0.7,IA_cue_competition_C100_label_only_P4_high_PDU_high_ATT_questionnaire,15,5,2026-06-03T03:45:37.924193+00:00,cue_competition,C100_label_only,label-only,1,0,0,P4_high_PDU_high_ATT,high PDU / high attention difficulties,1,,,questionnaire,questionnaire-profile prediction,29766cb169c1,420,651,66,70,87,16,17
IA_minimax_MiniMax-M2.5_20260603T032216Z,c0adf8cd-0952-4a47-a982-e265a9805ce2,4,minimax,MiniMax-M2.5,0.7,IA_cue_competition_C100_label_only_P4_high_PDU_high_ATT_questionnaire,16,1,2026-06-03T03:45:47.869081+00:00,cue_competition,C100_label_only,label-only,1,0,0,P4_high_PDU_high_ATT,high PDU / high attention difficulties,1,,,questionnaire,questionnaire-profile prediction,29766cb169c1,420,872,78,82,75,14,12
IA_minimax_MiniMax-M2.5_20260603T032216Z,c0adf8cd-0952-4a47-a982-e265a9805ce2,4,minimax,MiniMax-M2.5,0.7,IA_cue_competition_C100_label_only_P4_high_PDU_high_ATT_questionnaire,17,2,2026-06-03T03:45:47.869081+00:00,cue_competition,C100_label_only,label-only,1,0,0,P4_high_PDU_high_ATT,high PDU / high attention difficulties,1,,,questionnaire,questionnaire-profile prediction,29766cb169c1,420,872,72,76,80,13,11
IA_minimax_MiniMax-M2.5_20260603T032216Z,c0adf8cd-0952-4a47-a982-e265a9805ce2,4,minimax,MiniMax-M2.5,0.7,IA_cue_competition_C100_label_only_P4_high_PDU_high_ATT_questionnaire,18,3,2026-06-03T03:45:47.869081+00:00,cue_competition,C100_label_only,label-only,1,0,0,P4_high_PDU_high_ATT,high PDU / high attention difficulties,1,,,questionnaire,questionnaire-profile prediction,29766cb169c1,420,872,85,88,82,15,13
IA_minimax_MiniMax-M2.5_20260603T032216Z,c0adf8cd-0952-4a47-a982-e265a9805ce2,4,minimax,MiniMax-M2.5,0.7,IA_cue_competition_C100_label_only_P4_high_PDU_high_ATT_questionnaire,19,4,2026-06-03T03:45:47.869081+00:00,cue_competition,C100_label_only,label-only,1,0,0,P4_high_PDU_high_ATT,high PDU / high attention difficulties,1,,,questionnaire,questionnaire-profile prediction,29766cb169c1,420,872,76,79,77,14,12
IA_minimax_MiniMax-M2.5_20260603T032216Z,c0adf8cd-0952-4a47-a982-e265a9805ce2,4,minimax,MiniMax-M2.5,0.7,IA_cue_competition_C100_label_only_P4_high_PDU_high_ATT_questionnaire,20,5,2026-06-03T03:45:47.869081+00:00,cue_competition,C100_label_only,label-only,1,0,0,P4_high_PDU_high_ATT,high PDU / high attention difficulties,1,,,questionnaire,questionnaire-profile prediction,29766cb169c1,420,872,80,84,79,15,13
IA_minimax_MiniMax-M2.5_20260603T032216Z,6f627766-ead2-4eda-add0-eb3489db000d,1,minimax,MiniMax-M2.5,0.7,IA_cue_competition_C100_label_only_P5_high_ATT_low_PDU_stroop,1,1,2026-06-03T03:45:54.602418+00:00,cue_competition,C100_label_only,label-only,1,0,0,P5_high_ATT_low_PDU,high attention difficulties / low PDU,0,,,stroop,Stroop color-word task,0d3e8ca2bf00,395,606,92,480,130,120,
IA_minimax_MiniMax-M2.5_20260603T032216Z,6f627766-ead2-4eda-add0-eb3489db000d,1,minimax,MiniMax-M2.5,0.7,IA_cue_competition_C100_label_only_P5_high_ATT_low_PDU_stroop,2,2,2026-06-03T03:45:54.602418+00:00,cue_competition,C100_label_only,label-only,1,0,0,P5_high_ATT_low_PDU,high attention difficulties / low PDU,0,,,stroop,Stroop color-word task,0d3e8ca2bf00,395,606,90,510,145,135,
IA_minimax_MiniMax-M2.5_20260603T032216Z,6f627766-ead2-4eda-add0-eb3489db000d,1,minimax,MiniMax-M2.5,0.7,IA_cue_competition_C100_label_only_P5_high_ATT_low_PDU_stroop,3,3,2026-06-03T03:45:54.602418+00:00,cue_competition,C100_label_only,label-only,1,0,0,P5_high_ATT_low_PDU,high attention difficulties / low PDU,0,,,stroop,Stroop color-word task,0d3e8ca2bf00,395,606,94,460,120,105,
IA_minimax_MiniMax-M2.5_20260603T032216Z,6f627766-ead2-4eda-add0-eb3489db000d,1,minimax,MiniMax-M2.5,0.7,IA_cue_competition_C100_label_only_P5_high_ATT_low_PDU_stroop,4,4,2026-06-03T03:45:54.603429+00:00,cue_competition,C100_label_only,label-only,1,0,0,P5_high_ATT_low_PDU,high attention difficulties / low PDU,0,,,stroop,Stroop color-word task,0d3e8ca2bf00,395,606,91,495,140,128,
IA_minimax_MiniMax-M2.5_20260603T032216Z,6f627766-ead2-4eda-add0-eb3489db000d,1,minimax,MiniMax-M2.5,0.7,IA_cue_competition_C100_label_only_P5_high_ATT_low_PDU_stroop,5,5,2026-06-03T03:45:54.603429+00:00,cue_competition,C100_label_only,label-only,1,0,0,P5_high_ATT_low_PDU,high attention difficulties / low PDU,0,,,stroop,Stroop color-word task,0d3e8ca2bf00,395,606,93,475,125,115,
IA_minimax_MiniMax-M2.5_20260603T032216Z,4a576cf2-8420-4ab6-8e77-c12c37c82e11,2,minimax,MiniMax-M2.5,0.7,IA_cue_competition_C100_label_only_P5_high_ATT_low_PDU_stroop,6,1,2026-06-03T03:46:01.609605+00:00,cue_competition,C100_label_only,label-only,1,0,0,P5_high_ATT_low_PDU,high attention difficulties / low PDU,0,,,stroop,Stroop color-word task,0d3e8ca2bf00,395,625,0.88,620,145,85,
IA_minimax_MiniMax-M2.5_20260603T032216Z,4a576cf2-8420-4ab6-8e77-c12c37c82e11,2,minimax,MiniMax-M2.5,0.7,IA_cue_competition_C100_label_only_P5_high_ATT_low_PDU_stroop,7,2,2026-06-03T03:46:01.609605+00:00,cue_competition,C100_label_only,label-only,1,0,0,P5_high_ATT_low_PDU,high attention difficulties / low PDU,0,,,stroop,Stroop color-word task,0d3e8ca2bf00,395,625,0.86,645,155,92,
IA_minimax_MiniMax-M2.5_20260603T032216Z,4a576cf2-8420-4ab6-8e77-c12c37c82e11,2,minimax,MiniMax-M2.5,0.7,IA_cue_competition_C100_label_only_P5_high_ATT_low_PDU_stroop,8,3,2026-06-03T03:46:01.609605+00:00,cue_competition,C100_label_only,label-only,1,0,0,P5_high_ATT_low_PDU,high attention difficulties / low PDU,0,,,stroop,Stroop color-word task,0d3e8ca2bf00,395,625,0.89,605,138,78,
IA_minimax_MiniMax-M2.5_20260603T032216Z,4a576cf2-8420-4ab6-8e77-c12c37c82e11,2,minimax,MiniMax-M2.5,0.7,IA_cue_competition_C100_label_only_P5_high_ATT_low_PDU_stroop,9,4,2026-06-03T03:46:01.609605+00:00,cue_competition,C100_label_only,label-only,1,0,0,P5_high_ATT_low_PDU,high attention difficulties / low PDU,0,,,stroop,Stroop color-word task,0d3e8ca2bf00,395,625,0.87,635,150,88,
IA_minimax_MiniMax-M2.5_20260603T032216Z,4a576cf2-8420-4ab6-8e77-c12c37c82e11,2,minimax,MiniMax-M2.5,0.7,IA_cue_competition_C100_label_only_P5_high_ATT_low_PDU_stroop,10,5,2026-06-03T03:46:01.609605+00:00,cue_competition,C100_label_only,label-only,1,0,0,P5_high_ATT_low_PDU,high attention difficulties / low PDU,0,,,stroop,Stroop color-word task,0d3e8ca2bf00,395,625,0.85,655,160,95,
IA_minimax_MiniMax-M2.5_20260603T032216Z,2543c429-bf16-40a1-a80a-ca5b0aff43d1,3,minimax,MiniMax-M2.5,0.7,IA_cue_competition_C100_label_only_P5_high_ATT_low_PDU_stroop,11,1,2026-06-03T03:46:07.530693+00:00,cue_competition,C100_label_only,label-only,1,0,0,P5_high_ATT_low_PDU,high attention difficulties / low PDU,0,,,stroop,Stroop color-word task,0d3e8ca2bf00,395,533,87.2,628.4,134.6,118.3,
IA_minimax_MiniMax-M2.5_20260603T032216Z,2543c429-bf16-40a1-a80a-ca5b0aff43d1,3,minimax,MiniMax-M2.5,0.7,IA_cue_competition_C100_label_only_P5_high_ATT_low_PDU_stroop,12,2,2026-06-03T03:46:07.530693+00:00,cue_competition,C100_label_only,label-only,1,0,0,P5_high_ATT_low_PDU,high attention difficulties / low PDU,0,,,stroop,Stroop color-word task,0d3e8ca2bf00,395,533,89.1,591.7,121.8,105.2,
IA_minimax_MiniMax-M2.5_20260603T032216Z,2543c429-bf16-40a1-a80a-ca5b0aff43d1,3,minimax,MiniMax-M2.5,0.7,IA_cue_competition_C100_label_only_P5_high_ATT_low_PDU_stroop,13,3,2026-06-03T03:46:07.530693+00:00,cue_competition,C100_label_only,label-only,1,0,0,P5_high_ATT_low_PDU,high attention difficulties / low PDU,0,,,stroop,Stroop color-word task,0d3e8ca2bf00,395,533,85.6,662.3,148.9,132.7,
IA_minimax_MiniMax-M2.5_20260603T032216Z,2543c429-bf16-40a1-a80a-ca5b0aff43d1,3,minimax,MiniMax-M2.5,0.7,IA_cue_competition_C100_label_only_P5_high_ATT_low_PDU_stroop,14,4,2026-06-03T03:46:07.530693+00:00,cue_competition,C100_label_only,label-only,1,0,0,P5_high_ATT_low_PDU,high attention difficulties / low PDU,0,,,stroop,Stroop color-word task,0d3e8ca2bf00,395,533,88.4,604.1,128.3,112.9,
IA_minimax_MiniMax-M2.5_20260603T032216Z,2543c429-bf16-40a1-a80a-ca5b0aff43d1,3,minimax,MiniMax-M2.5,0.7,IA_cue_competition_C100_label_only_P5_high_ATT_low_PDU_stroop,15,5,2026-06-03T03:46:07.530693+00:00,cue_competition,C100_label_only,label-only,1,0,0,P5_high_ATT_low_PDU,high attention difficulties / low PDU,0,,,stroop,Stroop color-word task,0d3e8ca2bf00,395,533,86.9,645.8,142.1,125.4,
IA_minimax_MiniMax-M2.5_20260603T032216Z,44758087-876a-4bb8-9765-0b6fb7498e99,4,minimax,MiniMax-M2.5,0.7,IA_cue_competition_C100_label_only_P5_high_ATT_low_PDU_stroop,16,1,2026-06-03T03:46:15.186166+00:00,cue_competition,C100_label_only,label-only,1,0,0,P5_high_ATT_low_PDU,high attention difficulties / low PDU,0,,,stroop,Stroop color-word task,0d3e8ca2bf00,395,708,88,620,145,95,
IA_minimax_MiniMax-M2.5_20260603T032216Z,44758087-876a-4bb8-9765-0b6fb7498e99,4,minimax,MiniMax-M2.5,0.7,IA_cue_competition_C100_label_only_P5_high_ATT_low_PDU_stroop,17,2,2026-06-03T03:46:15.186166+00:00,cue_competition,C100_label_only,label-only,1,0,0,P5_high_ATT_low_PDU,high attention difficulties / low PDU,0,,,stroop,Stroop color-word task,0d3e8ca2bf00,395,708,86,645,155,105,
IA_minimax_MiniMax-M2.5_20260603T032216Z,44758087-876a-4bb8-9765-0b6fb7498e99,4,minimax,MiniMax-M2.5,0.7,IA_cue_competition_C100_label_only_P5_high_ATT_low_PDU_stroop,18,3,2026-06-03T03:46:15.186166+00:00,cue_competition,C100_label_only,label-only,1,0,0,P5_high_ATT_low_PDU,high attention difficulties / low PDU,0,,,stroop,Stroop color-word task,0d3e8ca2bf00,395,708,90,595,135,88,
IA_minimax_MiniMax-M2.5_20260603T032216Z,44758087-876a-4bb8-9765-0b6fb7498e99,4,minimax,MiniMax-M2.5,0.7,IA_cue_competition_C100_label_only_P5_high_ATT_low_PDU_stroop,19,4,2026-06-03T03:46:15.186166+00:00,cue_competition,C100_label_only,label-only,1,0,0,P5_high_ATT_low_PDU,high attention difficulties / low PDU,0,,,stroop,Stroop color-word task,0d3e8ca2bf00,395,708,85,670,165,112,
IA_minimax_MiniMax-M2.5_20260603T032216Z,44758087-876a-4bb8-9765-0b6fb7498e99,4,minimax,MiniMax-M2.5,0.7,IA_cue_competition_C100_label_only_P5_high_ATT_low_PDU_stroop,20,5,2026-06-03T03:46:15.186166+00:00,cue_competition,C100_label_only,label-only,1,0,0,P5_high_ATT_low_PDU,high attention difficulties / low PDU,0,,,stroop,Stroop color-word task,0d3e8ca2bf00,395,708,87,635,148,98,
IA_minimax_MiniMax-M2.5_20260603T032216Z,3b3bca7e-7870-4261-ad85-9a68bb4108bb,1,minimax,MiniMax-M2.5,0.7,IA_cue_competition_C100_label_only_P5_high_ATT_low_PDU_nback,1,1,2026-06-03T03:46:21.637469+00:00,cue_competition,C100_label_only,label-only,1,0,0,P5_high_ATT_low_PDU,high attention difficulties / low PDU,0,,,nback,n-back working-memory task,da1eaa994a5f,415,588,86,92,84,76,
IA_minimax_MiniMax-M2.5_20260603T032216Z,3b3bca7e-7870-4261-ad85-9a68bb4108bb,1,minimax,MiniMax-M2.5,0.7,IA_cue_competition_C100_label_only_P5_high_ATT_low_PDU_nback,2,2,2026-06-03T03:46:21.637469+00:00,cue_competition,C100_label_only,label-only,1,0,0,P5_high_ATT_low_PDU,high attention difficulties / low PDU,0,,,nback,n-back working-memory task,da1eaa994a5f,415,588,84,91,82,74,
IA_minimax_MiniMax-M2.5_20260603T032216Z,3b3bca7e-7870-4261-ad85-9a68bb4108bb,1,minimax,MiniMax-M2.5,0.7,IA_cue_competition_C100_label_only_P5_high_ATT_low_PDU_nback,3,3,2026-06-03T03:46:21.637469+00:00,cue_competition,C100_label_only,label-only,1,0,0,P5_high_ATT_low_PDU,high attention difficulties / low PDU,0,,,nback,n-back working-memory task,da1eaa994a5f,415,588,88,94,86,78,
IA_minimax_MiniMax-M2.5_20260603T032216Z,3b3bca7e-7870-4261-ad85-9a68bb4108bb,1,minimax,MiniMax-M2.5,0.7,IA_cue_competition_C100_label_only_P5_high_ATT_low_PDU_nback,4,4,2026-06-03T03:46:21.637469+00:00,cue_competition,C100_label_only,label-only,1,0,0,P5_high_ATT_low_PDU,high attention difficulties / low PDU,0,,,nback,n-back working-memory task,da1eaa994a5f,415,588,85,90,83,75,
IA_minimax_MiniMax-M2.5_20260603T032216Z,3b3bca7e-7870-4261-ad85-9a68bb4108bb,1,minimax,MiniMax-M2.5,0.7,IA_cue_competition_C100_label_only_P5_high_ATT_low_PDU_nback,5,5,2026-06-03T03:46:21.637469+00:00,cue_competition,C100_label_only,label-only,1,0,0,P5_high_ATT_low_PDU,high attention difficulties / low PDU,0,,,nback,n-back working-memory task,da1eaa994a5f,415,588,87,93,85,77,
IA_minimax_MiniMax-M2.5_20260603T032216Z,774b49e5-a66f-48e0-9d0f-008f595de8d8,2,minimax,MiniMax-M2.5,0.7,IA_cue_competition_C100_label_only_P5_high_ATT_low_PDU_nback,6,1,2026-06-03T03:46:27.001458+00:00,cue_competition,C100_label_only,label-only,1,0,0,P5_high_ATT_low_PDU,high attention difficulties / low PDU,0,,,nback,n-back working-memory task,da1eaa994a5f,415,492,77.3,91.2,78.5,62.2,
IA_minimax_MiniMax-M2.5_20260603T032216Z,774b49e5-a66f-48e0-9d0f-008f595de8d8,2,minimax,MiniMax-M2.5,0.7,IA_cue_competition_C100_label_only_P5_high_ATT_low_PDU_nback,7,2,2026-06-03T03:46:27.001458+00:00,cue_competition,C100_label_only,label-only,1,0,0,P5_high_ATT_low_PDU,high attention difficulties / low PDU,0,,,nback,n-back working-memory task,da1eaa994a5f,415,492,74.8,89.7,76.1,58.6,
IA_minimax_MiniMax-M2.5_20260603T032216Z,774b49e5-a66f-48e0-9d0f-008f595de8d8,2,minimax,MiniMax-M2.5,0.7,IA_cue_competition_C100_label_only_P5_high_ATT_low_PDU_nback,8,3,2026-06-03T03:46:27.001458+00:00,cue_competition,C100_label_only,label-only,1,0,0,P5_high_ATT_low_PDU,high attention difficulties / low PDU,0,,,nback,n-back working-memory task,da1eaa994a5f,415,492,80.1,93.4,81.9,65,
IA_minimax_MiniMax-M2.5_20260603T032216Z,774b49e5-a66f-48e0-9d0f-008f595de8d8,2,minimax,MiniMax-M2.5,0.7,IA_cue_competition_C100_label_only_P5_high_ATT_low_PDU_nback,9,4,2026-06-03T03:46:27.001458+00:00,cue_competition,C100_label_only,label-only,1,0,0,P5_high_ATT_low_PDU,high attention difficulties / low PDU,0,,,nback,n-back working-memory task,da1eaa994a5f,415,492,72.5,88.3,73.8,55.4,
IA_minimax_MiniMax-M2.5_20260603T032216Z,774b49e5-a66f-48e0-9d0f-008f595de8d8,2,minimax,MiniMax-M2.5,0.7,IA_cue_competition_C100_label_only_P5_high_ATT_low_PDU_nback,10,5,2026-06-03T03:46:27.001458+00:00,cue_competition,C100_label_only,label-only,1,0,0,P5_high_ATT_low_PDU,high attention difficulties / low PDU,0,,,nback,n-back working-memory task,da1eaa994a5f,415,492,75.9,90.6,77.2,59.9,
IA_minimax_MiniMax-M2.5_20260603T032216Z,6b39c5e8-87fa-4ceb-be16-0a5ed5c01c77,3,minimax,MiniMax-M2.5,0.7,IA_cue_competition_C100_label_only_P5_high_ATT_low_PDU_nback,11,1,2026-06-03T03:46:32.997633+00:00,cue_competition,C100_label_only,label-only,1,0,0,P5_high_ATT_low_PDU,high attention difficulties / low PDU,0,,,nback,n-back working-memory task,da1eaa994a5f,415,479,74.2,86.5,76.8,59.3,
IA_minimax_MiniMax-M2.5_20260603T032216Z,6b39c5e8-87fa-4ceb-be16-0a5ed5c01c77,3,minimax,MiniMax-M2.5,0.7,IA_cue_competition_C100_label_only_P5_high_ATT_low_PDU_nback,12,2,2026-06-03T03:46:32.997633+00:00,cue_competition,C100_label_only,label-only,1,0,0,P5_high_ATT_low_PDU,high attention difficulties / low PDU,0,,,nback,n-back working-memory task,da1eaa994a5f,415,479,71.8,83.2,72.5,59.7,
IA_minimax_MiniMax-M2.5_20260603T032216Z,6b39c5e8-87fa-4ceb-be16-0a5ed5c01c77,3,minimax,MiniMax-M2.5,0.7,IA_cue_competition_C100_label_only_P5_high_ATT_low_PDU_nback,13,3,2026-06-03T03:46:32.997633+00:00,cue_competition,C100_label_only,label-only,1,0,0,P5_high_ATT_low_PDU,high attention difficulties / low PDU,0,,,nback,n-back working-memory task,da1eaa994a5f,415,479,76.1,88.4,79.2,60.7,
IA_minimax_MiniMax-M2.5_20260603T032216Z,6b39c5e8-87fa-4ceb-be16-0a5ed5c01c77,3,minimax,MiniMax-M2.5,0.7,IA_cue_competition_C100_label_only_P5_high_ATT_low_PDU_nback,14,4,2026-06-03T03:46:32.997633+00:00,cue_competition,C100_label_only,label-only,1,0,0,P5_high_ATT_low_PDU,high attention difficulties / low PDU,0,,,nback,n-back working-memory task,da1eaa994a5f,415,479,72.5,84.1,73.8,59.6,
IA_minimax_MiniMax-M2.5_20260603T032216Z,6b39c5e8-87fa-4ceb-be16-0a5ed5c01c77,3,minimax,MiniMax-M2.5,0.7,IA_cue_competition_C100_label_only_P5_high_ATT_low_PDU_nback,15,5,2026-06-03T03:46:32.997633+00:00,cue_competition,C100_label_only,label-only,1,0,0,P5_high_ATT_low_PDU,high attention difficulties / low PDU,0,,,nback,n-back working-memory task,da1eaa994a5f,415,479,73.9,85.7,75.4,60.6,
IA_minimax_MiniMax-M2.5_20260603T032216Z,c3f3c9b0-aef0-4cf1-baaa-1f86b4071965,4,minimax,MiniMax-M2.5,0.7,IA_cue_competition_C100_label_only_P5_high_ATT_low_PDU_nback,16,1,2026-06-03T03:46:40.426712+00:00,cue_competition,C100_label_only,label-only,1,0,0,P5_high_ATT_low_PDU,high attention difficulties / low PDU,0,,,nback,n-back working-memory task,da1eaa994a5f,415,641,87,92,85,75,
IA_minimax_MiniMax-M2.5_20260603T032216Z,c3f3c9b0-aef0-4cf1-baaa-1f86b4071965,4,minimax,MiniMax-M2.5,0.7,IA_cue_competition_C100_label_only_P5_high_ATT_low_PDU_nback,17,2,2026-06-03T03:46:40.426712+00:00,cue_competition,C100_label_only,label-only,1,0,0,P5_high_ATT_low_PDU,high attention difficulties / low PDU,0,,,nback,n-back working-memory task,da1eaa994a5f,415,641,85,91,83,72,
IA_minimax_MiniMax-M2.5_20260603T032216Z,c3f3c9b0-aef0-4cf1-baaa-1f86b4071965,4,minimax,MiniMax-M2.5,0.7,IA_cue_competition_C100_label_only_P5_high_ATT_low_PDU_nback,18,3,2026-06-03T03:46:40.426712+00:00,cue_competition,C100_label_only,label-only,1,0,0,P5_high_ATT_low_PDU,high attention difficulties / low PDU,0,,,nback,n-back working-memory task,da1eaa994a5f,415,641,88,93,86,77,
IA_minimax_MiniMax-M2.5_20260603T032216Z,c3f3c9b0-aef0-4cf1-baaa-1f86b4071965,4,minimax,MiniMax-M2.5,0.7,IA_cue_competition_C100_label_only_P5_high_ATT_low_PDU_nback,19,4,2026-06-03T03:46:40.426712+00:00,cue_competition,C100_label_only,label-only,1,0,0,P5_high_ATT_low_PDU,high attention difficulties / low PDU,0,,,nback,n-back working-memory task,da1eaa994a5f,415,641,86,90,84,74,
IA_minimax_MiniMax-M2.5_20260603T032216Z,c3f3c9b0-aef0-4cf1-baaa-1f86b4071965,4,minimax,MiniMax-M2.5,0.7,IA_cue_competition_C100_label_only_P5_high_ATT_low_PDU_nback,20,5,2026-06-03T03:46:40.426712+00:00,cue_competition,C100_label_only,label-only,1,0,0,P5_high_ATT_low_PDU,high attention difficulties / low PDU,0,,,nback,n-back working-memory task,da1eaa994a5f,415,641,89,94,87,78,
IA_minimax_MiniMax-M2.5_20260603T032216Z,33e06839-eced-4d7e-9ba8-cef28b99442c,1,minimax,MiniMax-M2.5,0.7,IA_cue_competition_C100_label_only_P5_high_ATT_low_PDU_bart,1,1,2026-06-03T03:46:49.375511+00:00,cue_competition,C100_label_only,label-only,1,0,0,P5_high_ATT_low_PDU,high attention difficulties / low PDU,0,,,bart,Balloon Analogue Risk Task,f37d9b6ed13c,409,854,47,115,4,0.71,
IA_minimax_MiniMax-M2.5_20260603T032216Z,33e06839-eced-4d7e-9ba8-cef28b99442c,1,minimax,MiniMax-M2.5,0.7,IA_cue_competition_C100_label_only_P5_high_ATT_low_PDU_bart,2,2,2026-06-03T03:46:49.375511+00:00,cue_competition,C100_label_only,label-only,1,0,0,P5_high_ATT_low_PDU,high attention difficulties / low PDU,0,,,bart,Balloon Analogue Risk Task,f37d9b6ed13c,409,854,53,82,6,0.79,
IA_minimax_MiniMax-M2.5_20260603T032216Z,33e06839-eced-4d7e-9ba8-cef28b99442c,1,minimax,MiniMax-M2.5,0.7,IA_cue_competition_C100_label_only_P5_high_ATT_low_PDU_bart,3,3,2026-06-03T03:46:49.375511+00:00,cue_competition,C100_label_only,label-only,1,0,0,P5_high_ATT_low_PDU,high attention difficulties / low PDU,0,,,bart,Balloon Analogue Risk Task,f37d9b6ed13c,409,854,42,138,3,0.65,
IA_minimax_MiniMax-M2.5_20260603T032216Z,33e06839-eced-4d7e-9ba8-cef28b99442c,1,minimax,MiniMax-M2.5,0.7,IA_cue_competition_C100_label_only_P5_high_ATT_low_PDU_bart,4,4,2026-06-03T03:46:49.375511+00:00,cue_competition,C100_label_only,label-only,1,0,0,P5_high_ATT_low_PDU,high attention difficulties / low PDU,0,,,bart,Balloon Analogue Risk Task,f37d9b6ed13c,409,854,58,64,7,0.84,
IA_minimax_MiniMax-M2.5_20260603T032216Z,33e06839-eced-4d7e-9ba8-cef28b99442c,1,minimax,MiniMax-M2.5,0.7,IA_cue_competition_C100_label_only_P5_high_ATT_low_PDU_bart,5,5,2026-06-03T03:46:49.375511+00:00,cue_competition,C100_label_only,label-only,1,0,0,P5_high_ATT_low_PDU,high attention difficulties / low PDU,0,,,bart,Balloon Analogue Risk Task,f37d9b6ed13c,409,854,49,98,5,0.75,
IA_minimax_MiniMax-M2.5_20260603T032216Z,704c2b9e-4a2e-41c4-8479-73f5b743411e,2,minimax,MiniMax-M2.5,0.7,IA_cue_competition_C100_label_only_P5_high_ATT_low_PDU_bart,6,1,2026-06-03T03:46:58.784525+00:00,cue_competition,C100_label_only,label-only,1,0,0,P5_high_ATT_low_PDU,high attention difficulties / low PDU,0,,,bart,Balloon Analogue Risk Task,f37d9b6ed13c,409,852,35,85,4,0.65,
IA_minimax_MiniMax-M2.5_20260603T032216Z,704c2b9e-4a2e-41c4-8479-73f5b743411e,2,minimax,MiniMax-M2.5,0.7,IA_cue_competition_C100_label_only_P5_high_ATT_low_PDU_bart,7,2,2026-06-03T03:46:58.784525+00:00,cue_competition,C100_label_only,label-only,1,0,0,P5_high_ATT_low_PDU,high attention difficulties / low PDU,0,,,bart,Balloon Analogue Risk Task,f37d9b6ed13c,409,852,28,72,3,0.58,
IA_minimax_MiniMax-M2.5_20260603T032216Z,704c2b9e-4a2e-41c4-8479-73f5b743411e,2,minimax,MiniMax-M2.5,0.7,IA_cue_competition_C100_label_only_P5_high_ATT_low_PDU_bart,8,3,2026-06-03T03:46:58.784525+00:00,cue_competition,C100_label_only,label-only,1,0,0,P5_high_ATT_low_PDU,high attention difficulties / low PDU,0,,,bart,Balloon Analogue Risk Task,f37d9b6ed13c,409,852,42,65,6,0.72,
IA_minimax_MiniMax-M2.5_20260603T032216Z,704c2b9e-4a2e-41c4-8479-73f5b743411e,2,minimax,MiniMax-M2.5,0.7,IA_cue_competition_C100_label_only_P5_high_ATT_low_PDU_bart,9,4,2026-06-03T03:46:58.784525+00:00,cue_competition,C100_label_only,label-only,1,0,0,P5_high_ATT_low_PDU,high attention difficulties / low PDU,0,,,bart,Balloon Analogue Risk Task,f37d9b6ed13c,409,852,31,95,3,0.52,
IA_minimax_MiniMax-M2.5_20260603T032216Z,704c2b9e-4a2e-41c4-8479-73f5b743411e,2,minimax,MiniMax-M2.5,0.7,IA_cue_competition_C100_label_only_P5_high_ATT_low_PDU_bart,10,5,2026-06-03T03:46:58.784525+00:00,cue_competition,C100_label_only,label-only,1,0,0,P5_high_ATT_low_PDU,high attention difficulties / low PDU,0,,,bart,Balloon Analogue Risk Task,f37d9b6ed13c,409,852,38,78,5,0.68,
IA_minimax_MiniMax-M2.5_20260603T032216Z,2117dd37-5002-4748-b40f-22cc674bdcf8,3,minimax,MiniMax-M2.5,0.7,IA_cue_competition_C100_label_only_P5_high_ATT_low_PDU_bart,11,1,2026-06-03T03:47:05.159595+00:00,cue_competition,C100_label_only,label-only,1,0,0,P5_high_ATT_low_PDU,high attention difficulties / low PDU,0,,,bart,Balloon Analogue Risk Task,f37d9b6ed13c,409,603,34,2.8,2,0.52,
IA_minimax_MiniMax-M2.5_20260603T032216Z,2117dd37-5002-4748-b40f-22cc674bdcf8,3,minimax,MiniMax-M2.5,0.7,IA_cue_competition_C100_label_only_P5_high_ATT_low_PDU_bart,12,2,2026-06-03T03:47:05.159595+00:00,cue_competition,C100_label_only,label-only,1,0,0,P5_high_ATT_low_PDU,high attention difficulties / low PDU,0,,,bart,Balloon Analogue Risk Task,f37d9b6ed13c,409,603,42,3.4,3,0.61,
IA_minimax_MiniMax-M2.5_20260603T032216Z,2117dd37-5002-4748-b40f-22cc674bdcf8,3,minimax,MiniMax-M2.5,0.7,IA_cue_competition_C100_label_only_P5_high_ATT_low_PDU_bart,13,3,2026-06-03T03:47:05.159595+00:00,cue_competition,C100_label_only,label-only,1,0,0,P5_high_ATT_low_PDU,high attention difficulties / low PDU,0,,,bart,Balloon Analogue Risk Task,f37d9b6ed13c,409,603,28,2.2,1,0.44,
IA_minimax_MiniMax-M2.5_20260603T032216Z,2117dd37-5002-4748-b40f-22cc674bdcf8,3,minimax,MiniMax-M2.5,0.7,IA_cue_competition_C100_label_only_P5_high_ATT_low_PDU_bart,14,4,2026-06-03T03:47:05.159595+00:00,cue_competition,C100_label_only,label-only,1,0,0,P5_high_ATT_low_PDU,high attention difficulties / low PDU,0,,,bart,Balloon Analogue Risk Task,f37d9b6ed13c,409,603,47,3.9,4,0.68,
IA_minimax_MiniMax-M2.5_20260603T032216Z,2117dd37-5002-4748-b40f-22cc674bdcf8,3,minimax,MiniMax-M2.5,0.7,IA_cue_competition_C100_label_only_P5_high_ATT_low_PDU_bart,15,5,2026-06-03T03:47:05.159595+00:00,cue_competition,C100_label_only,label-only,1,0,0,P5_high_ATT_low_PDU,high attention difficulties / low PDU,0,,,bart,Balloon Analogue Risk Task,f37d9b6ed13c,409,603,36,3.1,2,0.55,
IA_minimax_MiniMax-M2.5_20260603T032216Z,e5dc5570-5e72-49d7-84bd-1545bc89b43d,4,minimax,MiniMax-M2.5,0.7,IA_cue_competition_C100_label_only_P5_high_ATT_low_PDU_bart,16,1,2026-06-03T03:47:14.937270+00:00,cue_competition,C100_label_only,label-only,1,0,0,P5_high_ATT_low_PDU,high attention difficulties / low PDU,0,,,bart,Balloon Analogue Risk Task,f37d9b6ed13c,409,943,13,32,2,0.68,
IA_minimax_MiniMax-M2.5_20260603T032216Z,e5dc5570-5e72-49d7-84bd-1545bc89b43d,4,minimax,MiniMax-M2.5,0.7,IA_cue_competition_C100_label_only_P5_high_ATT_low_PDU_bart,17,2,2026-06-03T03:47:14.937270+00:00,cue_competition,C100_label_only,label-only,1,0,0,P5_high_ATT_low_PDU,high attention difficulties / low PDU,0,,,bart,Balloon Analogue Risk Task,f37d9b6ed13c,409,943,15,28,4,0.75,
IA_minimax_MiniMax-M2.5_20260603T032216Z,e5dc5570-5e72-49d7-84bd-1545bc89b43d,4,minimax,MiniMax-M2.5,0.7,IA_cue_competition_C100_label_only_P5_high_ATT_low_PDU_bart,18,3,2026-06-03T03:47:14.937270+00:00,cue_competition,C100_label_only,label-only,1,0,0,P5_high_ATT_low_PDU,high attention difficulties / low PDU,0,,,bart,Balloon Analogue Risk Task,f37d9b6ed13c,409,943,11,38,1,0.62,
IA_minimax_MiniMax-M2.5_20260603T032216Z,e5dc5570-5e72-49d7-84bd-1545bc89b43d,4,minimax,MiniMax-M2.5,0.7,IA_cue_competition_C100_label_only_P5_high_ATT_low_PDU_bart,19,4,2026-06-03T03:47:14.937270+00:00,cue_competition,C100_label_only,label-only,1,0,0,P5_high_ATT_low_PDU,high attention difficulties / low PDU,0,,,bart,Balloon Analogue Risk Task,f37d9b6ed13c,409,943,14,25,3,0.71,
IA_minimax_MiniMax-M2.5_20260603T032216Z,e5dc5570-5e72-49d7-84bd-1545bc89b43d,4,minimax,MiniMax-M2.5,0.7,IA_cue_competition_C100_label_only_P5_high_ATT_low_PDU_bart,20,5,2026-06-03T03:47:14.937270+00:00,cue_competition,C100_label_only,label-only,1,0,0,P5_high_ATT_low_PDU,high attention difficulties / low PDU,0,,,bart,Balloon Analogue Risk Task,f37d9b6ed13c,409,943,12,35,2,0.65,
IA_minimax_MiniMax-M2.5_20260603T032216Z,44fbaefd-9638-4154-9ae9-e559dad35ceb,1,minimax,MiniMax-M2.5,0.7,IA_cue_competition_C100_label_only_P5_high_ATT_low_PDU_ddt,1,1,2026-06-03T03:47:21.847035+00:00,cue_competition,C100_label_only,label-only,1,0,0,P5_high_ATT_low_PDU,high attention difficulties / low PDU,0,,,ddt,Delay Discounting Task,c12bab8f339d,392,638,0.025,-3.689,0.55,,
IA_minimax_MiniMax-M2.5_20260603T032216Z,44fbaefd-9638-4154-9ae9-e559dad35ceb,1,minimax,MiniMax-M2.5,0.7,IA_cue_competition_C100_label_only_P5_high_ATT_low_PDU_ddt,2,2,2026-06-03T03:47:21.847035+00:00,cue_competition,C100_label_only,label-only,1,0,0,P5_high_ATT_low_PDU,high attention difficulties / low PDU,0,,,ddt,Delay Discounting Task,c12bab8f339d,392,638,0.035,-3.352,0.6,,
IA_minimax_MiniMax-M2.5_20260603T032216Z,44fbaefd-9638-4154-9ae9-e559dad35ceb,1,minimax,MiniMax-M2.5,0.7,IA_cue_competition_C100_label_only_P5_high_ATT_low_PDU_ddt,3,3,2026-06-03T03:47:21.847035+00:00,cue_competition,C100_label_only,label-only,1,0,0,P5_high_ATT_low_PDU,high attention difficulties / low PDU,0,,,ddt,Delay Discounting Task,c12bab8f339d,392,638,0.02,-3.912,0.5,,
IA_minimax_MiniMax-M2.5_20260603T032216Z,44fbaefd-9638-4154-9ae9-e559dad35ceb,1,minimax,MiniMax-M2.5,0.7,IA_cue_competition_C100_label_only_P5_high_ATT_low_PDU_ddt,4,4,2026-06-03T03:47:21.847712+00:00,cue_competition,C100_label_only,label-only,1,0,0,P5_high_ATT_low_PDU,high attention difficulties / low PDU,0,,,ddt,Delay Discounting Task,c12bab8f339d,392,638,0.04,-3.219,0.62,,
IA_minimax_MiniMax-M2.5_20260603T032216Z,44fbaefd-9638-4154-9ae9-e559dad35ceb,1,minimax,MiniMax-M2.5,0.7,IA_cue_competition_C100_label_only_P5_high_ATT_low_PDU_ddt,5,5,2026-06-03T03:47:21.847712+00:00,cue_competition,C100_label_only,label-only,1,0,0,P5_high_ATT_low_PDU,high attention difficulties / low PDU,0,,,ddt,Delay Discounting Task,c12bab8f339d,392,638,0.03,-3.507,0.57,,
IA_minimax_MiniMax-M2.5_20260603T032216Z,96a6d7e6-891c-4c51-9493-b39a6e467c5c,2,minimax,MiniMax-M2.5,0.7,IA_cue_competition_C100_label_only_P5_high_ATT_low_PDU_ddt,6,1,2026-06-03T03:47:30.069859+00:00,cue_competition,C100_label_only,label-only,1,0,0,P5_high_ATT_low_PDU,high attention difficulties / low PDU,0,,,ddt,Delay Discounting Task,c12bab8f339d,392,786,0.0123,-4.402,0.422,,
IA_minimax_MiniMax-M2.5_20260603T032216Z,96a6d7e6-891c-4c51-9493-b39a6e467c5c,2,minimax,MiniMax-M2.5,0.7,IA_cue_competition_C100_label_only_P5_high_ATT_low_PDU_ddt,7,2,2026-06-03T03:47:30.069859+00:00,cue_competition,C100_label_only,label-only,1,0,0,P5_high_ATT_low_PDU,high attention difficulties / low PDU,0,,,ddt,Delay Discounting Task,c12bab8f339d,392,786,0.0187,-3.978,0.458,,
IA_minimax_MiniMax-M2.5_20260603T032216Z,96a6d7e6-891c-4c51-9493-b39a6e467c5c,2,minimax,MiniMax-M2.5,0.7,IA_cue_competition_C100_label_only_P5_high_ATT_low_PDU_ddt,8,3,2026-06-03T03:47:30.069859+00:00,cue_competition,C100_label_only,label-only,1,0,0,P5_high_ATT_low_PDU,high attention difficulties / low PDU,0,,,ddt,Delay Discounting Task,c12bab8f339d,392,786,0.0079,-4.842,0.381,,
IA_minimax_MiniMax-M2.5_20260603T032216Z,96a6d7e6-891c-4c51-9493-b39a6e467c5c,2,minimax,MiniMax-M2.5,0.7,IA_cue_competition_C100_label_only_P5_high_ATT_low_PDU_ddt,9,4,2026-06-03T03:47:30.069859+00:00,cue_competition,C100_label_only,label-only,1,0,0,P5_high_ATT_low_PDU,high attention difficulties / low PDU,0,,,ddt,Delay Discounting Task,c12bab8f339d,392,786,0.0245,-3.711,0.489,,
IA_minimax_MiniMax-M2.5_20260603T032216Z,96a6d7e6-891c-4c51-9493-b39a6e467c5c,2,minimax,MiniMax-M2.5,0.7,IA_cue_competition_C100_label_only_P5_high_ATT_low_PDU_ddt,10,5,2026-06-03T03:47:30.069859+00:00,cue_competition,C100_label_only,label-only,1,0,0,P5_high_ATT_low_PDU,high attention difficulties / low PDU,0,,,ddt,Delay Discounting Task,c12bab8f339d,392,786,0.0152,-4.187,0.441,,
IA_minimax_MiniMax-M2.5_20260603T032216Z,d49fb429-9127-467d-b8b4-4024b9eaadde,3,minimax,MiniMax-M2.5,0.7,IA_cue_competition_C100_label_only_P5_high_ATT_low_PDU_ddt,11,1,2026-06-03T03:47:38.081632+00:00,cue_competition,C100_label_only,label-only,1,0,0,P5_high_ATT_low_PDU,high attention difficulties / low PDU,0,,,ddt,Delay Discounting Task,c12bab8f339d,392,756,0.0287,-3.55,0.512,,
IA_minimax_MiniMax-M2.5_20260603T032216Z,d49fb429-9127-467d-b8b4-4024b9eaadde,3,minimax,MiniMax-M2.5,0.7,IA_cue_competition_C100_label_only_P5_high_ATT_low_PDU_ddt,12,2,2026-06-03T03:47:38.081632+00:00,cue_competition,C100_label_only,label-only,1,0,0,P5_high_ATT_low_PDU,high attention difficulties / low PDU,0,,,ddt,Delay Discounting Task,c12bab8f339d,392,756,0.0234,-3.754,0.463,,
IA_minimax_MiniMax-M2.5_20260603T032216Z,d49fb429-9127-467d-b8b4-4024b9eaadde,3,minimax,MiniMax-M2.5,0.7,IA_cue_competition_C100_label_only_P5_high_ATT_low_PDU_ddt,13,3,2026-06-03T03:47:38.081632+00:00,cue_competition,C100_label_only,label-only,1,0,0,P5_high_ATT_low_PDU,high attention difficulties / low PDU,0,,,ddt,Delay Discounting Task,c12bab8f339d,392,756,0.0352,-3.344,0.538,,
IA_minimax_MiniMax-M2.5_20260603T032216Z,d49fb429-9127-467d-b8b4-4024b9eaadde,3,minimax,MiniMax-M2.5,0.7,IA_cue_competition_C100_label_only_P5_high_ATT_low_PDU_ddt,14,4,2026-06-03T03:47:38.081632+00:00,cue_competition,C100_label_only,label-only,1,0,0,P5_high_ATT_low_PDU,high attention difficulties / low PDU,0,,,ddt,Delay Discounting Task,c12bab8f339d,392,756,0.0261,-3.645,0.487,,
IA_minimax_MiniMax-M2.5_20260603T032216Z,d49fb429-9127-467d-b8b4-4024b9eaadde,3,minimax,MiniMax-M2.5,0.7,IA_cue_competition_C100_label_only_P5_high_ATT_low_PDU_ddt,15,5,2026-06-03T03:47:38.081632+00:00,cue_competition,C100_label_only,label-only,1,0,0,P5_high_ATT_low_PDU,high attention difficulties / low PDU,0,,,ddt,Delay Discounting Task,c12bab8f339d,392,756,0.0319,-3.445,0.521,,
IA_minimax_MiniMax-M2.5_20260603T032216Z,b0d38b6f-2a9f-4122-957c-c33d7088e07d,4,minimax,MiniMax-M2.5,0.7,IA_cue_competition_C100_label_only_P5_high_ATT_low_PDU_ddt,16,1,2026-06-03T03:47:45.098222+00:00,cue_competition,C100_label_only,label-only,1,0,0,P5_high_ATT_low_PDU,high attention difficulties / low PDU,0,,,ddt,Delay Discounting Task,c12bab8f339d,392,636,0.025,-3.689,0.45,,
IA_minimax_MiniMax-M2.5_20260603T032216Z,b0d38b6f-2a9f-4122-957c-c33d7088e07d,4,minimax,MiniMax-M2.5,0.7,IA_cue_competition_C100_label_only_P5_high_ATT_low_PDU_ddt,17,2,2026-06-03T03:47:45.098222+00:00,cue_competition,C100_label_only,label-only,1,0,0,P5_high_ATT_low_PDU,high attention difficulties / low PDU,0,,,ddt,Delay Discounting Task,c12bab8f339d,392,636,0.042,-3.17,0.52,,
IA_minimax_MiniMax-M2.5_20260603T032216Z,b0d38b6f-2a9f-4122-957c-c33d7088e07d,4,minimax,MiniMax-M2.5,0.7,IA_cue_competition_C100_label_only_P5_high_ATT_low_PDU_ddt,18,3,2026-06-03T03:47:45.098222+00:00,cue_competition,C100_label_only,label-only,1,0,0,P5_high_ATT_low_PDU,high attention difficulties / low PDU,0,,,ddt,Delay Discounting Task,c12bab8f339d,392,636,0.018,-4.017,0.38,,
IA_minimax_MiniMax-M2.5_20260603T032216Z,b0d38b6f-2a9f-4122-957c-c33d7088e07d,4,minimax,MiniMax-M2.5,0.7,IA_cue_competition_C100_label_only_P5_high_ATT_low_PDU_ddt,19,4,2026-06-03T03:47:45.098222+00:00,cue_competition,C100_label_only,label-only,1,0,0,P5_high_ATT_low_PDU,high attention difficulties / low PDU,0,,,ddt,Delay Discounting Task,c12bab8f339d,392,636,0.055,-2.9,0.58,,
IA_minimax_MiniMax-M2.5_20260603T032216Z,b0d38b6f-2a9f-4122-957c-c33d7088e07d,4,minimax,MiniMax-M2.5,0.7,IA_cue_competition_C100_label_only_P5_high_ATT_low_PDU_ddt,20,5,2026-06-03T03:47:45.098222+00:00,cue_competition,C100_label_only,label-only,1,0,0,P5_high_ATT_low_PDU,high attention difficulties / low PDU,0,,,ddt,Delay Discounting Task,c12bab8f339d,392,636,0.031,-3.474,0.48,,
IA_minimax_MiniMax-M2.5_20260603T032216Z,fcfe9884-ab5f-40c5-bff1-fa3ed846e6bb,1,minimax,MiniMax-M2.5,0.7,IA_cue_competition_C100_label_only_P5_high_ATT_low_PDU_questionnaire,1,1,2026-06-03T03:47:54.355993+00:00,cue_competition,C100_label_only,label-only,1,0,0,P5_high_ATT_low_PDU,high attention difficulties / low PDU,0,,,questionnaire,questionnaire-profile prediction,7ae5cd4ba681,420,866,78,54,45,8,6
IA_minimax_MiniMax-M2.5_20260603T032216Z,fcfe9884-ab5f-40c5-bff1-fa3ed846e6bb,1,minimax,MiniMax-M2.5,0.7,IA_cue_competition_C100_label_only_P5_high_ATT_low_PDU_questionnaire,2,2,2026-06-03T03:47:54.355993+00:00,cue_competition,C100_label_only,label-only,1,0,0,P5_high_ATT_low_PDU,high attention difficulties / low PDU,0,,,questionnaire,questionnaire-profile prediction,7ae5cd4ba681,420,866,82,58,48,7,5
IA_minimax_MiniMax-M2.5_20260603T032216Z,fcfe9884-ab5f-40c5-bff1-fa3ed846e6bb,1,minimax,MiniMax-M2.5,0.7,IA_cue_competition_C100_label_only_P5_high_ATT_low_PDU_questionnaire,3,3,2026-06-03T03:47:54.355993+00:00,cue_competition,C100_label_only,label-only,1,0,0,P5_high_ATT_low_PDU,high attention difficulties / low PDU,0,,,questionnaire,questionnaire-profile prediction,7ae5cd4ba681,420,866,75,51,42,9,7
IA_minimax_MiniMax-M2.5_20260603T032216Z,fcfe9884-ab5f-40c5-bff1-fa3ed846e6bb,1,minimax,MiniMax-M2.5,0.7,IA_cue_competition_C100_label_only_P5_high_ATT_low_PDU_questionnaire,4,4,2026-06-03T03:47:54.355993+00:00,cue_competition,C100_label_only,label-only,1,0,0,P5_high_ATT_low_PDU,high attention difficulties / low PDU,0,,,questionnaire,questionnaire-profile prediction,7ae5cd4ba681,420,866,85,60,50,6,5
IA_minimax_MiniMax-M2.5_20260603T032216Z,fcfe9884-ab5f-40c5-bff1-fa3ed846e6bb,1,minimax,MiniMax-M2.5,0.7,IA_cue_competition_C100_label_only_P5_high_ATT_low_PDU_questionnaire,5,5,2026-06-03T03:47:54.355993+00:00,cue_competition,C100_label_only,label-only,1,0,0,P5_high_ATT_low_PDU,high attention difficulties / low PDU,0,,,questionnaire,questionnaire-profile prediction,7ae5cd4ba681,420,866,79,56,46,8,6
IA_minimax_MiniMax-M2.5_20260603T032216Z,c61510e6-fda8-4524-87a0-73cb16f6985d,2,minimax,MiniMax-M2.5,0.7,IA_cue_competition_C100_label_only_P5_high_ATT_low_PDU_questionnaire,6,1,2026-06-03T03:48:00.669846+00:00,cue_competition,C100_label_only,label-only,1,0,0,P5_high_ATT_low_PDU,high attention difficulties / low PDU,0,,,questionnaire,questionnaire-profile prediction,7ae5cd4ba681,420,566,67,58,71,22,18
IA_minimax_MiniMax-M2.5_20260603T032216Z,c61510e6-fda8-4524-87a0-73cb16f6985d,2,minimax,MiniMax-M2.5,0.7,IA_cue_competition_C100_label_only_P5_high_ATT_low_PDU_questionnaire,7,2,2026-06-03T03:48:00.669846+00:00,cue_competition,C100_label_only,label-only,1,0,0,P5_high_ATT_low_PDU,high attention difficulties / low PDU,0,,,questionnaire,questionnaire-profile prediction,7ae5cd4ba681,420,566,72,63,76,19,15
IA_minimax_MiniMax-M2.5_20260603T032216Z,c61510e6-fda8-4524-87a0-73cb16f6985d,2,minimax,MiniMax-M2.5,0.7,IA_cue_competition_C100_label_only_P5_high_ATT_low_PDU_questionnaire,8,3,2026-06-03T03:48:00.669846+00:00,cue_competition,C100_label_only,label-only,1,0,0,P5_high_ATT_low_PDU,high attention difficulties / low PDU,0,,,questionnaire,questionnaire-profile prediction,7ae5cd4ba681,420,566,64,55,68,24,20
IA_minimax_MiniMax-M2.5_20260603T032216Z,c61510e6-fda8-4524-87a0-73cb16f6985d,2,minimax,MiniMax-M2.5,0.7,IA_cue_competition_C100_label_only_P5_high_ATT_low_PDU_questionnaire,9,4,2026-06-03T03:48:00.669846+00:00,cue_competition,C100_label_only,label-only,1,0,0,P5_high_ATT_low_PDU,high attention difficulties / low PDU,0,,,questionnaire,questionnaire-profile prediction,7ae5cd4ba681,420,566,69,61,74,21,17
IA_minimax_MiniMax-M2.5_20260603T032216Z,c61510e6-fda8-4524-87a0-73cb16f6985d,2,minimax,MiniMax-M2.5,0.7,IA_cue_competition_C100_label_only_P5_high_ATT_low_PDU_questionnaire,10,5,2026-06-03T03:48:00.669846+00:00,cue_competition,C100_label_only,label-only,1,0,0,P5_high_ATT_low_PDU,high attention difficulties / low PDU,0,,,questionnaire,questionnaire-profile prediction,7ae5cd4ba681,420,566,65,56,69,23,19
IA_minimax_MiniMax-M2.5_20260603T032216Z,616233bd-80df-448f-92c3-98c2a43d0a91,3,minimax,MiniMax-M2.5,0.7,IA_cue_competition_C100_label_only_P5_high_ATT_low_PDU_questionnaire,11,1,2026-06-03T03:48:08.837004+00:00,cue_competition,C100_label_only,label-only,1,0,0,P5_high_ATT_low_PDU,high attention difficulties / low PDU,0,,,questionnaire,questionnaire-profile prediction,7ae5cd4ba681,420,786,32,45,38,8,6
IA_minimax_MiniMax-M2.5_20260603T032216Z,616233bd-80df-448f-92c3-98c2a43d0a91,3,minimax,MiniMax-M2.5,0.7,IA_cue_competition_C100_label_only_P5_high_ATT_low_PDU_questionnaire,12,2,2026-06-03T03:48:08.837004+00:00,cue_competition,C100_label_only,label-only,1,0,0,P5_high_ATT_low_PDU,high attention difficulties / low PDU,0,,,questionnaire,questionnaire-profile prediction,7ae5cd4ba681,420,786,35,42,35,7,5
IA_minimax_MiniMax-M2.5_20260603T032216Z,616233bd-80df-448f-92c3-98c2a43d0a91,3,minimax,MiniMax-M2.5,0.7,IA_cue_competition_C100_label_only_P5_high_ATT_low_PDU_questionnaire,13,3,2026-06-03T03:48:08.837004+00:00,cue_competition,C100_label_only,label-only,1,0,0,P5_high_ATT_low_PDU,high attention difficulties / low PDU,0,,,questionnaire,questionnaire-profile prediction,7ae5cd4ba681,420,786,29,48,41,9,7
IA_minimax_MiniMax-M2.5_20260603T032216Z,616233bd-80df-448f-92c3-98c2a43d0a91,3,minimax,MiniMax-M2.5,0.7,IA_cue_competition_C100_label_only_P5_high_ATT_low_PDU_questionnaire,14,4,2026-06-03T03:48:08.838056+00:00,cue_competition,C100_label_only,label-only,1,0,0,P5_high_ATT_low_PDU,high attention difficulties / low PDU,0,,,questionnaire,questionnaire-profile prediction,7ae5cd4ba681,420,786,37,40,33,6,5
IA_minimax_MiniMax-M2.5_20260603T032216Z,616233bd-80df-448f-92c3-98c2a43d0a91,3,minimax,MiniMax-M2.5,0.7,IA_cue_competition_C100_label_only_P5_high_ATT_low_PDU_questionnaire,15,5,2026-06-03T03:48:08.838056+00:00,cue_competition,C100_label_only,label-only,1,0,0,P5_high_ATT_low_PDU,high attention difficulties / low PDU,0,,,questionnaire,questionnaire-profile prediction,7ae5cd4ba681,420,786,33,44,36,7,6
IA_minimax_MiniMax-M2.5_20260603T032216Z,5eff9303-debe-44e8-b849-4d7efa825b69,4,minimax,MiniMax-M2.5,0.7,IA_cue_competition_C100_label_only_P5_high_ATT_low_PDU_questionnaire,16,1,2026-06-03T03:48:18.326788+00:00,cue_competition,C100_label_only,label-only,1,0,0,P5_high_ATT_low_PDU,high attention difficulties / low PDU,0,,,questionnaire,questionnaire-profile prediction,7ae5cd4ba681,420,841,68,62,28,1,1
IA_minimax_MiniMax-M2.5_20260603T032216Z,5eff9303-debe-44e8-b849-4d7efa825b69,4,minimax,MiniMax-M2.5,0.7,IA_cue_competition_C100_label_only_P5_high_ATT_low_PDU_questionnaire,17,2,2026-06-03T03:48:18.326788+00:00,cue_competition,C100_label_only,label-only,1,0,0,P5_high_ATT_low_PDU,high attention difficulties / low PDU,0,,,questionnaire,questionnaire-profile prediction,7ae5cd4ba681,420,841,72,58,33,2,0
IA_minimax_MiniMax-M2.5_20260603T032216Z,5eff9303-debe-44e8-b849-4d7efa825b69,4,minimax,MiniMax-M2.5,0.7,IA_cue_competition_C100_label_only_P5_high_ATT_low_PDU_questionnaire,18,3,2026-06-03T03:48:18.326788+00:00,cue_competition,C100_label_only,label-only,1,0,0,P5_high_ATT_low_PDU,high attention difficulties / low PDU,0,,,questionnaire,questionnaire-profile prediction,7ae5cd4ba681,420,841,65,66,25,0,1
IA_minimax_MiniMax-M2.5_20260603T032216Z,5eff9303-debe-44e8-b849-4d7efa825b69,4,minimax,MiniMax-M2.5,0.7,IA_cue_competition_C100_label_only_P5_high_ATT_low_PDU_questionnaire,19,4,2026-06-03T03:48:18.326788+00:00,cue_competition,C100_label_only,label-only,1,0,0,P5_high_ATT_low_PDU,high attention difficulties / low PDU,0,,,questionnaire,questionnaire-profile prediction,7ae5cd4ba681,420,841,70,60,31,1,2
IA_minimax_MiniMax-M2.5_20260603T032216Z,5eff9303-debe-44e8-b849-4d7efa825b69,4,minimax,MiniMax-M2.5,0.7,IA_cue_competition_C100_label_only_P5_high_ATT_low_PDU_questionnaire,20,5,2026-06-03T03:48:18.326788+00:00,cue_competition,C100_label_only,label-only,1,0,0,P5_high_ATT_low_PDU,high attention difficulties / low PDU,0,,,questionnaire,questionnaire-profile prediction,7ae5cd4ba681,420,841,74,64,29,2,1
IA_minimax_MiniMax-M2.5_20260603T032216Z,8fadaacc-d95f-4382-9f53-3d6cff9a29fd,1,minimax,MiniMax-M2.5,0.7,IA_cue_competition_C010_score_only_P1_low_PDU_low_ATT_stroop,1,1,2026-06-03T03:48:28.383311+00:00,cue_competition,C010_score_only,score-only,0,1,0,P1_low_PDU_low_ATT,low PDU / low attention difficulties,0,,,stroop,Stroop color-word task,c9dfbe12bea9,449,970,91,620,145,85,
IA_minimax_MiniMax-M2.5_20260603T032216Z,8fadaacc-d95f-4382-9f53-3d6cff9a29fd,1,minimax,MiniMax-M2.5,0.7,IA_cue_competition_C010_score_only_P1_low_PDU_low_ATT_stroop,2,2,2026-06-03T03:48:28.384205+00:00,cue_competition,C010_score_only,score-only,0,1,0,P1_low_PDU_low_ATT,low PDU / low attention difficulties,0,,,stroop,Stroop color-word task,c9dfbe12bea9,449,970,89,650,160,95,
IA_minimax_MiniMax-M2.5_20260603T032216Z,8fadaacc-d95f-4382-9f53-3d6cff9a29fd,1,minimax,MiniMax-M2.5,0.7,IA_cue_competition_C010_score_only_P1_low_PDU_low_ATT_stroop,3,3,2026-06-03T03:48:28.384205+00:00,cue_competition,C010_score_only,score-only,0,1,0,P1_low_PDU_low_ATT,low PDU / low attention difficulties,0,,,stroop,Stroop color-word task,c9dfbe12bea9,449,970,93,580,130,75,
IA_minimax_MiniMax-M2.5_20260603T032216Z,8fadaacc-d95f-4382-9f53-3d6cff9a29fd,1,minimax,MiniMax-M2.5,0.7,IA_cue_competition_C010_score_only_P1_low_PDU_low_ATT_stroop,4,4,2026-06-03T03:48:28.384205+00:00,cue_competition,C010_score_only,score-only,0,1,0,P1_low_PDU_low_ATT,low PDU / low attention difficulties,0,,,stroop,Stroop color-word task,c9dfbe12bea9,449,970,88,670,175,100,
IA_minimax_MiniMax-M2.5_20260603T032216Z,8fadaacc-d95f-4382-9f53-3d6cff9a29fd,1,minimax,MiniMax-M2.5,0.7,IA_cue_competition_C010_score_only_P1_low_PDU_low_ATT_stroop,5,5,2026-06-03T03:48:28.384205+00:00,cue_competition,C010_score_only,score-only,0,1,0,P1_low_PDU_low_ATT,low PDU / low attention difficulties,0,,,stroop,Stroop color-word task,c9dfbe12bea9,449,970,92,605,140,80,
IA_minimax_MiniMax-M2.5_20260603T032216Z,026b130a-79ac-47a7-801d-c4d423dacf73,2,minimax,MiniMax-M2.5,0.7,IA_cue_competition_C010_score_only_P1_low_PDU_low_ATT_stroop,6,1,2026-06-03T03:48:34.170661+00:00,cue_competition,C010_score_only,score-only,0,1,0,P1_low_PDU_low_ATT,low PDU / low attention difficulties,0,,,stroop,Stroop color-word task,c9dfbe12bea9,449,497,78.5,612.3,187.4,124.7,
IA_minimax_MiniMax-M2.5_20260603T032216Z,026b130a-79ac-47a7-801d-c4d423dacf73,2,minimax,MiniMax-M2.5,0.7,IA_cue_competition_C010_score_only_P1_low_PDU_low_ATT_stroop,7,2,2026-06-03T03:48:34.170661+00:00,cue_competition,C010_score_only,score-only,0,1,0,P1_low_PDU_low_ATT,low PDU / low attention difficulties,0,,,stroop,Stroop color-word task,c9dfbe12bea9,449,497,81.2,584.9,168.2,98.3,
IA_minimax_MiniMax-M2.5_20260603T032216Z,026b130a-79ac-47a7-801d-c4d423dacf73,2,minimax,MiniMax-M2.5,0.7,IA_cue_competition_C010_score_only_P1_low_PDU_low_ATT_stroop,8,3,2026-06-03T03:48:34.170661+00:00,cue_competition,C010_score_only,score-only,0,1,0,P1_low_PDU_low_ATT,low PDU / low attention difficulties,0,,,stroop,Stroop color-word task,c9dfbe12bea9,449,497,75.8,653.1,212.6,156.4,
IA_minimax_MiniMax-M2.5_20260603T032216Z,026b130a-79ac-47a7-801d-c4d423dacf73,2,minimax,MiniMax-M2.5,0.7,IA_cue_competition_C010_score_only_P1_low_PDU_low_ATT_stroop,9,4,2026-06-03T03:48:34.170661+00:00,cue_competition,C010_score_only,score-only,0,1,0,P1_low_PDU_low_ATT,low PDU / low attention difficulties,0,,,stroop,Stroop color-word task,c9dfbe12bea9,449,497,83.1,567.4,159.8,89.2,
IA_minimax_MiniMax-M2.5_20260603T032216Z,026b130a-79ac-47a7-801d-c4d423dacf73,2,minimax,MiniMax-M2.5,0.7,IA_cue_competition_C010_score_only_P1_low_PDU_low_ATT_stroop,10,5,2026-06-03T03:48:34.170661+00:00,cue_competition,C010_score_only,score-only,0,1,0,P1_low_PDU_low_ATT,low PDU / low attention difficulties,0,,,stroop,Stroop color-word task,c9dfbe12bea9,449,497,76.9,628.7,195.3,138.1,
IA_minimax_MiniMax-M2.5_20260603T032216Z,0dcd7c3c-3caf-40a8-a35d-fa7c6de2e16c,3,minimax,MiniMax-M2.5,0.7,IA_cue_competition_C010_score_only_P1_low_PDU_low_ATT_stroop,11,1,2026-06-03T03:48:42.455503+00:00,cue_competition,C010_score_only,score-only,0,1,0,P1_low_PDU_low_ATT,low PDU / low attention difficulties,0,,,stroop,Stroop color-word task,c9dfbe12bea9,449,716,94.2,512,78,98,
IA_minimax_MiniMax-M2.5_20260603T032216Z,0dcd7c3c-3caf-40a8-a35d-fa7c6de2e16c,3,minimax,MiniMax-M2.5,0.7,IA_cue_competition_C010_score_only_P1_low_PDU_low_ATT_stroop,12,2,2026-06-03T03:48:42.455503+00:00,cue_competition,C010_score_only,score-only,0,1,0,P1_low_PDU_low_ATT,low PDU / low attention difficulties,0,,,stroop,Stroop color-word task,c9dfbe12bea9,449,716,93.8,524,82,105,
IA_minimax_MiniMax-M2.5_20260603T032216Z,0dcd7c3c-3caf-40a8-a35d-fa7c6de2e16c,3,minimax,MiniMax-M2.5,0.7,IA_cue_competition_C010_score_only_P1_low_PDU_low_ATT_stroop,13,3,2026-06-03T03:48:42.455503+00:00,cue_competition,C010_score_only,score-only,0,1,0,P1_low_PDU_low_ATT,low PDU / low attention difficulties,0,,,stroop,Stroop color-word task,c9dfbe12bea9,449,716,94.5,508,75,92,
IA_minimax_MiniMax-M2.5_20260603T032216Z,0dcd7c3c-3caf-40a8-a35d-fa7c6de2e16c,3,minimax,MiniMax-M2.5,0.7,IA_cue_competition_C010_score_only_P1_low_PDU_low_ATT_stroop,14,4,2026-06-03T03:48:42.455503+00:00,cue_competition,C010_score_only,score-only,0,1,0,P1_low_PDU_low_ATT,low PDU / low attention difficulties,0,,,stroop,Stroop color-word task,c9dfbe12bea9,449,716,93.5,531,85,112,
IA_minimax_MiniMax-M2.5_20260603T032216Z,0dcd7c3c-3caf-40a8-a35d-fa7c6de2e16c,3,minimax,MiniMax-M2.5,0.7,IA_cue_competition_C010_score_only_P1_low_PDU_low_ATT_stroop,15,5,2026-06-03T03:48:42.455503+00:00,cue_competition,C010_score_only,score-only,0,1,0,P1_low_PDU_low_ATT,low PDU / low attention difficulties,0,,,stroop,Stroop color-word task,c9dfbe12bea9,449,716,94,518,80,101,
IA_minimax_MiniMax-M2.5_20260603T032216Z,fa2a572c-ccfa-4ba4-a6d3-3f9762adcac9,4,minimax,MiniMax-M2.5,0.7,IA_cue_competition_C010_score_only_P1_low_PDU_low_ATT_stroop,16,1,2026-06-03T03:48:48.566260+00:00,cue_competition,C010_score_only,score-only,0,1,0,P1_low_PDU_low_ATT,low PDU / low attention difficulties,0,,,stroop,Stroop color-word task,c9dfbe12bea9,449,543,92.3,623.7,142.5,156.2,
IA_minimax_MiniMax-M2.5_20260603T032216Z,fa2a572c-ccfa-4ba4-a6d3-3f9762adcac9,4,minimax,MiniMax-M2.5,0.7,IA_cue_competition_C010_score_only_P1_low_PDU_low_ATT_stroop,17,2,2026-06-03T03:48:48.566260+00:00,cue_competition,C010_score_only,score-only,0,1,0,P1_low_PDU_low_ATT,low PDU / low attention difficulties,0,,,stroop,Stroop color-word task,c9dfbe12bea9,449,543,89.8,687.4,165.3,178.9,
IA_minimax_MiniMax-M2.5_20260603T032216Z,fa2a572c-ccfa-4ba4-a6d3-3f9762adcac9,4,minimax,MiniMax-M2.5,0.7,IA_cue_competition_C010_score_only_P1_low_PDU_low_ATT_stroop,18,3,2026-06-03T03:48:48.566260+00:00,cue_competition,C010_score_only,score-only,0,1,0,P1_low_PDU_low_ATT,low PDU / low attention difficulties,0,,,stroop,Stroop color-word task,c9dfbe12bea9,449,543,94.1,589.2,128.7,134.5,
IA_minimax_MiniMax-M2.5_20260603T032216Z,fa2a572c-ccfa-4ba4-a6d3-3f9762adcac9,4,minimax,MiniMax-M2.5,0.7,IA_cue_competition_C010_score_only_P1_low_PDU_low_ATT_stroop,19,4,2026-06-03T03:48:48.566260+00:00,cue_competition,C010_score_only,score-only,0,1,0,P1_low_PDU_low_ATT,low PDU / low attention difficulties,0,,,stroop,Stroop color-word task,c9dfbe12bea9,449,543,91.6,652.8,151.2,168.3,
IA_minimax_MiniMax-M2.5_20260603T032216Z,fa2a572c-ccfa-4ba4-a6d3-3f9762adcac9,4,minimax,MiniMax-M2.5,0.7,IA_cue_competition_C010_score_only_P1_low_PDU_low_ATT_stroop,20,5,2026-06-03T03:48:48.566260+00:00,cue_competition,C010_score_only,score-only,0,1,0,P1_low_PDU_low_ATT,low PDU / low attention difficulties,0,,,stroop,Stroop color-word task,c9dfbe12bea9,449,543,90.4,708.5,172.9,185.7,
IA_minimax_MiniMax-M2.5_20260603T032216Z,d7db8929-cacc-4558-968a-d79f9541c648,1,minimax,MiniMax-M2.5,0.7,IA_cue_competition_C010_score_only_P1_low_PDU_low_ATT_nback,1,1,2026-06-03T03:48:56.843732+00:00,cue_competition,C010_score_only,score-only,0,1,0,P1_low_PDU_low_ATT,low PDU / low attention difficulties,0,,,nback,n-back working-memory task,f057ab40a9a7,469,779,82,88,80,72,
IA_minimax_MiniMax-M2.5_20260603T032216Z,d7db8929-cacc-4558-968a-d79f9541c648,1,minimax,MiniMax-M2.5,0.7,IA_cue_competition_C010_score_only_P1_low_PDU_low_ATT_nback,2,2,2026-06-03T03:48:56.843732+00:00,cue_competition,C010_score_only,score-only,0,1,0,P1_low_PDU_low_ATT,low PDU / low attention difficulties,0,,,nback,n-back working-memory task,f057ab40a9a7,469,779,78,85,76,68,
IA_minimax_MiniMax-M2.5_20260603T032216Z,d7db8929-cacc-4558-968a-d79f9541c648,1,minimax,MiniMax-M2.5,0.7,IA_cue_competition_C010_score_only_P1_low_PDU_low_ATT_nback,3,3,2026-06-03T03:48:56.843732+00:00,cue_competition,C010_score_only,score-only,0,1,0,P1_low_PDU_low_ATT,low PDU / low attention difficulties,0,,,nback,n-back working-memory task,f057ab40a9a7,469,779,84,90,82,75,
IA_minimax_MiniMax-M2.5_20260603T032216Z,d7db8929-cacc-4558-968a-d79f9541c648,1,minimax,MiniMax-M2.5,0.7,IA_cue_competition_C010_score_only_P1_low_PDU_low_ATT_nback,4,4,2026-06-03T03:48:56.843732+00:00,cue_competition,C010_score_only,score-only,0,1,0,P1_low_PDU_low_ATT,low PDU / low attention difficulties,0,,,nback,n-back working-memory task,f057ab40a9a7,469,779,80,86,78,70,
IA_minimax_MiniMax-M2.5_20260603T032216Z,d7db8929-cacc-4558-968a-d79f9541c648,1,minimax,MiniMax-M2.5,0.7,IA_cue_competition_C010_score_only_P1_low_PDU_low_ATT_nback,5,5,2026-06-03T03:48:56.843732+00:00,cue_competition,C010_score_only,score-only,0,1,0,P1_low_PDU_low_ATT,low PDU / low attention difficulties,0,,,nback,n-back working-memory task,f057ab40a9a7,469,779,76,83,74,66,
IA_minimax_MiniMax-M2.5_20260603T032216Z,47094251-59d3-498f-bdf8-dcdb276a16b0,2,minimax,MiniMax-M2.5,0.7,IA_cue_competition_C010_score_only_P1_low_PDU_low_ATT_nback,6,1,2026-06-03T03:49:05.065793+00:00,cue_competition,C010_score_only,score-only,0,1,0,P1_low_PDU_low_ATT,low PDU / low attention difficulties,0,,,nback,n-back working-memory task,f057ab40a9a7,469,783,82,89,81,76,
IA_minimax_MiniMax-M2.5_20260603T032216Z,47094251-59d3-498f-bdf8-dcdb276a16b0,2,minimax,MiniMax-M2.5,0.7,IA_cue_competition_C010_score_only_P1_low_PDU_low_ATT_nback,7,2,2026-06-03T03:49:05.065793+00:00,cue_competition,C010_score_only,score-only,0,1,0,P1_low_PDU_low_ATT,low PDU / low attention difficulties,0,,,nback,n-back working-memory task,f057ab40a9a7,469,783,80,87,79,74,
IA_minimax_MiniMax-M2.5_20260603T032216Z,47094251-59d3-498f-bdf8-dcdb276a16b0,2,minimax,MiniMax-M2.5,0.7,IA_cue_competition_C010_score_only_P1_low_PDU_low_ATT_nback,8,3,2026-06-03T03:49:05.065793+00:00,cue_competition,C010_score_only,score-only,0,1,0,P1_low_PDU_low_ATT,low PDU / low attention difficulties,0,,,nback,n-back working-memory task,f057ab40a9a7,469,783,84,91,83,78,
IA_minimax_MiniMax-M2.5_20260603T032216Z,47094251-59d3-498f-bdf8-dcdb276a16b0,2,minimax,MiniMax-M2.5,0.7,IA_cue_competition_C010_score_only_P1_low_PDU_low_ATT_nback,9,4,2026-06-03T03:49:05.065793+00:00,cue_competition,C010_score_only,score-only,0,1,0,P1_low_PDU_low_ATT,low PDU / low attention difficulties,0,,,nback,n-back working-memory task,f057ab40a9a7,469,783,79,86,78,73,
IA_minimax_MiniMax-M2.5_20260603T032216Z,47094251-59d3-498f-bdf8-dcdb276a16b0,2,minimax,MiniMax-M2.5,0.7,IA_cue_competition_C010_score_only_P1_low_PDU_low_ATT_nback,10,5,2026-06-03T03:49:05.065793+00:00,cue_competition,C010_score_only,score-only,0,1,0,P1_low_PDU_low_ATT,low PDU / low attention difficulties,0,,,nback,n-back working-memory task,f057ab40a9a7,469,783,83,90,82,77,
IA_minimax_MiniMax-M2.5_20260603T032216Z,fd83dafa-31d8-4b78-af89-d8d210e2e738,3,minimax,MiniMax-M2.5,0.7,IA_cue_competition_C010_score_only_P1_low_PDU_low_ATT_nback,11,1,2026-06-03T03:49:13.619090+00:00,cue_competition,C010_score_only,score-only,0,1,0,P1_low_PDU_low_ATT,low PDU / low attention difficulties,0,,,nback,n-back working-memory task,f057ab40a9a7,469,822,78,88,78,68,
IA_minimax_MiniMax-M2.5_20260603T032216Z,fd83dafa-31d8-4b78-af89-d8d210e2e738,3,minimax,MiniMax-M2.5,0.7,IA_cue_competition_C010_score_only_P1_low_PDU_low_ATT_nback,12,2,2026-06-03T03:49:13.620665+00:00,cue_competition,C010_score_only,score-only,0,1,0,P1_low_PDU_low_ATT,low PDU / low attention difficulties,0,,,nback,n-back working-memory task,f057ab40a9a7,469,822,75,85,75,65,
IA_minimax_MiniMax-M2.5_20260603T032216Z,fd83dafa-31d8-4b78-af89-d8d210e2e738,3,minimax,MiniMax-M2.5,0.7,IA_cue_competition_C010_score_only_P1_low_PDU_low_ATT_nback,13,3,2026-06-03T03:49:13.620665+00:00,cue_competition,C010_score_only,score-only,0,1,0,P1_low_PDU_low_ATT,low PDU / low attention difficulties,0,,,nback,n-back working-memory task,f057ab40a9a7,469,822,77,87,77,67,
IA_minimax_MiniMax-M2.5_20260603T032216Z,fd83dafa-31d8-4b78-af89-d8d210e2e738,3,minimax,MiniMax-M2.5,0.7,IA_cue_competition_C010_score_only_P1_low_PDU_low_ATT_nback,14,4,2026-06-03T03:49:13.620665+00:00,cue_competition,C010_score_only,score-only,0,1,0,P1_low_PDU_low_ATT,low PDU / low attention difficulties,0,,,nback,n-back working-memory task,f057ab40a9a7,469,822,79,89,79,69,
IA_minimax_MiniMax-M2.5_20260603T032216Z,fd83dafa-31d8-4b78-af89-d8d210e2e738,3,minimax,MiniMax-M2.5,0.7,IA_cue_competition_C010_score_only_P1_low_PDU_low_ATT_nback,15,5,2026-06-03T03:49:13.620665+00:00,cue_competition,C010_score_only,score-only,0,1,0,P1_low_PDU_low_ATT,low PDU / low attention difficulties,0,,,nback,n-back working-memory task,f057ab40a9a7,469,822,76,86,76,66,
IA_minimax_MiniMax-M2.5_20260603T032216Z,117412a7-7201-4709-8107-a238916c615e,4,minimax,MiniMax-M2.5,0.7,IA_cue_competition_C010_score_only_P1_low_PDU_low_ATT_nback,16,1,2026-06-03T03:49:22.062679+00:00,cue_competition,C010_score_only,score-only,0,1,0,P1_low_PDU_low_ATT,low PDU / low attention difficulties,0,,,nback,n-back working-memory task,f057ab40a9a7,469,798,76,84,74,65,
IA_minimax_MiniMax-M2.5_20260603T032216Z,117412a7-7201-4709-8107-a238916c615e,4,minimax,MiniMax-M2.5,0.7,IA_cue_competition_C010_score_only_P1_low_PDU_low_ATT_nback,17,2,2026-06-03T03:49:22.062679+00:00,cue_competition,C010_score_only,score-only,0,1,0,P1_low_PDU_low_ATT,low PDU / low attention difficulties,0,,,nback,n-back working-memory task,f057ab40a9a7,469,798,78,86,76,68,
IA_minimax_MiniMax-M2.5_20260603T032216Z,117412a7-7201-4709-8107-a238916c615e,4,minimax,MiniMax-M2.5,0.7,IA_cue_competition_C010_score_only_P1_low_PDU_low_ATT_nback,18,3,2026-06-03T03:49:22.062679+00:00,cue_competition,C010_score_only,score-only,0,1,0,P1_low_PDU_low_ATT,low PDU / low attention difficulties,0,,,nback,n-back working-memory task,f057ab40a9a7,469,798,74,82,72,62,
IA_minimax_MiniMax-M2.5_20260603T032216Z,117412a7-7201-4709-8107-a238916c615e,4,minimax,MiniMax-M2.5,0.7,IA_cue_competition_C010_score_only_P1_low_PDU_low_ATT_nback,19,4,2026-06-03T03:49:22.062679+00:00,cue_competition,C010_score_only,score-only,0,1,0,P1_low_PDU_low_ATT,low PDU / low attention difficulties,0,,,nback,n-back working-memory task,f057ab40a9a7,469,798,80,88,78,70,
IA_minimax_MiniMax-M2.5_20260603T032216Z,117412a7-7201-4709-8107-a238916c615e,4,minimax,MiniMax-M2.5,0.7,IA_cue_competition_C010_score_only_P1_low_PDU_low_ATT_nback,20,5,2026-06-03T03:49:22.062679+00:00,cue_competition,C010_score_only,score-only,0,1,0,P1_low_PDU_low_ATT,low PDU / low attention difficulties,0,,,nback,n-back working-memory task,f057ab40a9a7,469,798,77,85,75,66,
IA_minimax_MiniMax-M2.5_20260603T032216Z,38e32eba-3f2d-4b16-98ee-7b665706aa60,1,minimax,MiniMax-M2.5,0.7,IA_cue_competition_C010_score_only_P1_low_PDU_low_ATT_bart,1,1,2026-06-03T03:49:30.778473+00:00,cue_competition,C010_score_only,score-only,0,1,0,P1_low_PDU_low_ATT,low PDU / low attention difficulties,0,,,bart,Balloon Analogue Risk Task,8c2c42d05f54,463,822,32,22.5,2,0.52,
IA_minimax_MiniMax-M2.5_20260603T032216Z,38e32eba-3f2d-4b16-98ee-7b665706aa60,1,minimax,MiniMax-M2.5,0.7,IA_cue_competition_C010_score_only_P1_low_PDU_low_ATT_bart,2,2,2026-06-03T03:49:30.778473+00:00,cue_competition,C010_score_only,score-only,0,1,0,P1_low_PDU_low_ATT,low PDU / low attention difficulties,0,,,bart,Balloon Analogue Risk Task,8c2c42d05f54,463,822,28,18.75,3,0.45,
IA_minimax_MiniMax-M2.5_20260603T032216Z,38e32eba-3f2d-4b16-98ee-7b665706aa60,1,minimax,MiniMax-M2.5,0.7,IA_cue_competition_C010_score_only_P1_low_PDU_low_ATT_bart,3,3,2026-06-03T03:49:30.778473+00:00,cue_competition,C010_score_only,score-only,0,1,0,P1_low_PDU_low_ATT,low PDU / low attention difficulties,0,,,bart,Balloon Analogue Risk Task,8c2c42d05f54,463,822,35,25,2,0.58,
IA_minimax_MiniMax-M2.5_20260603T032216Z,38e32eba-3f2d-4b16-98ee-7b665706aa60,1,minimax,MiniMax-M2.5,0.7,IA_cue_competition_C010_score_only_P1_low_PDU_low_ATT_bart,4,4,2026-06-03T03:49:30.778473+00:00,cue_competition,C010_score_only,score-only,0,1,0,P1_low_PDU_low_ATT,low PDU / low attention difficulties,0,,,bart,Balloon Analogue Risk Task,8c2c42d05f54,463,822,30,20,3,0.48,
IA_minimax_MiniMax-M2.5_20260603T032216Z,38e32eba-3f2d-4b16-98ee-7b665706aa60,1,minimax,MiniMax-M2.5,0.7,IA_cue_competition_C010_score_only_P1_low_PDU_low_ATT_bart,5,5,2026-06-03T03:49:30.778473+00:00,cue_competition,C010_score_only,score-only,0,1,0,P1_low_PDU_low_ATT,low PDU / low attention difficulties,0,,,bart,Balloon Analogue Risk Task,8c2c42d05f54,463,822,38,27.5,1,0.62,
IA_minimax_MiniMax-M2.5_20260603T032216Z,2c270d45-611e-43aa-be40-dc87c1f239fa,2,minimax,MiniMax-M2.5,0.7,IA_cue_competition_C010_score_only_P1_low_PDU_low_ATT_bart,6,1,2026-06-03T03:49:43.752565+00:00,cue_competition,C010_score_only,score-only,0,1,0,P1_low_PDU_low_ATT,low PDU / low attention difficulties,0,,,bart,Balloon Analogue Risk Task,8c2c42d05f54,463,1323,22,38,2,0.45,
IA_minimax_MiniMax-M2.5_20260603T032216Z,2c270d45-611e-43aa-be40-dc87c1f239fa,2,minimax,MiniMax-M2.5,0.7,IA_cue_competition_C010_score_only_P1_low_PDU_low_ATT_bart,7,2,2026-06-03T03:49:43.752565+00:00,cue_competition,C010_score_only,score-only,0,1,0,P1_low_PDU_low_ATT,low PDU / low attention difficulties,0,,,bart,Balloon Analogue Risk Task,8c2c42d05f54,463,1323,28,52,3,0.55,
IA_minimax_MiniMax-M2.5_20260603T032216Z,2c270d45-611e-43aa-be40-dc87c1f239fa,2,minimax,MiniMax-M2.5,0.7,IA_cue_competition_C010_score_only_P1_low_PDU_low_ATT_bart,8,3,2026-06-03T03:49:43.752565+00:00,cue_competition,C010_score_only,score-only,0,1,0,P1_low_PDU_low_ATT,low PDU / low attention difficulties,0,,,bart,Balloon Analogue Risk Task,8c2c42d05f54,463,1323,20,34,2,0.42,
IA_minimax_MiniMax-M2.5_20260603T032216Z,2c270d45-611e-43aa-be40-dc87c1f239fa,2,minimax,MiniMax-M2.5,0.7,IA_cue_competition_C010_score_only_P1_low_PDU_low_ATT_bart,9,4,2026-06-03T03:49:43.752565+00:00,cue_competition,C010_score_only,score-only,0,1,0,P1_low_PDU_low_ATT,low PDU / low attention difficulties,0,,,bart,Balloon Analogue Risk Task,8c2c42d05f54,463,1323,26,48,3,0.52,
IA_minimax_MiniMax-M2.5_20260603T032216Z,2c270d45-611e-43aa-be40-dc87c1f239fa,2,minimax,MiniMax-M2.5,0.7,IA_cue_competition_C010_score_only_P1_low_PDU_low_ATT_bart,10,5,2026-06-03T03:49:43.752565+00:00,cue_competition,C010_score_only,score-only,0,1,0,P1_low_PDU_low_ATT,low PDU / low attention difficulties,0,,,bart,Balloon Analogue Risk Task,8c2c42d05f54,463,1323,18,30,1,0.38,
IA_minimax_MiniMax-M2.5_20260603T032216Z,0b81b2a5-d416-4eed-97ad-bed211972a40,3,minimax,MiniMax-M2.5,0.7,IA_cue_competition_C010_score_only_P1_low_PDU_low_ATT_bart,11,1,2026-06-03T03:49:53.604404+00:00,cue_competition,C010_score_only,score-only,0,1,0,P1_low_PDU_low_ATT,low PDU / low attention difficulties,0,,,bart,Balloon Analogue Risk Task,8c2c42d05f54,463,954,24,35,4,0.52,
IA_minimax_MiniMax-M2.5_20260603T032216Z,0b81b2a5-d416-4eed-97ad-bed211972a40,3,minimax,MiniMax-M2.5,0.7,IA_cue_competition_C010_score_only_P1_low_PDU_low_ATT_bart,12,2,2026-06-03T03:49:53.604404+00:00,cue_competition,C010_score_only,score-only,0,1,0,P1_low_PDU_low_ATT,low PDU / low attention difficulties,0,,,bart,Balloon Analogue Risk Task,8c2c42d05f54,463,954,28,32,5,0.48,
IA_minimax_MiniMax-M2.5_20260603T032216Z,0b81b2a5-d416-4eed-97ad-bed211972a40,3,minimax,MiniMax-M2.5,0.7,IA_cue_competition_C010_score_only_P1_low_PDU_low_ATT_bart,13,3,2026-06-03T03:49:53.604404+00:00,cue_competition,C010_score_only,score-only,0,1,0,P1_low_PDU_low_ATT,low PDU / low attention difficulties,0,,,bart,Balloon Analogue Risk Task,8c2c42d05f54,463,954,31,28,6,0.55,
IA_minimax_MiniMax-M2.5_20260603T032216Z,0b81b2a5-d416-4eed-97ad-bed211972a40,3,minimax,MiniMax-M2.5,0.7,IA_cue_competition_C010_score_only_P1_low_PDU_low_ATT_bart,14,4,2026-06-03T03:49:53.604404+00:00,cue_competition,C010_score_only,score-only,0,1,0,P1_low_PDU_low_ATT,low PDU / low attention difficulties,0,,,bart,Balloon Analogue Risk Task,8c2c42d05f54,463,954,22,42,3,0.45,
IA_minimax_MiniMax-M2.5_20260603T032216Z,0b81b2a5-d416-4eed-97ad-bed211972a40,3,minimax,MiniMax-M2.5,0.7,IA_cue_competition_C010_score_only_P1_low_PDU_low_ATT_bart,15,5,2026-06-03T03:49:53.605395+00:00,cue_competition,C010_score_only,score-only,0,1,0,P1_low_PDU_low_ATT,low PDU / low attention difficulties,0,,,bart,Balloon Analogue Risk Task,8c2c42d05f54,463,954,26,38,4,0.5,
IA_minimax_MiniMax-M2.5_20260603T032216Z,6a168e7f-0293-49e9-a799-fbdcb6abe501,4,minimax,MiniMax-M2.5,0.7,IA_cue_competition_C010_score_only_P1_low_PDU_low_ATT_bart,16,1,2026-06-03T03:50:02.481112+00:00,cue_competition,C010_score_only,score-only,0,1,0,P1_low_PDU_low_ATT,low PDU / low attention difficulties,0,,,bart,Balloon Analogue Risk Task,8c2c42d05f54,463,843,15,12.5,3,0.45,
IA_minimax_MiniMax-M2.5_20260603T032216Z,6a168e7f-0293-49e9-a799-fbdcb6abe501,4,minimax,MiniMax-M2.5,0.7,IA_cue_competition_C010_score_only_P1_low_PDU_low_ATT_bart,17,2,2026-06-03T03:50:02.481112+00:00,cue_competition,C010_score_only,score-only,0,1,0,P1_low_PDU_low_ATT,low PDU / low attention difficulties,0,,,bart,Balloon Analogue Risk Task,8c2c42d05f54,463,843,18,15.75,2,0.52,
IA_minimax_MiniMax-M2.5_20260603T032216Z,6a168e7f-0293-49e9-a799-fbdcb6abe501,4,minimax,MiniMax-M2.5,0.7,IA_cue_competition_C010_score_only_P1_low_PDU_low_ATT_bart,18,3,2026-06-03T03:50:02.481112+00:00,cue_competition,C010_score_only,score-only,0,1,0,P1_low_PDU_low_ATT,low PDU / low attention difficulties,0,,,bart,Balloon Analogue Risk Task,8c2c42d05f54,463,843,14,11.25,4,0.41,
IA_minimax_MiniMax-M2.5_20260603T032216Z,6a168e7f-0293-49e9-a799-fbdcb6abe501,4,minimax,MiniMax-M2.5,0.7,IA_cue_competition_C010_score_only_P1_low_PDU_low_ATT_bart,19,4,2026-06-03T03:50:02.481112+00:00,cue_competition,C010_score_only,score-only,0,1,0,P1_low_PDU_low_ATT,low PDU / low attention difficulties,0,,,bart,Balloon Analogue Risk Task,8c2c42d05f54,463,843,20,18.5,2,0.58,
IA_minimax_MiniMax-M2.5_20260603T032216Z,6a168e7f-0293-49e9-a799-fbdcb6abe501,4,minimax,MiniMax-M2.5,0.7,IA_cue_competition_C010_score_only_P1_low_PDU_low_ATT_bart,20,5,2026-06-03T03:50:02.481112+00:00,cue_competition,C010_score_only,score-only,0,1,0,P1_low_PDU_low_ATT,low PDU / low attention difficulties,0,,,bart,Balloon Analogue Risk Task,8c2c42d05f54,463,843,12,8.5,2,0.38,
IA_minimax_MiniMax-M2.5_20260603T032216Z,2b1ed869-f94e-4316-9a76-c03af4fba968,1,minimax,MiniMax-M2.5,0.7,IA_cue_competition_C010_score_only_P1_low_PDU_low_ATT_ddt,1,1,2026-06-03T03:50:10.432272+00:00,cue_competition,C010_score_only,score-only,0,1,0,P1_low_PDU_low_ATT,low PDU / low attention difficulties,0,,,ddt,Delay Discounting Task,14817a7449f5,446,778,0.042,-3.17,0.38,,
IA_minimax_MiniMax-M2.5_20260603T032216Z,2b1ed869-f94e-4316-9a76-c03af4fba968,1,minimax,MiniMax-M2.5,0.7,IA_cue_competition_C010_score_only_P1_low_PDU_low_ATT_ddt,2,2,2026-06-03T03:50:10.432272+00:00,cue_competition,C010_score_only,score-only,0,1,0,P1_low_PDU_low_ATT,low PDU / low attention difficulties,0,,,ddt,Delay Discounting Task,14817a7449f5,446,778,0.038,-3.27,0.35,,
IA_minimax_MiniMax-M2.5_20260603T032216Z,2b1ed869-f94e-4316-9a76-c03af4fba968,1,minimax,MiniMax-M2.5,0.7,IA_cue_competition_C010_score_only_P1_low_PDU_low_ATT_ddt,3,3,2026-06-03T03:50:10.432272+00:00,cue_competition,C010_score_only,score-only,0,1,0,P1_low_PDU_low_ATT,low PDU / low attention difficulties,0,,,ddt,Delay Discounting Task,14817a7449f5,446,778,0.045,-3.1,0.41,,
IA_minimax_MiniMax-M2.5_20260603T032216Z,2b1ed869-f94e-4316-9a76-c03af4fba968,1,minimax,MiniMax-M2.5,0.7,IA_cue_competition_C010_score_only_P1_low_PDU_low_ATT_ddt,4,4,2026-06-03T03:50:10.432272+00:00,cue_competition,C010_score_only,score-only,0,1,0,P1_low_PDU_low_ATT,low PDU / low attention difficulties,0,,,ddt,Delay Discounting Task,14817a7449f5,446,778,0.039,-3.24,0.36,,
IA_minimax_MiniMax-M2.5_20260603T032216Z,2b1ed869-f94e-4316-9a76-c03af4fba968,1,minimax,MiniMax-M2.5,0.7,IA_cue_competition_C010_score_only_P1_low_PDU_low_ATT_ddt,5,5,2026-06-03T03:50:10.432272+00:00,cue_competition,C010_score_only,score-only,0,1,0,P1_low_PDU_low_ATT,low PDU / low attention difficulties,0,,,ddt,Delay Discounting Task,14817a7449f5,446,778,0.044,-3.12,0.4,,
IA_minimax_MiniMax-M2.5_20260603T032216Z,74571b87-f7cf-46c1-8b00-9f3e14cc8cc7,2,minimax,MiniMax-M2.5,0.7,IA_cue_competition_C010_score_only_P1_low_PDU_low_ATT_ddt,6,1,2026-06-03T03:50:18.851509+00:00,cue_competition,C010_score_only,score-only,0,1,0,P1_low_PDU_low_ATT,low PDU / low attention difficulties,0,,,ddt,Delay Discounting Task,14817a7449f5,446,779,0.045,-3.101,0.62,,
IA_minimax_MiniMax-M2.5_20260603T032216Z,74571b87-f7cf-46c1-8b00-9f3e14cc8cc7,2,minimax,MiniMax-M2.5,0.7,IA_cue_competition_C010_score_only_P1_low_PDU_low_ATT_ddt,7,2,2026-06-03T03:50:18.851509+00:00,cue_competition,C010_score_only,score-only,0,1,0,P1_low_PDU_low_ATT,low PDU / low attention difficulties,0,,,ddt,Delay Discounting Task,14817a7449f5,446,779,0.052,-2.957,0.58,,
IA_minimax_MiniMax-M2.5_20260603T032216Z,74571b87-f7cf-46c1-8b00-9f3e14cc8cc7,2,minimax,MiniMax-M2.5,0.7,IA_cue_competition_C010_score_only_P1_low_PDU_low_ATT_ddt,8,3,2026-06-03T03:50:18.851509+00:00,cue_competition,C010_score_only,score-only,0,1,0,P1_low_PDU_low_ATT,low PDU / low attention difficulties,0,,,ddt,Delay Discounting Task,14817a7449f5,446,779,0.038,-3.27,0.65,,
IA_minimax_MiniMax-M2.5_20260603T032216Z,74571b87-f7cf-46c1-8b00-9f3e14cc8cc7,2,minimax,MiniMax-M2.5,0.7,IA_cue_competition_C010_score_only_P1_low_PDU_low_ATT_ddt,9,4,2026-06-03T03:50:18.851509+00:00,cue_competition,C010_score_only,score-only,0,1,0,P1_low_PDU_low_ATT,low PDU / low attention difficulties,0,,,ddt,Delay Discounting Task,14817a7449f5,446,779,0.061,-2.797,0.55,,
IA_minimax_MiniMax-M2.5_20260603T032216Z,74571b87-f7cf-46c1-8b00-9f3e14cc8cc7,2,minimax,MiniMax-M2.5,0.7,IA_cue_competition_C010_score_only_P1_low_PDU_low_ATT_ddt,10,5,2026-06-03T03:50:18.851509+00:00,cue_competition,C010_score_only,score-only,0,1,0,P1_low_PDU_low_ATT,low PDU / low attention difficulties,0,,,ddt,Delay Discounting Task,14817a7449f5,446,779,0.049,-3.018,0.6,,
IA_minimax_MiniMax-M2.5_20260603T032216Z,d5bfb8c6-34c2-4222-ab7f-091fe853e646,3,minimax,MiniMax-M2.5,0.7,IA_cue_competition_C010_score_only_P1_low_PDU_low_ATT_ddt,11,1,2026-06-03T03:50:26.646159+00:00,cue_competition,C010_score_only,score-only,0,1,0,P1_low_PDU_low_ATT,low PDU / low attention difficulties,0,,,ddt,Delay Discounting Task,14817a7449f5,446,729,0.045,-3.1,0.62,,
IA_minimax_MiniMax-M2.5_20260603T032216Z,d5bfb8c6-34c2-4222-ab7f-091fe853e646,3,minimax,MiniMax-M2.5,0.7,IA_cue_competition_C010_score_only_P1_low_PDU_low_ATT_ddt,12,2,2026-06-03T03:50:26.646159+00:00,cue_competition,C010_score_only,score-only,0,1,0,P1_low_PDU_low_ATT,low PDU / low attention difficulties,0,,,ddt,Delay Discounting Task,14817a7449f5,446,729,0.052,-2.96,0.58,,
IA_minimax_MiniMax-M2.5_20260603T032216Z,d5bfb8c6-34c2-4222-ab7f-091fe853e646,3,minimax,MiniMax-M2.5,0.7,IA_cue_competition_C010_score_only_P1_low_PDU_low_ATT_ddt,13,3,2026-06-03T03:50:26.646159+00:00,cue_competition,C010_score_only,score-only,0,1,0,P1_low_PDU_low_ATT,low PDU / low attention difficulties,0,,,ddt,Delay Discounting Task,14817a7449f5,446,729,0.038,-3.27,0.55,,
IA_minimax_MiniMax-M2.5_20260603T032216Z,d5bfb8c6-34c2-4222-ab7f-091fe853e646,3,minimax,MiniMax-M2.5,0.7,IA_cue_competition_C010_score_only_P1_low_PDU_low_ATT_ddt,14,4,2026-06-03T03:50:26.646159+00:00,cue_competition,C010_score_only,score-only,0,1,0,P1_low_PDU_low_ATT,low PDU / low attention difficulties,0,,,ddt,Delay Discounting Task,14817a7449f5,446,729,0.061,-2.8,0.64,,
IA_minimax_MiniMax-M2.5_20260603T032216Z,d5bfb8c6-34c2-4222-ab7f-091fe853e646,3,minimax,MiniMax-M2.5,0.7,IA_cue_competition_C010_score_only_P1_low_PDU_low_ATT_ddt,15,5,2026-06-03T03:50:26.646159+00:00,cue_competition,C010_score_only,score-only,0,1,0,P1_low_PDU_low_ATT,low PDU / low attention difficulties,0,,,ddt,Delay Discounting Task,14817a7449f5,446,729,0.049,-3.02,0.6,,
IA_minimax_MiniMax-M2.5_20260603T032216Z,173cb012-5914-4602-a1fd-3cf22242b8fe,4,minimax,MiniMax-M2.5,0.7,IA_cue_competition_C010_score_only_P1_low_PDU_low_ATT_ddt,16,1,2026-06-03T03:50:35.123362+00:00,cue_competition,C010_score_only,score-only,0,1,0,P1_low_PDU_low_ATT,low PDU / low attention difficulties,0,,,ddt,Delay Discounting Task,14817a7449f5,446,812,0.042,-3.17,0.54,,
IA_minimax_MiniMax-M2.5_20260603T032216Z,173cb012-5914-4602-a1fd-3cf22242b8fe,4,minimax,MiniMax-M2.5,0.7,IA_cue_competition_C010_score_only_P1_low_PDU_low_ATT_ddt,17,2,2026-06-03T03:50:35.123362+00:00,cue_competition,C010_score_only,score-only,0,1,0,P1_low_PDU_low_ATT,low PDU / low attention difficulties,0,,,ddt,Delay Discounting Task,14817a7449f5,446,812,0.058,-2.85,0.59,,
IA_minimax_MiniMax-M2.5_20260603T032216Z,173cb012-5914-4602-a1fd-3cf22242b8fe,4,minimax,MiniMax-M2.5,0.7,IA_cue_competition_C010_score_only_P1_low_PDU_low_ATT_ddt,18,3,2026-06-03T03:50:35.123362+00:00,cue_competition,C010_score_only,score-only,0,1,0,P1_low_PDU_low_ATT,low PDU / low attention difficulties,0,,,ddt,Delay Discounting Task,14817a7449f5,446,812,0.035,-3.35,0.51,,
IA_minimax_MiniMax-M2.5_20260603T032216Z,173cb012-5914-4602-a1fd-3cf22242b8fe,4,minimax,MiniMax-M2.5,0.7,IA_cue_competition_C010_score_only_P1_low_PDU_low_ATT_ddt,19,4,2026-06-03T03:50:35.123362+00:00,cue_competition,C010_score_only,score-only,0,1,0,P1_low_PDU_low_ATT,low PDU / low attention difficulties,0,,,ddt,Delay Discounting Task,14817a7449f5,446,812,0.071,-2.64,0.63,,
IA_minimax_MiniMax-M2.5_20260603T032216Z,173cb012-5914-4602-a1fd-3cf22242b8fe,4,minimax,MiniMax-M2.5,0.7,IA_cue_competition_C010_score_only_P1_low_PDU_low_ATT_ddt,20,5,2026-06-03T03:50:35.123362+00:00,cue_competition,C010_score_only,score-only,0,1,0,P1_low_PDU_low_ATT,low PDU / low attention difficulties,0,,,ddt,Delay Discounting Task,14817a7449f5,446,812,0.049,-3.02,0.57,,
IA_minimax_MiniMax-M2.5_20260603T032216Z,9d5b0850-1242-41fa-ae0c-1d2f3af295ba,1,minimax,MiniMax-M2.5,0.7,IA_cue_competition_C010_score_only_P1_low_PDU_low_ATT_questionnaire,1,1,2026-06-03T03:50:42.989575+00:00,cue_competition,C010_score_only,score-only,0,1,0,P1_low_PDU_low_ATT,low PDU / low attention difficulties,0,,,questionnaire,questionnaire-profile prediction,e31e2ac1728c,474,738,22,38,1,1,2
IA_minimax_MiniMax-M2.5_20260603T032216Z,9d5b0850-1242-41fa-ae0c-1d2f3af295ba,1,minimax,MiniMax-M2.5,0.7,IA_cue_competition_C010_score_only_P1_low_PDU_low_ATT_questionnaire,2,2,2026-06-03T03:50:42.989575+00:00,cue_competition,C010_score_only,score-only,0,1,0,P1_low_PDU_low_ATT,low PDU / low attention difficulties,0,,,questionnaire,questionnaire-profile prediction,e31e2ac1728c,474,738,21,39,2,2,3
IA_minimax_MiniMax-M2.5_20260603T032216Z,9d5b0850-1242-41fa-ae0c-1d2f3af295ba,1,minimax,MiniMax-M2.5,0.7,IA_cue_competition_C010_score_only_P1_low_PDU_low_ATT_questionnaire,3,3,2026-06-03T03:50:42.989575+00:00,cue_competition,C010_score_only,score-only,0,1,0,P1_low_PDU_low_ATT,low PDU / low attention difficulties,0,,,questionnaire,questionnaire-profile prediction,e31e2ac1728c,474,738,23,37,1,1,2
IA_minimax_MiniMax-M2.5_20260603T032216Z,9d5b0850-1242-41fa-ae0c-1d2f3af295ba,1,minimax,MiniMax-M2.5,0.7,IA_cue_competition_C010_score_only_P1_low_PDU_low_ATT_questionnaire,4,4,2026-06-03T03:50:42.989575+00:00,cue_competition,C010_score_only,score-only,0,1,0,P1_low_PDU_low_ATT,low PDU / low attention difficulties,0,,,questionnaire,questionnaire-profile prediction,e31e2ac1728c,474,738,20,40,2,2,3
IA_minimax_MiniMax-M2.5_20260603T032216Z,9d5b0850-1242-41fa-ae0c-1d2f3af295ba,1,minimax,MiniMax-M2.5,0.7,IA_cue_competition_C010_score_only_P1_low_PDU_low_ATT_questionnaire,5,5,2026-06-03T03:50:42.989575+00:00,cue_competition,C010_score_only,score-only,0,1,0,P1_low_PDU_low_ATT,low PDU / low attention difficulties,0,,,questionnaire,questionnaire-profile prediction,e31e2ac1728c,474,738,24,36,1,1,2
IA_minimax_MiniMax-M2.5_20260603T032216Z,fd8fff17-2fc7-4db6-ba9e-3eb340f53bbe,2,minimax,MiniMax-M2.5,0.7,IA_cue_competition_C010_score_only_P1_low_PDU_low_ATT_questionnaire,6,1,2026-06-03T03:50:51.394119+00:00,cue_competition,C010_score_only,score-only,0,1,0,P1_low_PDU_low_ATT,low PDU / low attention difficulties,0,,,questionnaire,questionnaire-profile prediction,e31e2ac1728c,474,798,21,37,1,1,2
IA_minimax_MiniMax-M2.5_20260603T032216Z,fd8fff17-2fc7-4db6-ba9e-3eb340f53bbe,2,minimax,MiniMax-M2.5,0.7,IA_cue_competition_C010_score_only_P1_low_PDU_low_ATT_questionnaire,7,2,2026-06-03T03:50:51.394119+00:00,cue_competition,C010_score_only,score-only,0,1,0,P1_low_PDU_low_ATT,low PDU / low attention difficulties,0,,,questionnaire,questionnaire-profile prediction,e31e2ac1728c,474,798,23,39,2,2,3
IA_minimax_MiniMax-M2.5_20260603T032216Z,fd8fff17-2fc7-4db6-ba9e-3eb340f53bbe,2,minimax,MiniMax-M2.5,0.7,IA_cue_competition_C010_score_only_P1_low_PDU_low_ATT_questionnaire,8,3,2026-06-03T03:50:51.394119+00:00,cue_competition,C010_score_only,score-only,0,1,0,P1_low_PDU_low_ATT,low PDU / low attention difficulties,0,,,questionnaire,questionnaire-profile prediction,e31e2ac1728c,474,798,20,36,1,1,2
IA_minimax_MiniMax-M2.5_20260603T032216Z,fd8fff17-2fc7-4db6-ba9e-3eb340f53bbe,2,minimax,MiniMax-M2.5,0.7,IA_cue_competition_C010_score_only_P1_low_PDU_low_ATT_questionnaire,9,4,2026-06-03T03:50:51.394119+00:00,cue_competition,C010_score_only,score-only,0,1,0,P1_low_PDU_low_ATT,low PDU / low attention difficulties,0,,,questionnaire,questionnaire-profile prediction,e31e2ac1728c,474,798,24,40,0,0,1
IA_minimax_MiniMax-M2.5_20260603T032216Z,fd8fff17-2fc7-4db6-ba9e-3eb340f53bbe,2,minimax,MiniMax-M2.5,0.7,IA_cue_competition_C010_score_only_P1_low_PDU_low_ATT_questionnaire,10,5,2026-06-03T03:50:51.394119+00:00,cue_competition,C010_score_only,score-only,0,1,0,P1_low_PDU_low_ATT,low PDU / low attention difficulties,0,,,questionnaire,questionnaire-profile prediction,e31e2ac1728c,474,798,22,38,2,2,2
IA_minimax_MiniMax-M2.5_20260603T032216Z,50edefa9-0d2a-46b1-aa93-76c4a06d243f,3,minimax,MiniMax-M2.5,0.7,IA_cue_competition_C010_score_only_P1_low_PDU_low_ATT_questionnaire,11,1,2026-06-03T03:50:59.304089+00:00,cue_competition,C010_score_only,score-only,0,1,0,P1_low_PDU_low_ATT,low PDU / low attention difficulties,0,,,questionnaire,questionnaire-profile prediction,e31e2ac1728c,474,736,22,38,1,1,2
IA_minimax_MiniMax-M2.5_20260603T032216Z,50edefa9-0d2a-46b1-aa93-76c4a06d243f,3,minimax,MiniMax-M2.5,0.7,IA_cue_competition_C010_score_only_P1_low_PDU_low_ATT_questionnaire,12,2,2026-06-03T03:50:59.305095+00:00,cue_competition,C010_score_only,score-only,0,1,0,P1_low_PDU_low_ATT,low PDU / low attention difficulties,0,,,questionnaire,questionnaire-profile prediction,e31e2ac1728c,474,736,24,40,2,2,3
IA_minimax_MiniMax-M2.5_20260603T032216Z,50edefa9-0d2a-46b1-aa93-76c4a06d243f,3,minimax,MiniMax-M2.5,0.7,IA_cue_competition_C010_score_only_P1_low_PDU_low_ATT_questionnaire,13,3,2026-06-03T03:50:59.305095+00:00,cue_competition,C010_score_only,score-only,0,1,0,P1_low_PDU_low_ATT,low PDU / low attention difficulties,0,,,questionnaire,questionnaire-profile prediction,e31e2ac1728c,474,736,20,36,1,1,2
IA_minimax_MiniMax-M2.5_20260603T032216Z,50edefa9-0d2a-46b1-aa93-76c4a06d243f,3,minimax,MiniMax-M2.5,0.7,IA_cue_competition_C010_score_only_P1_low_PDU_low_ATT_questionnaire,14,4,2026-06-03T03:50:59.305095+00:00,cue_competition,C010_score_only,score-only,0,1,0,P1_low_PDU_low_ATT,low PDU / low attention difficulties,0,,,questionnaire,questionnaire-profile prediction,e31e2ac1728c,474,736,23,39,1,1,3
IA_minimax_MiniMax-M2.5_20260603T032216Z,50edefa9-0d2a-46b1-aa93-76c4a06d243f,3,minimax,MiniMax-M2.5,0.7,IA_cue_competition_C010_score_only_P1_low_PDU_low_ATT_questionnaire,15,5,2026-06-03T03:50:59.305095+00:00,cue_competition,C010_score_only,score-only,0,1,0,P1_low_PDU_low_ATT,low PDU / low attention difficulties,0,,,questionnaire,questionnaire-profile prediction,e31e2ac1728c,474,736,21,37,2,2,2
IA_minimax_MiniMax-M2.5_20260603T032216Z,ea4f181d-2f5b-45e5-918d-2aac2cb40b5f,4,minimax,MiniMax-M2.5,0.7,IA_cue_competition_C010_score_only_P1_low_PDU_low_ATT_questionnaire,16,1,2026-06-03T03:51:08.917417+00:00,cue_competition,C010_score_only,score-only,0,1,0,P1_low_PDU_low_ATT,low PDU / low attention difficulties,0,,,questionnaire,questionnaire-profile prediction,e31e2ac1728c,474,898,22,38,1,1,2
IA_minimax_MiniMax-M2.5_20260603T032216Z,ea4f181d-2f5b-45e5-918d-2aac2cb40b5f,4,minimax,MiniMax-M2.5,0.7,IA_cue_competition_C010_score_only_P1_low_PDU_low_ATT_questionnaire,17,2,2026-06-03T03:51:08.917417+00:00,cue_competition,C010_score_only,score-only,0,1,0,P1_low_PDU_low_ATT,low PDU / low attention difficulties,0,,,questionnaire,questionnaire-profile prediction,e31e2ac1728c,474,898,19,35,0,1,2
IA_minimax_MiniMax-M2.5_20260603T032216Z,ea4f181d-2f5b-45e5-918d-2aac2cb40b5f,4,minimax,MiniMax-M2.5,0.7,IA_cue_competition_C010_score_only_P1_low_PDU_low_ATT_questionnaire,18,3,2026-06-03T03:51:08.917417+00:00,cue_competition,C010_score_only,score-only,0,1,0,P1_low_PDU_low_ATT,low PDU / low attention difficulties,0,,,questionnaire,questionnaire-profile prediction,e31e2ac1728c,474,898,24,41,2,2,3
IA_minimax_MiniMax-M2.5_20260603T032216Z,ea4f181d-2f5b-45e5-918d-2aac2cb40b5f,4,minimax,MiniMax-M2.5,0.7,IA_cue_competition_C010_score_only_P1_low_PDU_low_ATT_questionnaire,19,4,2026-06-03T03:51:08.917417+00:00,cue_competition,C010_score_only,score-only,0,1,0,P1_low_PDU_low_ATT,low PDU / low attention difficulties,0,,,questionnaire,questionnaire-profile prediction,e31e2ac1728c,474,898,20,36,1,0,1
IA_minimax_MiniMax-M2.5_20260603T032216Z,ea4f181d-2f5b-45e5-918d-2aac2cb40b5f,4,minimax,MiniMax-M2.5,0.7,IA_cue_competition_C010_score_only_P1_low_PDU_low_ATT_questionnaire,20,5,2026-06-03T03:51:08.917417+00:00,cue_competition,C010_score_only,score-only,0,1,0,P1_low_PDU_low_ATT,low PDU / low attention difficulties,0,,,questionnaire,questionnaire-profile prediction,e31e2ac1728c,474,898,25,40,1,1,2
IA_minimax_MiniMax-M2.5_20260603T032216Z,e2cfa0c5-5168-4d30-83b6-f17770930298,1,minimax,MiniMax-M2.5,0.7,IA_cue_competition_C010_score_only_P2_moderate_PDU_low_ATT_stroop,1,1,2026-06-03T03:51:16.588083+00:00,cue_competition,C010_score_only,score-only,0,1,0,P2_moderate_PDU_low_ATT,moderate PDU / low attention difficulties,1,,,stroop,Stroop color-word task,7a3fce8843e7,449,694,94,520,85,95,
IA_minimax_MiniMax-M2.5_20260603T032216Z,e2cfa0c5-5168-4d30-83b6-f17770930298,1,minimax,MiniMax-M2.5,0.7,IA_cue_competition_C010_score_only_P2_moderate_PDU_low_ATT_stroop,2,2,2026-06-03T03:51:16.588083+00:00,cue_competition,C010_score_only,score-only,0,1,0,P2_moderate_PDU_low_ATT,moderate PDU / low attention difficulties,1,,,stroop,Stroop color-word task,7a3fce8843e7,449,694,92,560,95,110,
IA_minimax_MiniMax-M2.5_20260603T032216Z,e2cfa0c5-5168-4d30-83b6-f17770930298,1,minimax,MiniMax-M2.5,0.7,IA_cue_competition_C010_score_only_P2_moderate_PDU_low_ATT_stroop,3,3,2026-06-03T03:51:16.588083+00:00,cue_competition,C010_score_only,score-only,0,1,0,P2_moderate_PDU_low_ATT,moderate PDU / low attention difficulties,1,,,stroop,Stroop color-word task,7a3fce8843e7,449,694,91,540,90,100,
IA_minimax_MiniMax-M2.5_20260603T032216Z,e2cfa0c5-5168-4d30-83b6-f17770930298,1,minimax,MiniMax-M2.5,0.7,IA_cue_competition_C010_score_only_P2_moderate_PDU_low_ATT_stroop,4,4,2026-06-03T03:51:16.588083+00:00,cue_competition,C010_score_only,score-only,0,1,0,P2_moderate_PDU_low_ATT,moderate PDU / low attention difficulties,1,,,stroop,Stroop color-word task,7a3fce8843e7,449,694,93,550,88,105,
IA_minimax_MiniMax-M2.5_20260603T032216Z,e2cfa0c5-5168-4d30-83b6-f17770930298,1,minimax,MiniMax-M2.5,0.7,IA_cue_competition_C010_score_only_P2_moderate_PDU_low_ATT_stroop,5,5,2026-06-03T03:51:16.588083+00:00,cue_competition,C010_score_only,score-only,0,1,0,P2_moderate_PDU_low_ATT,moderate PDU / low attention difficulties,1,,,stroop,Stroop color-word task,7a3fce8843e7,449,694,90,570,100,115,
IA_minimax_MiniMax-M2.5_20260603T032216Z,09b7d6f2-a360-449c-a259-3e3ab6220e1e,2,minimax,MiniMax-M2.5,0.7,IA_cue_competition_C010_score_only_P2_moderate_PDU_low_ATT_stroop,6,1,2026-06-03T03:51:24.664037+00:00,cue_competition,C010_score_only,score-only,0,1,0,P2_moderate_PDU_low_ATT,moderate PDU / low attention difficulties,1,,,stroop,Stroop color-word task,7a3fce8843e7,449,764,0.88,620,145,78,
IA_minimax_MiniMax-M2.5_20260603T032216Z,09b7d6f2-a360-449c-a259-3e3ab6220e1e,2,minimax,MiniMax-M2.5,0.7,IA_cue_competition_C010_score_only_P2_moderate_PDU_low_ATT_stroop,7,2,2026-06-03T03:51:24.664037+00:00,cue_competition,C010_score_only,score-only,0,1,0,P2_moderate_PDU_low_ATT,moderate PDU / low attention difficulties,1,,,stroop,Stroop color-word task,7a3fce8843e7,449,764,0.86,680,160,95,
IA_minimax_MiniMax-M2.5_20260603T032216Z,09b7d6f2-a360-449c-a259-3e3ab6220e1e,2,minimax,MiniMax-M2.5,0.7,IA_cue_competition_C010_score_only_P2_moderate_PDU_low_ATT_stroop,8,3,2026-06-03T03:51:24.664037+00:00,cue_competition,C010_score_only,score-only,0,1,0,P2_moderate_PDU_low_ATT,moderate PDU / low attention difficulties,1,,,stroop,Stroop color-word task,7a3fce8843e7,449,764,0.9,590,130,68,
IA_minimax_MiniMax-M2.5_20260603T032216Z,09b7d6f2-a360-449c-a259-3e3ab6220e1e,2,minimax,MiniMax-M2.5,0.7,IA_cue_competition_C010_score_only_P2_moderate_PDU_low_ATT_stroop,9,4,2026-06-03T03:51:24.664037+00:00,cue_competition,C010_score_only,score-only,0,1,0,P2_moderate_PDU_low_ATT,moderate PDU / low attention difficulties,1,,,stroop,Stroop color-word task,7a3fce8843e7,449,764,0.87,650,155,88,
IA_minimax_MiniMax-M2.5_20260603T032216Z,09b7d6f2-a360-449c-a259-3e3ab6220e1e,2,minimax,MiniMax-M2.5,0.7,IA_cue_competition_C010_score_only_P2_moderate_PDU_low_ATT_stroop,10,5,2026-06-03T03:51:24.664037+00:00,cue_competition,C010_score_only,score-only,0,1,0,P2_moderate_PDU_low_ATT,moderate PDU / low attention difficulties,1,,,stroop,Stroop color-word task,7a3fce8843e7,449,764,0.89,610,140,72,
IA_minimax_MiniMax-M2.5_20260603T032216Z,37853e68-6dce-441a-b1dd-0b960a213694,3,minimax,MiniMax-M2.5,0.7,IA_cue_competition_C010_score_only_P2_moderate_PDU_low_ATT_stroop,11,1,2026-06-03T03:51:33.339177+00:00,cue_competition,C010_score_only,score-only,0,1,0,P2_moderate_PDU_low_ATT,moderate PDU / low attention difficulties,1,,,stroop,Stroop color-word task,7a3fce8843e7,449,827,87,620,145,105,
IA_minimax_MiniMax-M2.5_20260603T032216Z,37853e68-6dce-441a-b1dd-0b960a213694,3,minimax,MiniMax-M2.5,0.7,IA_cue_competition_C010_score_only_P2_moderate_PDU_low_ATT_stroop,12,2,2026-06-03T03:51:33.339177+00:00,cue_competition,C010_score_only,score-only,0,1,0,P2_moderate_PDU_low_ATT,moderate PDU / low attention difficulties,1,,,stroop,Stroop color-word task,7a3fce8843e7,449,827,89,595,135,95,
IA_minimax_MiniMax-M2.5_20260603T032216Z,37853e68-6dce-441a-b1dd-0b960a213694,3,minimax,MiniMax-M2.5,0.7,IA_cue_competition_C010_score_only_P2_moderate_PDU_low_ATT_stroop,13,3,2026-06-03T03:51:33.339177+00:00,cue_competition,C010_score_only,score-only,0,1,0,P2_moderate_PDU_low_ATT,moderate PDU / low attention difficulties,1,,,stroop,Stroop color-word task,7a3fce8843e7,449,827,86,645,155,115,
IA_minimax_MiniMax-M2.5_20260603T032216Z,37853e68-6dce-441a-b1dd-0b960a213694,3,minimax,MiniMax-M2.5,0.7,IA_cue_competition_C010_score_only_P2_moderate_PDU_low_ATT_stroop,14,4,2026-06-03T03:51:33.339177+00:00,cue_competition,C010_score_only,score-only,0,1,0,P2_moderate_PDU_low_ATT,moderate PDU / low attention difficulties,1,,,stroop,Stroop color-word task,7a3fce8843e7,449,827,85,665,160,120,
IA_minimax_MiniMax-M2.5_20260603T032216Z,37853e68-6dce-441a-b1dd-0b960a213694,3,minimax,MiniMax-M2.5,0.7,IA_cue_competition_C010_score_only_P2_moderate_PDU_low_ATT_stroop,15,5,2026-06-03T03:51:33.339177+00:00,cue_competition,C010_score_only,score-only,0,1,0,P2_moderate_PDU_low_ATT,moderate PDU / low attention difficulties,1,,,stroop,Stroop color-word task,7a3fce8843e7,449,827,88,610,140,100,
IA_minimax_MiniMax-M2.5_20260603T032216Z,1a1f6336-4617-4656-970a-1865250ec445,4,minimax,MiniMax-M2.5,0.7,IA_cue_competition_C010_score_only_P2_moderate_PDU_low_ATT_stroop,16,1,2026-06-03T03:51:42.884566+00:00,cue_competition,C010_score_only,score-only,0,1,0,P2_moderate_PDU_low_ATT,moderate PDU / low attention difficulties,1,,,stroop,Stroop color-word task,7a3fce8843e7,449,928,78,620,155,115,
IA_minimax_MiniMax-M2.5_20260603T032216Z,1a1f6336-4617-4656-970a-1865250ec445,4,minimax,MiniMax-M2.5,0.7,IA_cue_competition_C010_score_only_P2_moderate_PDU_low_ATT_stroop,17,2,2026-06-03T03:51:42.884566+00:00,cue_competition,C010_score_only,score-only,0,1,0,P2_moderate_PDU_low_ATT,moderate PDU / low attention difficulties,1,,,stroop,Stroop color-word task,7a3fce8843e7,449,928,82,580,140,95,
IA_minimax_MiniMax-M2.5_20260603T032216Z,1a1f6336-4617-4656-970a-1865250ec445,4,minimax,MiniMax-M2.5,0.7,IA_cue_competition_C010_score_only_P2_moderate_PDU_low_ATT_stroop,18,3,2026-06-03T03:51:42.884566+00:00,cue_competition,C010_score_only,score-only,0,1,0,P2_moderate_PDU_low_ATT,moderate PDU / low attention difficulties,1,,,stroop,Stroop color-word task,7a3fce8843e7,449,928,75,650,170,130,
IA_minimax_MiniMax-M2.5_20260603T032216Z,1a1f6336-4617-4656-970a-1865250ec445,4,minimax,MiniMax-M2.5,0.7,IA_cue_competition_C010_score_only_P2_moderate_PDU_low_ATT_stroop,19,4,2026-06-03T03:51:42.884566+00:00,cue_competition,C010_score_only,score-only,0,1,0,P2_moderate_PDU_low_ATT,moderate PDU / low attention difficulties,1,,,stroop,Stroop color-word task,7a3fce8843e7,449,928,80,600,150,105,
IA_minimax_MiniMax-M2.5_20260603T032216Z,1a1f6336-4617-4656-970a-1865250ec445,4,minimax,MiniMax-M2.5,0.7,IA_cue_competition_C010_score_only_P2_moderate_PDU_low_ATT_stroop,20,5,2026-06-03T03:51:42.884566+00:00,cue_competition,C010_score_only,score-only,0,1,0,P2_moderate_PDU_low_ATT,moderate PDU / low attention difficulties,1,,,stroop,Stroop color-word task,7a3fce8843e7,449,928,76,635,165,125,
IA_minimax_MiniMax-M2.5_20260603T032216Z,befd2cd8-a07e-4b39-8118-32fad7b463e3,1,minimax,MiniMax-M2.5,0.7,IA_cue_competition_C010_score_only_P2_moderate_PDU_low_ATT_nback,1,1,2026-06-03T03:51:51.584162+00:00,cue_competition,C010_score_only,score-only,0,1,0,P2_moderate_PDU_low_ATT,moderate PDU / low attention difficulties,1,,,nback,n-back working-memory task,8d5ad7377aec,469,826,75.3,85.1,73.2,67.6,
IA_minimax_MiniMax-M2.5_20260603T032216Z,befd2cd8-a07e-4b39-8118-32fad7b463e3,1,minimax,MiniMax-M2.5,0.7,IA_cue_competition_C010_score_only_P2_moderate_PDU_low_ATT_nback,2,2,2026-06-03T03:51:51.585228+00:00,cue_competition,C010_score_only,score-only,0,1,0,P2_moderate_PDU_low_ATT,moderate PDU / low attention difficulties,1,,,nback,n-back working-memory task,8d5ad7377aec,469,826,78.1,88.4,76.3,69.6,
IA_minimax_MiniMax-M2.5_20260603T032216Z,befd2cd8-a07e-4b39-8118-32fad7b463e3,1,minimax,MiniMax-M2.5,0.7,IA_cue_competition_C010_score_only_P2_moderate_PDU_low_ATT_nback,3,3,2026-06-03T03:51:51.585228+00:00,cue_competition,C010_score_only,score-only,0,1,0,P2_moderate_PDU_low_ATT,moderate PDU / low attention difficulties,1,,,nback,n-back working-memory task,8d5ad7377aec,469,826,72.8,82.7,70.5,65.2,
IA_minimax_MiniMax-M2.5_20260603T032216Z,befd2cd8-a07e-4b39-8118-32fad7b463e3,1,minimax,MiniMax-M2.5,0.7,IA_cue_competition_C010_score_only_P2_moderate_PDU_low_ATT_nback,4,4,2026-06-03T03:51:51.585228+00:00,cue_competition,C010_score_only,score-only,0,1,0,P2_moderate_PDU_low_ATT,moderate PDU / low attention difficulties,1,,,nback,n-back working-memory task,8d5ad7377aec,469,826,76.5,86.3,74.8,68.4,
IA_minimax_MiniMax-M2.5_20260603T032216Z,befd2cd8-a07e-4b39-8118-32fad7b463e3,1,minimax,MiniMax-M2.5,0.7,IA_cue_competition_C010_score_only_P2_moderate_PDU_low_ATT_nback,5,5,2026-06-03T03:51:51.585228+00:00,cue_competition,C010_score_only,score-only,0,1,0,P2_moderate_PDU_low_ATT,moderate PDU / low attention difficulties,1,,,nback,n-back working-memory task,8d5ad7377aec,469,826,74.2,84.6,72.1,65.9,
IA_minimax_MiniMax-M2.5_20260603T032216Z,6810ad2e-d0f8-4041-90ae-7b9fceb21bbb,2,minimax,MiniMax-M2.5,0.7,IA_cue_competition_C010_score_only_P2_moderate_PDU_low_ATT_nback,6,1,2026-06-03T03:51:57.477505+00:00,cue_competition,C010_score_only,score-only,0,1,0,P2_moderate_PDU_low_ATT,moderate PDU / low attention difficulties,1,,,nback,n-back working-memory task,8d5ad7377aec,469,525,78,87,76,68,
IA_minimax_MiniMax-M2.5_20260603T032216Z,6810ad2e-d0f8-4041-90ae-7b9fceb21bbb,2,minimax,MiniMax-M2.5,0.7,IA_cue_competition_C010_score_only_P2_moderate_PDU_low_ATT_nback,7,2,2026-06-03T03:51:57.477505+00:00,cue_competition,C010_score_only,score-only,0,1,0,P2_moderate_PDU_low_ATT,moderate PDU / low attention difficulties,1,,,nback,n-back working-memory task,8d5ad7377aec,469,525,82,91,81,74,
IA_minimax_MiniMax-M2.5_20260603T032216Z,6810ad2e-d0f8-4041-90ae-7b9fceb21bbb,2,minimax,MiniMax-M2.5,0.7,IA_cue_competition_C010_score_only_P2_moderate_PDU_low_ATT_nback,8,3,2026-06-03T03:51:57.477505+00:00,cue_competition,C010_score_only,score-only,0,1,0,P2_moderate_PDU_low_ATT,moderate PDU / low attention difficulties,1,,,nback,n-back working-memory task,8d5ad7377aec,469,525,74,84,72,65,
IA_minimax_MiniMax-M2.5_20260603T032216Z,6810ad2e-d0f8-4041-90ae-7b9fceb21bbb,2,minimax,MiniMax-M2.5,0.7,IA_cue_competition_C010_score_only_P2_moderate_PDU_low_ATT_nback,9,4,2026-06-03T03:51:57.477505+00:00,cue_competition,C010_score_only,score-only,0,1,0,P2_moderate_PDU_low_ATT,moderate PDU / low attention difficulties,1,,,nback,n-back working-memory task,8d5ad7377aec,469,525,80,89,79,71,
IA_minimax_MiniMax-M2.5_20260603T032216Z,6810ad2e-d0f8-4041-90ae-7b9fceb21bbb,2,minimax,MiniMax-M2.5,0.7,IA_cue_competition_C010_score_only_P2_moderate_PDU_low_ATT_nback,10,5,2026-06-03T03:51:57.477505+00:00,cue_competition,C010_score_only,score-only,0,1,0,P2_moderate_PDU_low_ATT,moderate PDU / low attention difficulties,1,,,nback,n-back working-memory task,8d5ad7377aec,469,525,76,85,74,67,
IA_minimax_MiniMax-M2.5_20260603T032216Z,5388e4c1-a389-46e9-91cd-b5f125685aa3,3,minimax,MiniMax-M2.5,0.7,IA_cue_competition_C010_score_only_P2_moderate_PDU_low_ATT_nback,11,1,2026-06-03T03:52:07.155150+00:00,cue_competition,C010_score_only,score-only,0,1,0,P2_moderate_PDU_low_ATT,moderate PDU / low attention difficulties,1,,,nback,n-back working-memory task,8d5ad7377aec,469,938,78,88,75,68,
IA_minimax_MiniMax-M2.5_20260603T032216Z,5388e4c1-a389-46e9-91cd-b5f125685aa3,3,minimax,MiniMax-M2.5,0.7,IA_cue_competition_C010_score_only_P2_moderate_PDU_low_ATT_nback,12,2,2026-06-03T03:52:07.155150+00:00,cue_competition,C010_score_only,score-only,0,1,0,P2_moderate_PDU_low_ATT,moderate PDU / low attention difficulties,1,,,nback,n-back working-memory task,8d5ad7377aec,469,938,75,86,72,65,
IA_minimax_MiniMax-M2.5_20260603T032216Z,5388e4c1-a389-46e9-91cd-b5f125685aa3,3,minimax,MiniMax-M2.5,0.7,IA_cue_competition_C010_score_only_P2_moderate_PDU_low_ATT_nback,13,3,2026-06-03T03:52:07.155150+00:00,cue_competition,C010_score_only,score-only,0,1,0,P2_moderate_PDU_low_ATT,moderate PDU / low attention difficulties,1,,,nback,n-back working-memory task,8d5ad7377aec,469,938,72,85,70,62,
IA_minimax_MiniMax-M2.5_20260603T032216Z,5388e4c1-a389-46e9-91cd-b5f125685aa3,3,minimax,MiniMax-M2.5,0.7,IA_cue_competition_C010_score_only_P2_moderate_PDU_low_ATT_nback,14,4,2026-06-03T03:52:07.155150+00:00,cue_competition,C010_score_only,score-only,0,1,0,P2_moderate_PDU_low_ATT,moderate PDU / low attention difficulties,1,,,nback,n-back working-memory task,8d5ad7377aec,469,938,76,87,73,67,
IA_minimax_MiniMax-M2.5_20260603T032216Z,5388e4c1-a389-46e9-91cd-b5f125685aa3,3,minimax,MiniMax-M2.5,0.7,IA_cue_competition_C010_score_only_P2_moderate_PDU_low_ATT_nback,15,5,2026-06-03T03:52:07.155150+00:00,cue_competition,C010_score_only,score-only,0,1,0,P2_moderate_PDU_low_ATT,moderate PDU / low attention difficulties,1,,,nback,n-back working-memory task,8d5ad7377aec,469,938,74,84,71,64,
IA_minimax_MiniMax-M2.5_20260603T032216Z,f7fb6a17-2c95-4636-bb84-892e5273f711,4,minimax,MiniMax-M2.5,0.7,IA_cue_competition_C010_score_only_P2_moderate_PDU_low_ATT_nback,16,1,2026-06-03T03:52:13.607686+00:00,cue_competition,C010_score_only,score-only,0,1,0,P2_moderate_PDU_low_ATT,moderate PDU / low attention difficulties,1,,,nback,n-back working-memory task,8d5ad7377aec,469,589,78.2,88.4,76.1,70.1,
IA_minimax_MiniMax-M2.5_20260603T032216Z,f7fb6a17-2c95-4636-bb84-892e5273f711,4,minimax,MiniMax-M2.5,0.7,IA_cue_competition_C010_score_only_P2_moderate_PDU_low_ATT_nback,17,2,2026-06-03T03:52:13.607686+00:00,cue_competition,C010_score_only,score-only,0,1,0,P2_moderate_PDU_low_ATT,moderate PDU / low attention difficulties,1,,,nback,n-back working-memory task,8d5ad7377aec,469,589,76.8,86.7,74.9,68.8,
IA_minimax_MiniMax-M2.5_20260603T032216Z,f7fb6a17-2c95-4636-bb84-892e5273f711,4,minimax,MiniMax-M2.5,0.7,IA_cue_competition_C010_score_only_P2_moderate_PDU_low_ATT_nback,18,3,2026-06-03T03:52:13.607686+00:00,cue_competition,C010_score_only,score-only,0,1,0,P2_moderate_PDU_low_ATT,moderate PDU / low attention difficulties,1,,,nback,n-back working-memory task,8d5ad7377aec,469,589,79.5,89.2,77.3,72,
IA_minimax_MiniMax-M2.5_20260603T032216Z,f7fb6a17-2c95-4636-bb84-892e5273f711,4,minimax,MiniMax-M2.5,0.7,IA_cue_competition_C010_score_only_P2_moderate_PDU_low_ATT_nback,19,4,2026-06-03T03:52:13.607686+00:00,cue_competition,C010_score_only,score-only,0,1,0,P2_moderate_PDU_low_ATT,moderate PDU / low attention difficulties,1,,,nback,n-back working-memory task,8d5ad7377aec,469,589,77.3,87.1,75.5,69.3,
IA_minimax_MiniMax-M2.5_20260603T032216Z,f7fb6a17-2c95-4636-bb84-892e5273f711,4,minimax,MiniMax-M2.5,0.7,IA_cue_competition_C010_score_only_P2_moderate_PDU_low_ATT_nback,20,5,2026-06-03T03:52:13.607686+00:00,cue_competition,C010_score_only,score-only,0,1,0,P2_moderate_PDU_low_ATT,moderate PDU / low attention difficulties,1,,,nback,n-back working-memory task,8d5ad7377aec,469,589,75.9,85.8,73.8,68.1,
IA_minimax_MiniMax-M2.5_20260603T032216Z,14c76700-94a0-4346-b2ef-d34b4cbc3173,1,minimax,MiniMax-M2.5,0.7,IA_cue_competition_C010_score_only_P2_moderate_PDU_low_ATT_bart,1,1,2026-06-03T03:52:23.479517+00:00,cue_competition,C010_score_only,score-only,0,1,0,P2_moderate_PDU_low_ATT,moderate PDU / low attention difficulties,1,,,bart,Balloon Analogue Risk Task,dc0acb5451cf,463,962,32.4,67.8,5,0.52,
IA_minimax_MiniMax-M2.5_20260603T032216Z,14c76700-94a0-4346-b2ef-d34b4cbc3173,1,minimax,MiniMax-M2.5,0.7,IA_cue_competition_C010_score_only_P2_moderate_PDU_low_ATT_bart,2,2,2026-06-03T03:52:23.479517+00:00,cue_competition,C010_score_only,score-only,0,1,0,P2_moderate_PDU_low_ATT,moderate PDU / low attention difficulties,1,,,bart,Balloon Analogue Risk Task,dc0acb5451cf,463,962,28.7,58.45,6,0.48,
IA_minimax_MiniMax-M2.5_20260603T032216Z,14c76700-94a0-4346-b2ef-d34b4cbc3173,1,minimax,MiniMax-M2.5,0.7,IA_cue_competition_C010_score_only_P2_moderate_PDU_low_ATT_bart,3,3,2026-06-03T03:52:23.479517+00:00,cue_competition,C010_score_only,score-only,0,1,0,P2_moderate_PDU_low_ATT,moderate PDU / low attention difficulties,1,,,bart,Balloon Analogue Risk Task,dc0acb5451cf,463,962,35.2,74.2,4,0.55,
IA_minimax_MiniMax-M2.5_20260603T032216Z,14c76700-94a0-4346-b2ef-d34b4cbc3173,1,minimax,MiniMax-M2.5,0.7,IA_cue_competition_C010_score_only_P2_moderate_PDU_low_ATT_bart,4,4,2026-06-03T03:52:23.479517+00:00,cue_competition,C010_score_only,score-only,0,1,0,P2_moderate_PDU_low_ATT,moderate PDU / low attention difficulties,1,,,bart,Balloon Analogue Risk Task,dc0acb5451cf,463,962,29.8,61.3,5,0.49,
IA_minimax_MiniMax-M2.5_20260603T032216Z,14c76700-94a0-4346-b2ef-d34b4cbc3173,1,minimax,MiniMax-M2.5,0.7,IA_cue_competition_C010_score_only_P2_moderate_PDU_low_ATT_bart,5,5,2026-06-03T03:52:23.479517+00:00,cue_competition,C010_score_only,score-only,0,1,0,P2_moderate_PDU_low_ATT,moderate PDU / low attention difficulties,1,,,bart,Balloon Analogue Risk Task,dc0acb5451cf,463,962,31.1,65.5,5,0.51,
IA_minimax_MiniMax-M2.5_20260603T032216Z,88b57169-c0ab-41d7-8353-4e751bfd3480,2,minimax,MiniMax-M2.5,0.7,IA_cue_competition_C010_score_only_P2_moderate_PDU_low_ATT_bart,6,1,2026-06-03T03:52:34.572904+00:00,cue_competition,C010_score_only,score-only,0,1,0,P2_moderate_PDU_low_ATT,moderate PDU / low attention difficulties,1,,,bart,Balloon Analogue Risk Task,dc0acb5451cf,463,1082,12,45,3,0.15,
IA_minimax_MiniMax-M2.5_20260603T032216Z,88b57169-c0ab-41d7-8353-4e751bfd3480,2,minimax,MiniMax-M2.5,0.7,IA_cue_competition_C010_score_only_P2_moderate_PDU_low_ATT_bart,7,2,2026-06-03T03:52:34.574008+00:00,cue_competition,C010_score_only,score-only,0,1,0,P2_moderate_PDU_low_ATT,moderate PDU / low attention difficulties,1,,,bart,Balloon Analogue Risk Task,dc0acb5451cf,463,1082,11,48,2,0.12,
IA_minimax_MiniMax-M2.5_20260603T032216Z,88b57169-c0ab-41d7-8353-4e751bfd3480,2,minimax,MiniMax-M2.5,0.7,IA_cue_competition_C010_score_only_P2_moderate_PDU_low_ATT_bart,8,3,2026-06-03T03:52:34.574008+00:00,cue_competition,C010_score_only,score-only,0,1,0,P2_moderate_PDU_low_ATT,moderate PDU / low attention difficulties,1,,,bart,Balloon Analogue Risk Task,dc0acb5451cf,463,1082,13,42,4,0.18,
IA_minimax_MiniMax-M2.5_20260603T032216Z,88b57169-c0ab-41d7-8353-4e751bfd3480,2,minimax,MiniMax-M2.5,0.7,IA_cue_competition_C010_score_only_P2_moderate_PDU_low_ATT_bart,9,4,2026-06-03T03:52:34.574008+00:00,cue_competition,C010_score_only,score-only,0,1,0,P2_moderate_PDU_low_ATT,moderate PDU / low attention difficulties,1,,,bart,Balloon Analogue Risk Task,dc0acb5451cf,463,1082,10,50,2,0.1,
IA_minimax_MiniMax-M2.5_20260603T032216Z,88b57169-c0ab-41d7-8353-4e751bfd3480,2,minimax,MiniMax-M2.5,0.7,IA_cue_competition_C010_score_only_P2_moderate_PDU_low_ATT_bart,10,5,2026-06-03T03:52:34.574008+00:00,cue_competition,C010_score_only,score-only,0,1,0,P2_moderate_PDU_low_ATT,moderate PDU / low attention difficulties,1,,,bart,Balloon Analogue Risk Task,dc0acb5451cf,463,1082,14,40,4,0.2,
IA_minimax_MiniMax-M2.5_20260603T032216Z,10df6905-7fdb-4496-9525-5449307f6f1e,3,minimax,MiniMax-M2.5,0.7,IA_cue_competition_C010_score_only_P2_moderate_PDU_low_ATT_bart,11,1,2026-06-03T03:52:45.869225+00:00,cue_competition,C010_score_only,score-only,0,1,0,P2_moderate_PDU_low_ATT,moderate PDU / low attention difficulties,1,,,bart,Balloon Analogue Risk Task,dc0acb5451cf,463,1110,28,8.5,2,0.28,
IA_minimax_MiniMax-M2.5_20260603T032216Z,10df6905-7fdb-4496-9525-5449307f6f1e,3,minimax,MiniMax-M2.5,0.7,IA_cue_competition_C010_score_only_P2_moderate_PDU_low_ATT_bart,12,2,2026-06-03T03:52:45.869225+00:00,cue_competition,C010_score_only,score-only,0,1,0,P2_moderate_PDU_low_ATT,moderate PDU / low attention difficulties,1,,,bart,Balloon Analogue Risk Task,dc0acb5451cf,463,1110,35,12.25,3,0.35,
IA_minimax_MiniMax-M2.5_20260603T032216Z,10df6905-7fdb-4496-9525-5449307f6f1e,3,minimax,MiniMax-M2.5,0.7,IA_cue_competition_C010_score_only_P2_moderate_PDU_low_ATT_bart,13,3,2026-06-03T03:52:45.869225+00:00,cue_competition,C010_score_only,score-only,0,1,0,P2_moderate_PDU_low_ATT,moderate PDU / low attention difficulties,1,,,bart,Balloon Analogue Risk Task,dc0acb5451cf,463,1110,42,16,4,0.42,
IA_minimax_MiniMax-M2.5_20260603T032216Z,10df6905-7fdb-4496-9525-5449307f6f1e,3,minimax,MiniMax-M2.5,0.7,IA_cue_competition_C010_score_only_P2_moderate_PDU_low_ATT_bart,14,4,2026-06-03T03:52:45.869225+00:00,cue_competition,C010_score_only,score-only,0,1,0,P2_moderate_PDU_low_ATT,moderate PDU / low attention difficulties,1,,,bart,Balloon Analogue Risk Task,dc0acb5451cf,463,1110,31,10.75,2,0.32,
IA_minimax_MiniMax-M2.5_20260603T032216Z,10df6905-7fdb-4496-9525-5449307f6f1e,3,minimax,MiniMax-M2.5,0.7,IA_cue_competition_C010_score_only_P2_moderate_PDU_low_ATT_bart,15,5,2026-06-03T03:52:45.870387+00:00,cue_competition,C010_score_only,score-only,0,1,0,P2_moderate_PDU_low_ATT,moderate PDU / low attention difficulties,1,,,bart,Balloon Analogue Risk Task,dc0acb5451cf,463,1110,38,14.5,3,0.38,
IA_minimax_MiniMax-M2.5_20260603T032216Z,a7bc68d9-d084-423e-b6e5-7879f93548f4,4,minimax,MiniMax-M2.5,0.7,IA_cue_competition_C010_score_only_P2_moderate_PDU_low_ATT_bart,16,1,2026-06-03T03:52:53.572683+00:00,cue_competition,C010_score_only,score-only,0,1,0,P2_moderate_PDU_low_ATT,moderate PDU / low attention difficulties,1,,,bart,Balloon Analogue Risk Task,dc0acb5451cf,463,717,14,12,5,0.35,
IA_minimax_MiniMax-M2.5_20260603T032216Z,a7bc68d9-d084-423e-b6e5-7879f93548f4,4,minimax,MiniMax-M2.5,0.7,IA_cue_competition_C010_score_only_P2_moderate_PDU_low_ATT_bart,17,2,2026-06-03T03:52:53.572683+00:00,cue_competition,C010_score_only,score-only,0,1,0,P2_moderate_PDU_low_ATT,moderate PDU / low attention difficulties,1,,,bart,Balloon Analogue Risk Task,dc0acb5451cf,463,717,18,19,4,0.42,
IA_minimax_MiniMax-M2.5_20260603T032216Z,a7bc68d9-d084-423e-b6e5-7879f93548f4,4,minimax,MiniMax-M2.5,0.7,IA_cue_competition_C010_score_only_P2_moderate_PDU_low_ATT_bart,18,3,2026-06-03T03:52:53.572683+00:00,cue_competition,C010_score_only,score-only,0,1,0,P2_moderate_PDU_low_ATT,moderate PDU / low attention difficulties,1,,,bart,Balloon Analogue Risk Task,dc0acb5451cf,463,717,12,8,6,0.28,
IA_minimax_MiniMax-M2.5_20260603T032216Z,a7bc68d9-d084-423e-b6e5-7879f93548f4,4,minimax,MiniMax-M2.5,0.7,IA_cue_competition_C010_score_only_P2_moderate_PDU_low_ATT_bart,19,4,2026-06-03T03:52:53.572683+00:00,cue_competition,C010_score_only,score-only,0,1,0,P2_moderate_PDU_low_ATT,moderate PDU / low attention difficulties,1,,,bart,Balloon Analogue Risk Task,dc0acb5451cf,463,717,16,15,4,0.38,
IA_minimax_MiniMax-M2.5_20260603T032216Z,a7bc68d9-d084-423e-b6e5-7879f93548f4,4,minimax,MiniMax-M2.5,0.7,IA_cue_competition_C010_score_only_P2_moderate_PDU_low_ATT_bart,20,5,2026-06-03T03:52:53.572683+00:00,cue_competition,C010_score_only,score-only,0,1,0,P2_moderate_PDU_low_ATT,moderate PDU / low attention difficulties,1,,,bart,Balloon Analogue Risk Task,dc0acb5451cf,463,717,15,14,5,0.36,
IA_minimax_MiniMax-M2.5_20260603T032216Z,009b6ec5-7375-4bbd-a421-bf329e3ad150,1,minimax,MiniMax-M2.5,0.7,IA_cue_competition_C010_score_only_P2_moderate_PDU_low_ATT_ddt,1,1,2026-06-03T03:53:00.138909+00:00,cue_competition,C010_score_only,score-only,0,1,0,P2_moderate_PDU_low_ATT,moderate PDU / low attention difficulties,1,,,ddt,Delay Discounting Task,6f0ab50c6706,446,618,0.025,-1.6,0.55,,
IA_minimax_MiniMax-M2.5_20260603T032216Z,009b6ec5-7375-4bbd-a421-bf329e3ad150,1,minimax,MiniMax-M2.5,0.7,IA_cue_competition_C010_score_only_P2_moderate_PDU_low_ATT_ddt,2,2,2026-06-03T03:53:00.138909+00:00,cue_competition,C010_score_only,score-only,0,1,0,P2_moderate_PDU_low_ATT,moderate PDU / low attention difficulties,1,,,ddt,Delay Discounting Task,6f0ab50c6706,446,618,0.035,-1.46,0.58,,
IA_minimax_MiniMax-M2.5_20260603T032216Z,009b6ec5-7375-4bbd-a421-bf329e3ad150,1,minimax,MiniMax-M2.5,0.7,IA_cue_competition_C010_score_only_P2_moderate_PDU_low_ATT_ddt,3,3,2026-06-03T03:53:00.138909+00:00,cue_competition,C010_score_only,score-only,0,1,0,P2_moderate_PDU_low_ATT,moderate PDU / low attention difficulties,1,,,ddt,Delay Discounting Task,6f0ab50c6706,446,618,0.018,-1.74,0.5,,
IA_minimax_MiniMax-M2.5_20260603T032216Z,009b6ec5-7375-4bbd-a421-bf329e3ad150,1,minimax,MiniMax-M2.5,0.7,IA_cue_competition_C010_score_only_P2_moderate_PDU_low_ATT_ddt,4,4,2026-06-03T03:53:00.138909+00:00,cue_competition,C010_score_only,score-only,0,1,0,P2_moderate_PDU_low_ATT,moderate PDU / low attention difficulties,1,,,ddt,Delay Discounting Task,6f0ab50c6706,446,618,0.045,-1.35,0.62,,
IA_minimax_MiniMax-M2.5_20260603T032216Z,009b6ec5-7375-4bbd-a421-bf329e3ad150,1,minimax,MiniMax-M2.5,0.7,IA_cue_competition_C010_score_only_P2_moderate_PDU_low_ATT_ddt,5,5,2026-06-03T03:53:00.138909+00:00,cue_competition,C010_score_only,score-only,0,1,0,P2_moderate_PDU_low_ATT,moderate PDU / low attention difficulties,1,,,ddt,Delay Discounting Task,6f0ab50c6706,446,618,0.03,-1.52,0.56,,
IA_minimax_MiniMax-M2.5_20260603T032216Z,264c7107-ca80-4945-a268-ce82a5d41087,2,minimax,MiniMax-M2.5,0.7,IA_cue_competition_C010_score_only_P2_moderate_PDU_low_ATT_ddt,6,1,2026-06-03T03:53:06.301044+00:00,cue_competition,C010_score_only,score-only,0,1,0,P2_moderate_PDU_low_ATT,moderate PDU / low attention difficulties,1,,,ddt,Delay Discounting Task,6f0ab50c6706,446,553,0.083,-2.486,0.72,,
IA_minimax_MiniMax-M2.5_20260603T032216Z,264c7107-ca80-4945-a268-ce82a5d41087,2,minimax,MiniMax-M2.5,0.7,IA_cue_competition_C010_score_only_P2_moderate_PDU_low_ATT_ddt,7,2,2026-06-03T03:53:06.301044+00:00,cue_competition,C010_score_only,score-only,0,1,0,P2_moderate_PDU_low_ATT,moderate PDU / low attention difficulties,1,,,ddt,Delay Discounting Task,6f0ab50c6706,446,553,0.067,-2.703,0.68,,
IA_minimax_MiniMax-M2.5_20260603T032216Z,264c7107-ca80-4945-a268-ce82a5d41087,2,minimax,MiniMax-M2.5,0.7,IA_cue_competition_C010_score_only_P2_moderate_PDU_low_ATT_ddt,8,3,2026-06-03T03:53:06.301044+00:00,cue_competition,C010_score_only,score-only,0,1,0,P2_moderate_PDU_low_ATT,moderate PDU / low attention difficulties,1,,,ddt,Delay Discounting Task,6f0ab50c6706,446,553,0.094,-2.364,0.76,,
IA_minimax_MiniMax-M2.5_20260603T032216Z,264c7107-ca80-4945-a268-ce82a5d41087,2,minimax,MiniMax-M2.5,0.7,IA_cue_competition_C010_score_only_P2_moderate_PDU_low_ATT_ddt,9,4,2026-06-03T03:53:06.301044+00:00,cue_competition,C010_score_only,score-only,0,1,0,P2_moderate_PDU_low_ATT,moderate PDU / low attention difficulties,1,,,ddt,Delay Discounting Task,6f0ab50c6706,446,553,0.052,-2.956,0.61,,
IA_minimax_MiniMax-M2.5_20260603T032216Z,264c7107-ca80-4945-a268-ce82a5d41087,2,minimax,MiniMax-M2.5,0.7,IA_cue_competition_C010_score_only_P2_moderate_PDU_low_ATT_ddt,10,5,2026-06-03T03:53:06.301044+00:00,cue_competition,C010_score_only,score-only,0,1,0,P2_moderate_PDU_low_ATT,moderate PDU / low attention difficulties,1,,,ddt,Delay Discounting Task,6f0ab50c6706,446,553,0.078,-2.551,0.74,,
IA_minimax_MiniMax-M2.5_20260603T032216Z,78216154-4f7e-4319-b485-5f28a779a811,3,minimax,MiniMax-M2.5,0.7,IA_cue_competition_C010_score_only_P2_moderate_PDU_low_ATT_ddt,11,1,2026-06-03T03:53:15.009337+00:00,cue_competition,C010_score_only,score-only,0,1,0,P2_moderate_PDU_low_ATT,moderate PDU / low attention difficulties,1,,,ddt,Delay Discounting Task,6f0ab50c6706,446,825,0.025,-3.689,0.62,,
IA_minimax_MiniMax-M2.5_20260603T032216Z,78216154-4f7e-4319-b485-5f28a779a811,3,minimax,MiniMax-M2.5,0.7,IA_cue_competition_C010_score_only_P2_moderate_PDU_low_ATT_ddt,12,2,2026-06-03T03:53:15.009844+00:00,cue_competition,C010_score_only,score-only,0,1,0,P2_moderate_PDU_low_ATT,moderate PDU / low attention difficulties,1,,,ddt,Delay Discounting Task,6f0ab50c6706,446,825,0.035,-3.352,0.68,,
IA_minimax_MiniMax-M2.5_20260603T032216Z,78216154-4f7e-4319-b485-5f28a779a811,3,minimax,MiniMax-M2.5,0.7,IA_cue_competition_C010_score_only_P2_moderate_PDU_low_ATT_ddt,13,3,2026-06-03T03:53:15.009844+00:00,cue_competition,C010_score_only,score-only,0,1,0,P2_moderate_PDU_low_ATT,moderate PDU / low attention difficulties,1,,,ddt,Delay Discounting Task,6f0ab50c6706,446,825,0.02,-3.912,0.58,,
IA_minimax_MiniMax-M2.5_20260603T032216Z,78216154-4f7e-4319-b485-5f28a779a811,3,minimax,MiniMax-M2.5,0.7,IA_cue_competition_C010_score_only_P2_moderate_PDU_low_ATT_ddt,14,4,2026-06-03T03:53:15.009844+00:00,cue_competition,C010_score_only,score-only,0,1,0,P2_moderate_PDU_low_ATT,moderate PDU / low attention difficulties,1,,,ddt,Delay Discounting Task,6f0ab50c6706,446,825,0.03,-3.507,0.65,,
IA_minimax_MiniMax-M2.5_20260603T032216Z,78216154-4f7e-4319-b485-5f28a779a811,3,minimax,MiniMax-M2.5,0.7,IA_cue_competition_C010_score_only_P2_moderate_PDU_low_ATT_ddt,15,5,2026-06-03T03:53:15.009844+00:00,cue_competition,C010_score_only,score-only,0,1,0,P2_moderate_PDU_low_ATT,moderate PDU / low attention difficulties,1,,,ddt,Delay Discounting Task,6f0ab50c6706,446,825,0.028,-3.576,0.63,,
IA_minimax_MiniMax-M2.5_20260603T032216Z,6b0703b8-fd39-4b64-9f84-0c3efc4463b4,4,minimax,MiniMax-M2.5,0.7,IA_cue_competition_C010_score_only_P2_moderate_PDU_low_ATT_ddt,16,1,2026-06-03T03:53:22.467351+00:00,cue_competition,C010_score_only,score-only,0,1,0,P2_moderate_PDU_low_ATT,moderate PDU / low attention difficulties,1,,,ddt,Delay Discounting Task,6f0ab50c6706,446,678,0.045,-3.101,0.52,,
IA_minimax_MiniMax-M2.5_20260603T032216Z,6b0703b8-fd39-4b64-9f84-0c3efc4463b4,4,minimax,MiniMax-M2.5,0.7,IA_cue_competition_C010_score_only_P2_moderate_PDU_low_ATT_ddt,17,2,2026-06-03T03:53:22.468364+00:00,cue_competition,C010_score_only,score-only,0,1,0,P2_moderate_PDU_low_ATT,moderate PDU / low attention difficulties,1,,,ddt,Delay Discounting Task,6f0ab50c6706,446,678,0.058,-2.847,0.58,,
IA_minimax_MiniMax-M2.5_20260603T032216Z,6b0703b8-fd39-4b64-9f84-0c3efc4463b4,4,minimax,MiniMax-M2.5,0.7,IA_cue_competition_C010_score_only_P2_moderate_PDU_low_ATT_ddt,18,3,2026-06-03T03:53:22.468364+00:00,cue_competition,C010_score_only,score-only,0,1,0,P2_moderate_PDU_low_ATT,moderate PDU / low attention difficulties,1,,,ddt,Delay Discounting Task,6f0ab50c6706,446,678,0.038,-3.27,0.48,,
IA_minimax_MiniMax-M2.5_20260603T032216Z,6b0703b8-fd39-4b64-9f84-0c3efc4463b4,4,minimax,MiniMax-M2.5,0.7,IA_cue_competition_C010_score_only_P2_moderate_PDU_low_ATT_ddt,19,4,2026-06-03T03:53:22.468364+00:00,cue_competition,C010_score_only,score-only,0,1,0,P2_moderate_PDU_low_ATT,moderate PDU / low attention difficulties,1,,,ddt,Delay Discounting Task,6f0ab50c6706,446,678,0.067,-2.703,0.62,,
IA_minimax_MiniMax-M2.5_20260603T032216Z,6b0703b8-fd39-4b64-9f84-0c3efc4463b4,4,minimax,MiniMax-M2.5,0.7,IA_cue_competition_C010_score_only_P2_moderate_PDU_low_ATT_ddt,20,5,2026-06-03T03:53:22.468364+00:00,cue_competition,C010_score_only,score-only,0,1,0,P2_moderate_PDU_low_ATT,moderate PDU / low attention difficulties,1,,,ddt,Delay Discounting Task,6f0ab50c6706,446,678,0.052,-2.956,0.55,,
IA_minimax_MiniMax-M2.5_20260603T032216Z,4e2ba812-5694-4fa7-a4eb-8663209b4dc4,1,minimax,MiniMax-M2.5,0.7,IA_cue_competition_C010_score_only_P2_moderate_PDU_low_ATT_questionnaire,1,1,2026-06-03T03:53:31.558655+00:00,cue_competition,C010_score_only,score-only,0,1,0,P2_moderate_PDU_low_ATT,moderate PDU / low attention difficulties,1,,,questionnaire,questionnaire-profile prediction,c7d7ee629e6e,474,899,23,58,4,4,6
IA_minimax_MiniMax-M2.5_20260603T032216Z,4e2ba812-5694-4fa7-a4eb-8663209b4dc4,1,minimax,MiniMax-M2.5,0.7,IA_cue_competition_C010_score_only_P2_moderate_PDU_low_ATT_questionnaire,2,2,2026-06-03T03:53:31.558655+00:00,cue_competition,C010_score_only,score-only,0,1,0,P2_moderate_PDU_low_ATT,moderate PDU / low attention difficulties,1,,,questionnaire,questionnaire-profile prediction,c7d7ee629e6e,474,899,27,65,2,2,4
IA_minimax_MiniMax-M2.5_20260603T032216Z,4e2ba812-5694-4fa7-a4eb-8663209b4dc4,1,minimax,MiniMax-M2.5,0.7,IA_cue_competition_C010_score_only_P2_moderate_PDU_low_ATT_questionnaire,3,3,2026-06-03T03:53:31.558655+00:00,cue_competition,C010_score_only,score-only,0,1,0,P2_moderate_PDU_low_ATT,moderate PDU / low attention difficulties,1,,,questionnaire,questionnaire-profile prediction,c7d7ee629e6e,474,899,24,60,3,3,5
IA_minimax_MiniMax-M2.5_20260603T032216Z,4e2ba812-5694-4fa7-a4eb-8663209b4dc4,1,minimax,MiniMax-M2.5,0.7,IA_cue_competition_C010_score_only_P2_moderate_PDU_low_ATT_questionnaire,4,4,2026-06-03T03:53:31.558655+00:00,cue_competition,C010_score_only,score-only,0,1,0,P2_moderate_PDU_low_ATT,moderate PDU / low attention difficulties,1,,,questionnaire,questionnaire-profile prediction,c7d7ee629e6e,474,899,26,67,4,4,7
IA_minimax_MiniMax-M2.5_20260603T032216Z,4e2ba812-5694-4fa7-a4eb-8663209b4dc4,1,minimax,MiniMax-M2.5,0.7,IA_cue_competition_C010_score_only_P2_moderate_PDU_low_ATT_questionnaire,5,5,2026-06-03T03:53:31.558655+00:00,cue_competition,C010_score_only,score-only,0,1,0,P2_moderate_PDU_low_ATT,moderate PDU / low attention difficulties,1,,,questionnaire,questionnaire-profile prediction,c7d7ee629e6e,474,899,22,55,2,2,4
IA_minimax_MiniMax-M2.5_20260603T032216Z,cf1788fd-83ea-4ecd-814a-85aa12da5917,2,minimax,MiniMax-M2.5,0.7,IA_cue_competition_C010_score_only_P2_moderate_PDU_low_ATT_questionnaire,6,1,2026-06-03T03:53:40.261555+00:00,cue_competition,C010_score_only,score-only,0,1,0,P2_moderate_PDU_low_ATT,moderate PDU / low attention difficulties,1,,,questionnaire,questionnaire-profile prediction,c7d7ee629e6e,474,832,25,62,3,3,5
IA_minimax_MiniMax-M2.5_20260603T032216Z,cf1788fd-83ea-4ecd-814a-85aa12da5917,2,minimax,MiniMax-M2.5,0.7,IA_cue_competition_C010_score_only_P2_moderate_PDU_low_ATT_questionnaire,7,2,2026-06-03T03:53:40.261555+00:00,cue_competition,C010_score_only,score-only,0,1,0,P2_moderate_PDU_low_ATT,moderate PDU / low attention difficulties,1,,,questionnaire,questionnaire-profile prediction,c7d7ee629e6e,474,832,27,65,4,4,6
IA_minimax_MiniMax-M2.5_20260603T032216Z,cf1788fd-83ea-4ecd-814a-85aa12da5917,2,minimax,MiniMax-M2.5,0.7,IA_cue_competition_C010_score_only_P2_moderate_PDU_low_ATT_questionnaire,8,3,2026-06-03T03:53:40.261555+00:00,cue_competition,C010_score_only,score-only,0,1,0,P2_moderate_PDU_low_ATT,moderate PDU / low attention difficulties,1,,,questionnaire,questionnaire-profile prediction,c7d7ee629e6e,474,832,23,58,3,3,4
IA_minimax_MiniMax-M2.5_20260603T032216Z,cf1788fd-83ea-4ecd-814a-85aa12da5917,2,minimax,MiniMax-M2.5,0.7,IA_cue_competition_C010_score_only_P2_moderate_PDU_low_ATT_questionnaire,9,4,2026-06-03T03:53:40.261555+00:00,cue_competition,C010_score_only,score-only,0,1,0,P2_moderate_PDU_low_ATT,moderate PDU / low attention difficulties,1,,,questionnaire,questionnaire-profile prediction,c7d7ee629e6e,474,832,26,60,4,3,5
IA_minimax_MiniMax-M2.5_20260603T032216Z,cf1788fd-83ea-4ecd-814a-85aa12da5917,2,minimax,MiniMax-M2.5,0.7,IA_cue_competition_C010_score_only_P2_moderate_PDU_low_ATT_questionnaire,10,5,2026-06-03T03:53:40.261555+00:00,cue_competition,C010_score_only,score-only,0,1,0,P2_moderate_PDU_low_ATT,moderate PDU / low attention difficulties,1,,,questionnaire,questionnaire-profile prediction,c7d7ee629e6e,474,832,24,64,3,4,5
IA_minimax_MiniMax-M2.5_20260603T032216Z,ad426b9a-cc28-4999-bce6-bd23a084bc3f,3,minimax,MiniMax-M2.5,0.7,IA_cue_competition_C010_score_only_P2_moderate_PDU_low_ATT_questionnaire,11,1,2026-06-03T03:53:47.933555+00:00,cue_competition,C010_score_only,score-only,0,1,0,P2_moderate_PDU_low_ATT,moderate PDU / low attention difficulties,1,,,questionnaire,questionnaire-profile prediction,c7d7ee629e6e,474,716,25,62,3,3,5
IA_minimax_MiniMax-M2.5_20260603T032216Z,ad426b9a-cc28-4999-bce6-bd23a084bc3f,3,minimax,MiniMax-M2.5,0.7,IA_cue_competition_C010_score_only_P2_moderate_PDU_low_ATT_questionnaire,12,2,2026-06-03T03:53:47.933555+00:00,cue_competition,C010_score_only,score-only,0,1,0,P2_moderate_PDU_low_ATT,moderate PDU / low attention difficulties,1,,,questionnaire,questionnaire-profile prediction,c7d7ee629e6e,474,716,28,65,4,4,6
IA_minimax_MiniMax-M2.5_20260603T032216Z,ad426b9a-cc28-4999-bce6-bd23a084bc3f,3,minimax,MiniMax-M2.5,0.7,IA_cue_competition_C010_score_only_P2_moderate_PDU_low_ATT_questionnaire,13,3,2026-06-03T03:53:47.933555+00:00,cue_competition,C010_score_only,score-only,0,1,0,P2_moderate_PDU_low_ATT,moderate PDU / low attention difficulties,1,,,questionnaire,questionnaire-profile prediction,c7d7ee629e6e,474,716,22,58,2,2,4
IA_minimax_MiniMax-M2.5_20260603T032216Z,ad426b9a-cc28-4999-bce6-bd23a084bc3f,3,minimax,MiniMax-M2.5,0.7,IA_cue_competition_C010_score_only_P2_moderate_PDU_low_ATT_questionnaire,14,4,2026-06-03T03:53:47.933555+00:00,cue_competition,C010_score_only,score-only,0,1,0,P2_moderate_PDU_low_ATT,moderate PDU / low attention difficulties,1,,,questionnaire,questionnaire-profile prediction,c7d7ee629e6e,474,716,27,60,3,3,5
IA_minimax_MiniMax-M2.5_20260603T032216Z,ad426b9a-cc28-4999-bce6-bd23a084bc3f,3,minimax,MiniMax-M2.5,0.7,IA_cue_competition_C010_score_only_P2_moderate_PDU_low_ATT_questionnaire,15,5,2026-06-03T03:53:47.933555+00:00,cue_competition,C010_score_only,score-only,0,1,0,P2_moderate_PDU_low_ATT,moderate PDU / low attention difficulties,1,,,questionnaire,questionnaire-profile prediction,c7d7ee629e6e,474,716,24,64,4,4,6
IA_minimax_MiniMax-M2.5_20260603T032216Z,c726cdd5-c96e-407e-aea0-bad268f9ebf8,4,minimax,MiniMax-M2.5,0.7,IA_cue_competition_C010_score_only_P2_moderate_PDU_low_ATT_questionnaire,16,1,2026-06-03T03:53:57.836967+00:00,cue_competition,C010_score_only,score-only,0,1,0,P2_moderate_PDU_low_ATT,moderate PDU / low attention difficulties,1,,,questionnaire,questionnaire-profile prediction,c7d7ee629e6e,474,961,25,62,3,3,5
IA_minimax_MiniMax-M2.5_20260603T032216Z,c726cdd5-c96e-407e-aea0-bad268f9ebf8,4,minimax,MiniMax-M2.5,0.7,IA_cue_competition_C010_score_only_P2_moderate_PDU_low_ATT_questionnaire,17,2,2026-06-03T03:53:57.836967+00:00,cue_competition,C010_score_only,score-only,0,1,0,P2_moderate_PDU_low_ATT,moderate PDU / low attention difficulties,1,,,questionnaire,questionnaire-profile prediction,c7d7ee629e6e,474,961,27,65,4,4,6
IA_minimax_MiniMax-M2.5_20260603T032216Z,c726cdd5-c96e-407e-aea0-bad268f9ebf8,4,minimax,MiniMax-M2.5,0.7,IA_cue_competition_C010_score_only_P2_moderate_PDU_low_ATT_questionnaire,18,3,2026-06-03T03:53:57.836967+00:00,cue_competition,C010_score_only,score-only,0,1,0,P2_moderate_PDU_low_ATT,moderate PDU / low attention difficulties,1,,,questionnaire,questionnaire-profile prediction,c7d7ee629e6e,474,961,24,60,2,2,4
IA_minimax_MiniMax-M2.5_20260603T032216Z,c726cdd5-c96e-407e-aea0-bad268f9ebf8,4,minimax,MiniMax-M2.5,0.7,IA_cue_competition_C010_score_only_P2_moderate_PDU_low_ATT_questionnaire,19,4,2026-06-03T03:53:57.836967+00:00,cue_competition,C010_score_only,score-only,0,1,0,P2_moderate_PDU_low_ATT,moderate PDU / low attention difficulties,1,,,questionnaire,questionnaire-profile prediction,c7d7ee629e6e,474,961,26,61,3,3,6
IA_minimax_MiniMax-M2.5_20260603T032216Z,c726cdd5-c96e-407e-aea0-bad268f9ebf8,4,minimax,MiniMax-M2.5,0.7,IA_cue_competition_C010_score_only_P2_moderate_PDU_low_ATT_questionnaire,20,5,2026-06-03T03:53:57.836967+00:00,cue_competition,C010_score_only,score-only,0,1,0,P2_moderate_PDU_low_ATT,moderate PDU / low attention difficulties,1,,,questionnaire,questionnaire-profile prediction,c7d7ee629e6e,474,961,26,62,4,4,5
IA_minimax_MiniMax-M2.5_20260603T032216Z,7217f5ca-1865-47f2-9384-8544f5527b40,1,minimax,MiniMax-M2.5,0.7,IA_cue_competition_C010_score_only_P3_high_PDU_low_ATT_stroop,1,1,2026-06-03T03:54:05.805312+00:00,cue_competition,C010_score_only,score-only,0,1,0,P3_high_PDU_low_ATT,high PDU / low attention difficulties,1,,,stroop,Stroop color-word task,9e19203bb5dd,449,751,88,580,145,85,
IA_minimax_MiniMax-M2.5_20260603T032216Z,7217f5ca-1865-47f2-9384-8544f5527b40,1,minimax,MiniMax-M2.5,0.7,IA_cue_competition_C010_score_only_P3_high_PDU_low_ATT_stroop,2,2,2026-06-03T03:54:05.805312+00:00,cue_competition,C010_score_only,score-only,0,1,0,P3_high_PDU_low_ATT,high PDU / low attention difficulties,1,,,stroop,Stroop color-word task,9e19203bb5dd,449,751,86,610,160,92,
IA_minimax_MiniMax-M2.5_20260603T032216Z,7217f5ca-1865-47f2-9384-8544f5527b40,1,minimax,MiniMax-M2.5,0.7,IA_cue_competition_C010_score_only_P3_high_PDU_low_ATT_stroop,3,3,2026-06-03T03:54:05.805312+00:00,cue_competition,C010_score_only,score-only,0,1,0,P3_high_PDU_low_ATT,high PDU / low attention difficulties,1,,,stroop,Stroop color-word task,9e19203bb5dd,449,751,90,555,135,78,
IA_minimax_MiniMax-M2.5_20260603T032216Z,7217f5ca-1865-47f2-9384-8544f5527b40,1,minimax,MiniMax-M2.5,0.7,IA_cue_competition_C010_score_only_P3_high_PDU_low_ATT_stroop,4,4,2026-06-03T03:54:05.805312+00:00,cue_competition,C010_score_only,score-only,0,1,0,P3_high_PDU_low_ATT,high PDU / low attention difficulties,1,,,stroop,Stroop color-word task,9e19203bb5dd,449,751,87,595,155,88,
IA_minimax_MiniMax-M2.5_20260603T032216Z,7217f5ca-1865-47f2-9384-8544f5527b40,1,minimax,MiniMax-M2.5,0.7,IA_cue_competition_C010_score_only_P3_high_PDU_low_ATT_stroop,5,5,2026-06-03T03:54:05.805312+00:00,cue_competition,C010_score_only,score-only,0,1,0,P3_high_PDU_low_ATT,high PDU / low attention difficulties,1,,,stroop,Stroop color-word task,9e19203bb5dd,449,751,89,570,148,82,
IA_minimax_MiniMax-M2.5_20260603T032216Z,10ca2521-a5a9-4282-a5e3-3cc785e24888,2,minimax,MiniMax-M2.5,0.7,IA_cue_competition_C010_score_only_P3_high_PDU_low_ATT_stroop,6,1,2026-06-03T03:54:13.632302+00:00,cue_competition,C010_score_only,score-only,0,1,0,P3_high_PDU_low_ATT,high PDU / low attention difficulties,1,,,stroop,Stroop color-word task,9e19203bb5dd,449,733,92,580,95,185,
IA_minimax_MiniMax-M2.5_20260603T032216Z,10ca2521-a5a9-4282-a5e3-3cc785e24888,2,minimax,MiniMax-M2.5,0.7,IA_cue_competition_C010_score_only_P3_high_PDU_low_ATT_stroop,7,2,2026-06-03T03:54:13.632302+00:00,cue_competition,C010_score_only,score-only,0,1,0,P3_high_PDU_low_ATT,high PDU / low attention difficulties,1,,,stroop,Stroop color-word task,9e19203bb5dd,449,733,90,610,105,200,
IA_minimax_MiniMax-M2.5_20260603T032216Z,10ca2521-a5a9-4282-a5e3-3cc785e24888,2,minimax,MiniMax-M2.5,0.7,IA_cue_competition_C010_score_only_P3_high_PDU_low_ATT_stroop,8,3,2026-06-03T03:54:13.632302+00:00,cue_competition,C010_score_only,score-only,0,1,0,P3_high_PDU_low_ATT,high PDU / low attention difficulties,1,,,stroop,Stroop color-word task,9e19203bb5dd,449,733,91,595,100,190,
IA_minimax_MiniMax-M2.5_20260603T032216Z,10ca2521-a5a9-4282-a5e3-3cc785e24888,2,minimax,MiniMax-M2.5,0.7,IA_cue_competition_C010_score_only_P3_high_PDU_low_ATT_stroop,9,4,2026-06-03T03:54:13.632302+00:00,cue_competition,C010_score_only,score-only,0,1,0,P3_high_PDU_low_ATT,high PDU / low attention difficulties,1,,,stroop,Stroop color-word task,9e19203bb5dd,449,733,89,625,110,210,
IA_minimax_MiniMax-M2.5_20260603T032216Z,10ca2521-a5a9-4282-a5e3-3cc785e24888,2,minimax,MiniMax-M2.5,0.7,IA_cue_competition_C010_score_only_P3_high_PDU_low_ATT_stroop,10,5,2026-06-03T03:54:13.632302+00:00,cue_competition,C010_score_only,score-only,0,1,0,P3_high_PDU_low_ATT,high PDU / low attention difficulties,1,,,stroop,Stroop color-word task,9e19203bb5dd,449,733,90.5,605,102,195,
IA_minimax_MiniMax-M2.5_20260603T032216Z,08b35ede-9a14-44ee-8993-221749c6d659,3,minimax,MiniMax-M2.5,0.7,IA_cue_competition_C010_score_only_P3_high_PDU_low_ATT_stroop,11,1,2026-06-03T03:54:22.486739+00:00,cue_competition,C010_score_only,score-only,0,1,0,P3_high_PDU_low_ATT,high PDU / low attention difficulties,1,,,stroop,Stroop color-word task,9e19203bb5dd,449,755,87.3,642,156,142,
IA_minimax_MiniMax-M2.5_20260603T032216Z,08b35ede-9a14-44ee-8993-221749c6d659,3,minimax,MiniMax-M2.5,0.7,IA_cue_competition_C010_score_only_P3_high_PDU_low_ATT_stroop,12,2,2026-06-03T03:54:22.486739+00:00,cue_competition,C010_score_only,score-only,0,1,0,P3_high_PDU_low_ATT,high PDU / low attention difficulties,1,,,stroop,Stroop color-word task,9e19203bb5dd,449,755,89.1,618,168,128,
IA_minimax_MiniMax-M2.5_20260603T032216Z,08b35ede-9a14-44ee-8993-221749c6d659,3,minimax,MiniMax-M2.5,0.7,IA_cue_competition_C010_score_only_P3_high_PDU_low_ATT_stroop,13,3,2026-06-03T03:54:22.489758+00:00,cue_competition,C010_score_only,score-only,0,1,0,P3_high_PDU_low_ATT,high PDU / low attention difficulties,1,,,stroop,Stroop color-word task,9e19203bb5dd,449,755,85.8,678,182,158,
IA_minimax_MiniMax-M2.5_20260603T032216Z,08b35ede-9a14-44ee-8993-221749c6d659,3,minimax,MiniMax-M2.5,0.7,IA_cue_competition_C010_score_only_P3_high_PDU_low_ATT_stroop,14,4,2026-06-03T03:54:22.489758+00:00,cue_competition,C010_score_only,score-only,0,1,0,P3_high_PDU_low_ATT,high PDU / low attention difficulties,1,,,stroop,Stroop color-word task,9e19203bb5dd,449,755,88.6,635,147,135,
IA_minimax_MiniMax-M2.5_20260603T032216Z,08b35ede-9a14-44ee-8993-221749c6d659,3,minimax,MiniMax-M2.5,0.7,IA_cue_competition_C010_score_only_P3_high_PDU_low_ATT_stroop,15,5,2026-06-03T03:54:22.489758+00:00,cue_competition,C010_score_only,score-only,0,1,0,P3_high_PDU_low_ATT,high PDU / low attention difficulties,1,,,stroop,Stroop color-word task,9e19203bb5dd,449,755,86.4,659,175,149,
IA_minimax_MiniMax-M2.5_20260603T032216Z,995f5627-0fc0-48e6-9861-0f27014b903a,4,minimax,MiniMax-M2.5,0.7,IA_cue_competition_C010_score_only_P3_high_PDU_low_ATT_stroop,16,1,2026-06-03T03:54:31.922068+00:00,cue_competition,C010_score_only,score-only,0,1,0,P3_high_PDU_low_ATT,high PDU / low attention difficulties,1,,,stroop,Stroop color-word task,9e19203bb5dd,449,888,86.2,545.8,108.3,102.5,
IA_minimax_MiniMax-M2.5_20260603T032216Z,995f5627-0fc0-48e6-9861-0f27014b903a,4,minimax,MiniMax-M2.5,0.7,IA_cue_competition_C010_score_only_P3_high_PDU_low_ATT_stroop,17,2,2026-06-03T03:54:31.923068+00:00,cue_competition,C010_score_only,score-only,0,1,0,P3_high_PDU_low_ATT,high PDU / low attention difficulties,1,,,stroop,Stroop color-word task,9e19203bb5dd,449,888,88.4,567.2,115.7,108.9,
IA_minimax_MiniMax-M2.5_20260603T032216Z,995f5627-0fc0-48e6-9861-0f27014b903a,4,minimax,MiniMax-M2.5,0.7,IA_cue_competition_C010_score_only_P3_high_PDU_low_ATT_stroop,18,3,2026-06-03T03:54:31.923068+00:00,cue_competition,C010_score_only,score-only,0,1,0,P3_high_PDU_low_ATT,high PDU / low attention difficulties,1,,,stroop,Stroop color-word task,9e19203bb5dd,449,888,87.1,552.3,112.4,105.6,
IA_minimax_MiniMax-M2.5_20260603T032216Z,995f5627-0fc0-48e6-9861-0f27014b903a,4,minimax,MiniMax-M2.5,0.7,IA_cue_competition_C010_score_only_P3_high_PDU_low_ATT_stroop,19,4,2026-06-03T03:54:31.923068+00:00,cue_competition,C010_score_only,score-only,0,1,0,P3_high_PDU_low_ATT,high PDU / low attention difficulties,1,,,stroop,Stroop color-word task,9e19203bb5dd,449,888,86.7,538.9,105.1,98.3,
IA_minimax_MiniMax-M2.5_20260603T032216Z,995f5627-0fc0-48e6-9861-0f27014b903a,4,minimax,MiniMax-M2.5,0.7,IA_cue_competition_C010_score_only_P3_high_PDU_low_ATT_stroop,20,5,2026-06-03T03:54:31.923068+00:00,cue_competition,C010_score_only,score-only,0,1,0,P3_high_PDU_low_ATT,high PDU / low attention difficulties,1,,,stroop,Stroop color-word task,9e19203bb5dd,449,888,87.9,561.5,118.2,112.4,
IA_minimax_MiniMax-M2.5_20260603T032216Z,65357dee-af00-4a9f-a736-5861d94aaee3,1,minimax,MiniMax-M2.5,0.7,IA_cue_competition_C010_score_only_P3_high_PDU_low_ATT_nback,1,1,2026-06-03T03:54:40.434567+00:00,cue_competition,C010_score_only,score-only,0,1,0,P3_high_PDU_low_ATT,high PDU / low attention difficulties,1,,,nback,n-back working-memory task,bb1debec71da,469,819,78.3,88.7,75.2,70.9,
IA_minimax_MiniMax-M2.5_20260603T032216Z,65357dee-af00-4a9f-a736-5861d94aaee3,1,minimax,MiniMax-M2.5,0.7,IA_cue_competition_C010_score_only_P3_high_PDU_low_ATT_nback,2,2,2026-06-03T03:54:40.434970+00:00,cue_competition,C010_score_only,score-only,0,1,0,P3_high_PDU_low_ATT,high PDU / low attention difficulties,1,,,nback,n-back working-memory task,bb1debec71da,469,819,76.1,86.4,73.1,68.7,
IA_minimax_MiniMax-M2.5_20260603T032216Z,65357dee-af00-4a9f-a736-5861d94aaee3,1,minimax,MiniMax-M2.5,0.7,IA_cue_competition_C010_score_only_P3_high_PDU_low_ATT_nback,3,3,2026-06-03T03:54:40.434970+00:00,cue_competition,C010_score_only,score-only,0,1,0,P3_high_PDU_low_ATT,high PDU / low attention difficulties,1,,,nback,n-back working-memory task,bb1debec71da,469,819,80.5,90.2,77.8,73.4,
IA_minimax_MiniMax-M2.5_20260603T032216Z,65357dee-af00-4a9f-a736-5861d94aaee3,1,minimax,MiniMax-M2.5,0.7,IA_cue_competition_C010_score_only_P3_high_PDU_low_ATT_nback,4,4,2026-06-03T03:54:40.434970+00:00,cue_competition,C010_score_only,score-only,0,1,0,P3_high_PDU_low_ATT,high PDU / low attention difficulties,1,,,nback,n-back working-memory task,bb1debec71da,469,819,74.8,84.9,71.6,67.9,
IA_minimax_MiniMax-M2.5_20260603T032216Z,65357dee-af00-4a9f-a736-5861d94aaee3,1,minimax,MiniMax-M2.5,0.7,IA_cue_competition_C010_score_only_P3_high_PDU_low_ATT_nback,5,5,2026-06-03T03:54:40.434970+00:00,cue_competition,C010_score_only,score-only,0,1,0,P3_high_PDU_low_ATT,high PDU / low attention difficulties,1,,,nback,n-back working-memory task,bb1debec71da,469,819,77.2,87.3,74.4,69.8,
IA_minimax_MiniMax-M2.5_20260603T032216Z,9d8fa31f-6b02-4be0-ae32-c12ec53f0c4d,2,minimax,MiniMax-M2.5,0.7,IA_cue_competition_C010_score_only_P3_high_PDU_low_ATT_nback,6,1,2026-06-03T03:54:50.306595+00:00,cue_competition,C010_score_only,score-only,0,1,0,P3_high_PDU_low_ATT,high PDU / low attention difficulties,1,,,nback,n-back working-memory task,bb1debec71da,469,981,73,86,76,65,
IA_minimax_MiniMax-M2.5_20260603T032216Z,9d8fa31f-6b02-4be0-ae32-c12ec53f0c4d,2,minimax,MiniMax-M2.5,0.7,IA_cue_competition_C010_score_only_P3_high_PDU_low_ATT_nback,7,2,2026-06-03T03:54:50.306595+00:00,cue_competition,C010_score_only,score-only,0,1,0,P3_high_PDU_low_ATT,high PDU / low attention difficulties,1,,,nback,n-back working-memory task,bb1debec71da,469,981,75,88,78,67,
IA_minimax_MiniMax-M2.5_20260603T032216Z,9d8fa31f-6b02-4be0-ae32-c12ec53f0c4d,2,minimax,MiniMax-M2.5,0.7,IA_cue_competition_C010_score_only_P3_high_PDU_low_ATT_nback,8,3,2026-06-03T03:54:50.306595+00:00,cue_competition,C010_score_only,score-only,0,1,0,P3_high_PDU_low_ATT,high PDU / low attention difficulties,1,,,nback,n-back working-memory task,bb1debec71da,469,981,71,84,74,63,
IA_minimax_MiniMax-M2.5_20260603T032216Z,9d8fa31f-6b02-4be0-ae32-c12ec53f0c4d,2,minimax,MiniMax-M2.5,0.7,IA_cue_competition_C010_score_only_P3_high_PDU_low_ATT_nback,9,4,2026-06-03T03:54:50.306595+00:00,cue_competition,C010_score_only,score-only,0,1,0,P3_high_PDU_low_ATT,high PDU / low attention difficulties,1,,,nback,n-back working-memory task,bb1debec71da,469,981,76,89,79,68,
IA_minimax_MiniMax-M2.5_20260603T032216Z,9d8fa31f-6b02-4be0-ae32-c12ec53f0c4d,2,minimax,MiniMax-M2.5,0.7,IA_cue_competition_C010_score_only_P3_high_PDU_low_ATT_nback,10,5,2026-06-03T03:54:50.306595+00:00,cue_competition,C010_score_only,score-only,0,1,0,P3_high_PDU_low_ATT,high PDU / low attention difficulties,1,,,nback,n-back working-memory task,bb1debec71da,469,981,72,85,75,64,
IA_minimax_MiniMax-M2.5_20260603T032216Z,cb0de998-e9a7-4262-bbaa-a59ef5f3b3d9,3,minimax,MiniMax-M2.5,0.7,IA_cue_competition_C010_score_only_P3_high_PDU_low_ATT_nback,11,1,2026-06-03T03:54:59.031972+00:00,cue_competition,C010_score_only,score-only,0,1,0,P3_high_PDU_low_ATT,high PDU / low attention difficulties,1,,,nback,n-back working-memory task,bb1debec71da,469,830,75,85,75,65,
IA_minimax_MiniMax-M2.5_20260603T032216Z,cb0de998-e9a7-4262-bbaa-a59ef5f3b3d9,3,minimax,MiniMax-M2.5,0.7,IA_cue_competition_C010_score_only_P3_high_PDU_low_ATT_nback,12,2,2026-06-03T03:54:59.031972+00:00,cue_competition,C010_score_only,score-only,0,1,0,P3_high_PDU_low_ATT,high PDU / low attention difficulties,1,,,nback,n-back working-memory task,bb1debec71da,469,830,72,82,72,62,
IA_minimax_MiniMax-M2.5_20260603T032216Z,cb0de998-e9a7-4262-bbaa-a59ef5f3b3d9,3,minimax,MiniMax-M2.5,0.7,IA_cue_competition_C010_score_only_P3_high_PDU_low_ATT_nback,13,3,2026-06-03T03:54:59.031972+00:00,cue_competition,C010_score_only,score-only,0,1,0,P3_high_PDU_low_ATT,high PDU / low attention difficulties,1,,,nback,n-back working-memory task,bb1debec71da,469,830,78,88,78,68,
IA_minimax_MiniMax-M2.5_20260603T032216Z,cb0de998-e9a7-4262-bbaa-a59ef5f3b3d9,3,minimax,MiniMax-M2.5,0.7,IA_cue_competition_C010_score_only_P3_high_PDU_low_ATT_nback,14,4,2026-06-03T03:54:59.031972+00:00,cue_competition,C010_score_only,score-only,0,1,0,P3_high_PDU_low_ATT,high PDU / low attention difficulties,1,,,nback,n-back working-memory task,bb1debec71da,469,830,70,80,70,60,
IA_minimax_MiniMax-M2.5_20260603T032216Z,cb0de998-e9a7-4262-bbaa-a59ef5f3b3d9,3,minimax,MiniMax-M2.5,0.7,IA_cue_competition_C010_score_only_P3_high_PDU_low_ATT_nback,15,5,2026-06-03T03:54:59.031972+00:00,cue_competition,C010_score_only,score-only,0,1,0,P3_high_PDU_low_ATT,high PDU / low attention difficulties,1,,,nback,n-back working-memory task,bb1debec71da,469,830,76,86,76,66,
IA_minimax_MiniMax-M2.5_20260603T032216Z,149fc130-7038-40aa-9fb2-5808babf6a33,4,minimax,MiniMax-M2.5,0.7,IA_cue_competition_C010_score_only_P3_high_PDU_low_ATT_nback,16,1,2026-06-03T03:55:06.947422+00:00,cue_competition,C010_score_only,score-only,0,1,0,P3_high_PDU_low_ATT,high PDU / low attention difficulties,1,,,nback,n-back working-memory task,bb1debec71da,469,738,82,88,78,70,
IA_minimax_MiniMax-M2.5_20260603T032216Z,149fc130-7038-40aa-9fb2-5808babf6a33,4,minimax,MiniMax-M2.5,0.7,IA_cue_competition_C010_score_only_P3_high_PDU_low_ATT_nback,17,2,2026-06-03T03:55:06.947422+00:00,cue_competition,C010_score_only,score-only,0,1,0,P3_high_PDU_low_ATT,high PDU / low attention difficulties,1,,,nback,n-back working-memory task,bb1debec71da,469,738,80,86,76,68,
IA_minimax_MiniMax-M2.5_20260603T032216Z,149fc130-7038-40aa-9fb2-5808babf6a33,4,minimax,MiniMax-M2.5,0.7,IA_cue_competition_C010_score_only_P3_high_PDU_low_ATT_nback,18,3,2026-06-03T03:55:06.947422+00:00,cue_competition,C010_score_only,score-only,0,1,0,P3_high_PDU_low_ATT,high PDU / low attention difficulties,1,,,nback,n-back working-memory task,bb1debec71da,469,738,84,90,80,72,
IA_minimax_MiniMax-M2.5_20260603T032216Z,149fc130-7038-40aa-9fb2-5808babf6a33,4,minimax,MiniMax-M2.5,0.7,IA_cue_competition_C010_score_only_P3_high_PDU_low_ATT_nback,19,4,2026-06-03T03:55:06.947422+00:00,cue_competition,C010_score_only,score-only,0,1,0,P3_high_PDU_low_ATT,high PDU / low attention difficulties,1,,,nback,n-back working-memory task,bb1debec71da,469,738,78,84,74,66,
IA_minimax_MiniMax-M2.5_20260603T032216Z,149fc130-7038-40aa-9fb2-5808babf6a33,4,minimax,MiniMax-M2.5,0.7,IA_cue_competition_C010_score_only_P3_high_PDU_low_ATT_nback,20,5,2026-06-03T03:55:06.947422+00:00,cue_competition,C010_score_only,score-only,0,1,0,P3_high_PDU_low_ATT,high PDU / low attention difficulties,1,,,nback,n-back working-memory task,bb1debec71da,469,738,81,87,77,69,
IA_minimax_MiniMax-M2.5_20260603T032216Z,7625fd76-5234-4fcd-83c9-d7bd20695156,1,minimax,MiniMax-M2.5,0.7,IA_cue_competition_C010_score_only_P3_high_PDU_low_ATT_bart,1,1,2026-06-03T03:55:16.492842+00:00,cue_competition,C010_score_only,score-only,0,1,0,P3_high_PDU_low_ATT,high PDU / low attention difficulties,1,,,bart,Balloon Analogue Risk Task,14ad64dff974,463,874,28,145,2,52,
IA_minimax_MiniMax-M2.5_20260603T032216Z,7625fd76-5234-4fcd-83c9-d7bd20695156,1,minimax,MiniMax-M2.5,0.7,IA_cue_competition_C010_score_only_P3_high_PDU_low_ATT_bart,2,2,2026-06-03T03:55:16.492842+00:00,cue_competition,C010_score_only,score-only,0,1,0,P3_high_PDU_low_ATT,high PDU / low attention difficulties,1,,,bart,Balloon Analogue Risk Task,14ad64dff974,463,874,38,210,3,58,
IA_minimax_MiniMax-M2.5_20260603T032216Z,7625fd76-5234-4fcd-83c9-d7bd20695156,1,minimax,MiniMax-M2.5,0.7,IA_cue_competition_C010_score_only_P3_high_PDU_low_ATT_bart,3,3,2026-06-03T03:55:16.492842+00:00,cue_competition,C010_score_only,score-only,0,1,0,P3_high_PDU_low_ATT,high PDU / low attention difficulties,1,,,bart,Balloon Analogue Risk Task,14ad64dff974,463,874,42,175,4,61,
IA_minimax_MiniMax-M2.5_20260603T032216Z,7625fd76-5234-4fcd-83c9-d7bd20695156,1,minimax,MiniMax-M2.5,0.7,IA_cue_competition_C010_score_only_P3_high_PDU_low_ATT_bart,4,4,2026-06-03T03:55:16.492842+00:00,cue_competition,C010_score_only,score-only,0,1,0,P3_high_PDU_low_ATT,high PDU / low attention difficulties,1,,,bart,Balloon Analogue Risk Task,14ad64dff974,463,874,35,195,2,55,
IA_minimax_MiniMax-M2.5_20260603T032216Z,7625fd76-5234-4fcd-83c9-d7bd20695156,1,minimax,MiniMax-M2.5,0.7,IA_cue_competition_C010_score_only_P3_high_PDU_low_ATT_bart,5,5,2026-06-03T03:55:16.492842+00:00,cue_competition,C010_score_only,score-only,0,1,0,P3_high_PDU_low_ATT,high PDU / low attention difficulties,1,,,bart,Balloon Analogue Risk Task,14ad64dff974,463,874,31,160,1,49,
IA_minimax_MiniMax-M2.5_20260603T032216Z,0c114c07-25c6-4f9a-b7c0-2cab25efdf06,2,minimax,MiniMax-M2.5,0.7,IA_cue_competition_C010_score_only_P3_high_PDU_low_ATT_bart,6,1,2026-06-03T03:55:25.218661+00:00,cue_competition,C010_score_only,score-only,0,1,0,P3_high_PDU_low_ATT,high PDU / low attention difficulties,1,,,bart,Balloon Analogue Risk Task,14ad64dff974,463,834,28,45,3,0.35,
IA_minimax_MiniMax-M2.5_20260603T032216Z,0c114c07-25c6-4f9a-b7c0-2cab25efdf06,2,minimax,MiniMax-M2.5,0.7,IA_cue_competition_C010_score_only_P3_high_PDU_low_ATT_bart,7,2,2026-06-03T03:55:25.218661+00:00,cue_competition,C010_score_only,score-only,0,1,0,P3_high_PDU_low_ATT,high PDU / low attention difficulties,1,,,bart,Balloon Analogue Risk Task,14ad64dff974,463,834,32,52,4,0.42,
IA_minimax_MiniMax-M2.5_20260603T032216Z,0c114c07-25c6-4f9a-b7c0-2cab25efdf06,2,minimax,MiniMax-M2.5,0.7,IA_cue_competition_C010_score_only_P3_high_PDU_low_ATT_bart,8,3,2026-06-03T03:55:25.218661+00:00,cue_competition,C010_score_only,score-only,0,1,0,P3_high_PDU_low_ATT,high PDU / low attention difficulties,1,,,bart,Balloon Analogue Risk Task,14ad64dff974,463,834,24,38,2,0.29,
IA_minimax_MiniMax-M2.5_20260603T032216Z,0c114c07-25c6-4f9a-b7c0-2cab25efdf06,2,minimax,MiniMax-M2.5,0.7,IA_cue_competition_C010_score_only_P3_high_PDU_low_ATT_bart,9,4,2026-06-03T03:55:25.218661+00:00,cue_competition,C010_score_only,score-only,0,1,0,P3_high_PDU_low_ATT,high PDU / low attention difficulties,1,,,bart,Balloon Analogue Risk Task,14ad64dff974,463,834,36,58,5,0.48,
IA_minimax_MiniMax-M2.5_20260603T032216Z,0c114c07-25c6-4f9a-b7c0-2cab25efdf06,2,minimax,MiniMax-M2.5,0.7,IA_cue_competition_C010_score_only_P3_high_PDU_low_ATT_bart,10,5,2026-06-03T03:55:25.218661+00:00,cue_competition,C010_score_only,score-only,0,1,0,P3_high_PDU_low_ATT,high PDU / low attention difficulties,1,,,bart,Balloon Analogue Risk Task,14ad64dff974,463,834,22,35,2,0.26,
IA_minimax_MiniMax-M2.5_20260603T032216Z,f019c38f-2099-4348-ab35-e42589519a03,3,minimax,MiniMax-M2.5,0.7,IA_cue_competition_C010_score_only_P3_high_PDU_low_ATT_bart,11,1,2026-06-03T03:55:33.649472+00:00,cue_competition,C010_score_only,score-only,0,1,0,P3_high_PDU_low_ATT,high PDU / low attention difficulties,1,,,bart,Balloon Analogue Risk Task,14ad64dff974,463,793,48,29,9,0.74,
IA_minimax_MiniMax-M2.5_20260603T032216Z,f019c38f-2099-4348-ab35-e42589519a03,3,minimax,MiniMax-M2.5,0.7,IA_cue_competition_C010_score_only_P3_high_PDU_low_ATT_bart,12,2,2026-06-03T03:55:33.649472+00:00,cue_competition,C010_score_only,score-only,0,1,0,P3_high_PDU_low_ATT,high PDU / low attention difficulties,1,,,bart,Balloon Analogue Risk Task,14ad64dff974,463,793,55,24,11,0.81,
IA_minimax_MiniMax-M2.5_20260603T032216Z,f019c38f-2099-4348-ab35-e42589519a03,3,minimax,MiniMax-M2.5,0.7,IA_cue_competition_C010_score_only_P3_high_PDU_low_ATT_bart,13,3,2026-06-03T03:55:33.649810+00:00,cue_competition,C010_score_only,score-only,0,1,0,P3_high_PDU_low_ATT,high PDU / low attention difficulties,1,,,bart,Balloon Analogue Risk Task,14ad64dff974,463,793,42,35,7,0.68,
IA_minimax_MiniMax-M2.5_20260603T032216Z,f019c38f-2099-4348-ab35-e42589519a03,3,minimax,MiniMax-M2.5,0.7,IA_cue_competition_C010_score_only_P3_high_PDU_low_ATT_bart,14,4,2026-06-03T03:55:33.649810+00:00,cue_competition,C010_score_only,score-only,0,1,0,P3_high_PDU_low_ATT,high PDU / low attention difficulties,1,,,bart,Balloon Analogue Risk Task,14ad64dff974,463,793,51,27,10,0.76,
IA_minimax_MiniMax-M2.5_20260603T032216Z,f019c38f-2099-4348-ab35-e42589519a03,3,minimax,MiniMax-M2.5,0.7,IA_cue_competition_C010_score_only_P3_high_PDU_low_ATT_bart,15,5,2026-06-03T03:55:33.649810+00:00,cue_competition,C010_score_only,score-only,0,1,0,P3_high_PDU_low_ATT,high PDU / low attention difficulties,1,,,bart,Balloon Analogue Risk Task,14ad64dff974,463,793,44,31,8,0.71,
IA_minimax_MiniMax-M2.5_20260603T032216Z,14ac82ef-6d54-403b-868c-7508708cd3f4,4,minimax,MiniMax-M2.5,0.7,IA_cue_competition_C010_score_only_P3_high_PDU_low_ATT_bart,16,1,2026-06-03T03:55:41.800283+00:00,cue_competition,C010_score_only,score-only,0,1,0,P3_high_PDU_low_ATT,high PDU / low attention difficulties,1,,,bart,Balloon Analogue Risk Task,14ad64dff974,463,771,28,32,8,0.42,
IA_minimax_MiniMax-M2.5_20260603T032216Z,14ac82ef-6d54-403b-868c-7508708cd3f4,4,minimax,MiniMax-M2.5,0.7,IA_cue_competition_C010_score_only_P3_high_PDU_low_ATT_bart,17,2,2026-06-03T03:55:41.800283+00:00,cue_competition,C010_score_only,score-only,0,1,0,P3_high_PDU_low_ATT,high PDU / low attention difficulties,1,,,bart,Balloon Analogue Risk Task,14ad64dff974,463,771,25,28,9,0.38,
IA_minimax_MiniMax-M2.5_20260603T032216Z,14ac82ef-6d54-403b-868c-7508708cd3f4,4,minimax,MiniMax-M2.5,0.7,IA_cue_competition_C010_score_only_P3_high_PDU_low_ATT_bart,18,3,2026-06-03T03:55:41.800283+00:00,cue_competition,C010_score_only,score-only,0,1,0,P3_high_PDU_low_ATT,high PDU / low attention difficulties,1,,,bart,Balloon Analogue Risk Task,14ad64dff974,463,771,30,35,7,0.45,
IA_minimax_MiniMax-M2.5_20260603T032216Z,14ac82ef-6d54-403b-868c-7508708cd3f4,4,minimax,MiniMax-M2.5,0.7,IA_cue_competition_C010_score_only_P3_high_PDU_low_ATT_bart,19,4,2026-06-03T03:55:41.800283+00:00,cue_competition,C010_score_only,score-only,0,1,0,P3_high_PDU_low_ATT,high PDU / low attention difficulties,1,,,bart,Balloon Analogue Risk Task,14ad64dff974,463,771,26,30,8,0.4,
IA_minimax_MiniMax-M2.5_20260603T032216Z,14ac82ef-6d54-403b-868c-7508708cd3f4,4,minimax,MiniMax-M2.5,0.7,IA_cue_competition_C010_score_only_P3_high_PDU_low_ATT_bart,20,5,2026-06-03T03:55:41.800283+00:00,cue_competition,C010_score_only,score-only,0,1,0,P3_high_PDU_low_ATT,high PDU / low attention difficulties,1,,,bart,Balloon Analogue Risk Task,14ad64dff974,463,771,27,31,7,0.43,
IA_minimax_MiniMax-M2.5_20260603T032216Z,08cd6cd6-0894-4ab5-b0d1-30e7aaa7467f,1,minimax,MiniMax-M2.5,0.7,IA_cue_competition_C010_score_only_P3_high_PDU_low_ATT_ddt,1,1,2026-06-03T03:55:49.824242+00:00,cue_competition,C010_score_only,score-only,0,1,0,P3_high_PDU_low_ATT,high PDU / low attention difficulties,1,,,ddt,Delay Discounting Task,4fd3ad79ae61,446,763,0.068,-2.688,0.72,,
IA_minimax_MiniMax-M2.5_20260603T032216Z,08cd6cd6-0894-4ab5-b0d1-30e7aaa7467f,1,minimax,MiniMax-M2.5,0.7,IA_cue_competition_C010_score_only_P3_high_PDU_low_ATT_ddt,2,2,2026-06-03T03:55:49.824242+00:00,cue_competition,C010_score_only,score-only,0,1,0,P3_high_PDU_low_ATT,high PDU / low attention difficulties,1,,,ddt,Delay Discounting Task,4fd3ad79ae61,446,763,0.082,-2.501,0.76,,
IA_minimax_MiniMax-M2.5_20260603T032216Z,08cd6cd6-0894-4ab5-b0d1-30e7aaa7467f,1,minimax,MiniMax-M2.5,0.7,IA_cue_competition_C010_score_only_P3_high_PDU_low_ATT_ddt,3,3,2026-06-03T03:55:49.824242+00:00,cue_competition,C010_score_only,score-only,0,1,0,P3_high_PDU_low_ATT,high PDU / low attention difficulties,1,,,ddt,Delay Discounting Task,4fd3ad79ae61,446,763,0.055,-2.9,0.68,,
IA_minimax_MiniMax-M2.5_20260603T032216Z,08cd6cd6-0894-4ab5-b0d1-30e7aaa7467f,1,minimax,MiniMax-M2.5,0.7,IA_cue_competition_C010_score_only_P3_high_PDU_low_ATT_ddt,4,4,2026-06-03T03:55:49.824242+00:00,cue_competition,C010_score_only,score-only,0,1,0,P3_high_PDU_low_ATT,high PDU / low attention difficulties,1,,,ddt,Delay Discounting Task,4fd3ad79ae61,446,763,0.091,-2.392,0.79,,
IA_minimax_MiniMax-M2.5_20260603T032216Z,08cd6cd6-0894-4ab5-b0d1-30e7aaa7467f,1,minimax,MiniMax-M2.5,0.7,IA_cue_competition_C010_score_only_P3_high_PDU_low_ATT_ddt,5,5,2026-06-03T03:55:49.824242+00:00,cue_competition,C010_score_only,score-only,0,1,0,P3_high_PDU_low_ATT,high PDU / low attention difficulties,1,,,ddt,Delay Discounting Task,4fd3ad79ae61,446,763,0.073,-2.617,0.74,,
IA_minimax_MiniMax-M2.5_20260603T032216Z,3f319c0e-3774-4989-9abc-40514cf409a2,2,minimax,MiniMax-M2.5,0.7,IA_cue_competition_C010_score_only_P3_high_PDU_low_ATT_ddt,6,1,2026-06-03T03:55:56.429936+00:00,cue_competition,C010_score_only,score-only,0,1,0,P3_high_PDU_low_ATT,high PDU / low attention difficulties,1,,,ddt,Delay Discounting Task,4fd3ad79ae61,446,607,0.15,-1.897,0.72,,
IA_minimax_MiniMax-M2.5_20260603T032216Z,3f319c0e-3774-4989-9abc-40514cf409a2,2,minimax,MiniMax-M2.5,0.7,IA_cue_competition_C010_score_only_P3_high_PDU_low_ATT_ddt,7,2,2026-06-03T03:55:56.429936+00:00,cue_competition,C010_score_only,score-only,0,1,0,P3_high_PDU_low_ATT,high PDU / low attention difficulties,1,,,ddt,Delay Discounting Task,4fd3ad79ae61,446,607,0.18,-1.715,0.76,,
IA_minimax_MiniMax-M2.5_20260603T032216Z,3f319c0e-3774-4989-9abc-40514cf409a2,2,minimax,MiniMax-M2.5,0.7,IA_cue_competition_C010_score_only_P3_high_PDU_low_ATT_ddt,8,3,2026-06-03T03:55:56.429936+00:00,cue_competition,C010_score_only,score-only,0,1,0,P3_high_PDU_low_ATT,high PDU / low attention difficulties,1,,,ddt,Delay Discounting Task,4fd3ad79ae61,446,607,0.12,-2.12,0.68,,
IA_minimax_MiniMax-M2.5_20260603T032216Z,3f319c0e-3774-4989-9abc-40514cf409a2,2,minimax,MiniMax-M2.5,0.7,IA_cue_competition_C010_score_only_P3_high_PDU_low_ATT_ddt,9,4,2026-06-03T03:55:56.429936+00:00,cue_competition,C010_score_only,score-only,0,1,0,P3_high_PDU_low_ATT,high PDU / low attention difficulties,1,,,ddt,Delay Discounting Task,4fd3ad79ae61,446,607,0.2,-1.609,0.8,,
IA_minimax_MiniMax-M2.5_20260603T032216Z,3f319c0e-3774-4989-9abc-40514cf409a2,2,minimax,MiniMax-M2.5,0.7,IA_cue_competition_C010_score_only_P3_high_PDU_low_ATT_ddt,10,5,2026-06-03T03:55:56.429936+00:00,cue_competition,C010_score_only,score-only,0,1,0,P3_high_PDU_low_ATT,high PDU / low attention difficulties,1,,,ddt,Delay Discounting Task,4fd3ad79ae61,446,607,0.16,-1.833,0.74,,
IA_minimax_MiniMax-M2.5_20260603T032216Z,13b6e6a7-b955-4d38-8d16-8e045c85430a,3,minimax,MiniMax-M2.5,0.7,IA_cue_competition_C010_score_only_P3_high_PDU_low_ATT_ddt,11,1,2026-06-03T03:56:03.756516+00:00,cue_competition,C010_score_only,score-only,0,1,0,P3_high_PDU_low_ATT,high PDU / low attention difficulties,1,,,ddt,Delay Discounting Task,4fd3ad79ae61,446,683,0.08,-2.53,0.72,,
IA_minimax_MiniMax-M2.5_20260603T032216Z,13b6e6a7-b955-4d38-8d16-8e045c85430a,3,minimax,MiniMax-M2.5,0.7,IA_cue_competition_C010_score_only_P3_high_PDU_low_ATT_ddt,12,2,2026-06-03T03:56:03.756516+00:00,cue_competition,C010_score_only,score-only,0,1,0,P3_high_PDU_low_ATT,high PDU / low attention difficulties,1,,,ddt,Delay Discounting Task,4fd3ad79ae61,446,683,0.11,-2.21,0.76,,
IA_minimax_MiniMax-M2.5_20260603T032216Z,13b6e6a7-b955-4d38-8d16-8e045c85430a,3,minimax,MiniMax-M2.5,0.7,IA_cue_competition_C010_score_only_P3_high_PDU_low_ATT_ddt,13,3,2026-06-03T03:56:03.756516+00:00,cue_competition,C010_score_only,score-only,0,1,0,P3_high_PDU_low_ATT,high PDU / low attention difficulties,1,,,ddt,Delay Discounting Task,4fd3ad79ae61,446,683,0.06,-2.81,0.68,,
IA_minimax_MiniMax-M2.5_20260603T032216Z,13b6e6a7-b955-4d38-8d16-8e045c85430a,3,minimax,MiniMax-M2.5,0.7,IA_cue_competition_C010_score_only_P3_high_PDU_low_ATT_ddt,14,4,2026-06-03T03:56:03.756516+00:00,cue_competition,C010_score_only,score-only,0,1,0,P3_high_PDU_low_ATT,high PDU / low attention difficulties,1,,,ddt,Delay Discounting Task,4fd3ad79ae61,446,683,0.13,-2.04,0.79,,
IA_minimax_MiniMax-M2.5_20260603T032216Z,13b6e6a7-b955-4d38-8d16-8e045c85430a,3,minimax,MiniMax-M2.5,0.7,IA_cue_competition_C010_score_only_P3_high_PDU_low_ATT_ddt,15,5,2026-06-03T03:56:03.756516+00:00,cue_competition,C010_score_only,score-only,0,1,0,P3_high_PDU_low_ATT,high PDU / low attention difficulties,1,,,ddt,Delay Discounting Task,4fd3ad79ae61,446,683,0.09,-2.41,0.74,,
IA_minimax_MiniMax-M2.5_20260603T032216Z,9129edc9-9406-4911-8674-0334e77b92ec,4,minimax,MiniMax-M2.5,0.7,IA_cue_competition_C010_score_only_P3_high_PDU_low_ATT_ddt,16,1,2026-06-03T03:56:12.098575+00:00,cue_competition,C010_score_only,score-only,0,1,0,P3_high_PDU_low_ATT,high PDU / low attention difficulties,1,,,ddt,Delay Discounting Task,4fd3ad79ae61,446,800,0.045,-3.1,0.68,,
IA_minimax_MiniMax-M2.5_20260603T032216Z,9129edc9-9406-4911-8674-0334e77b92ec,4,minimax,MiniMax-M2.5,0.7,IA_cue_competition_C010_score_only_P3_high_PDU_low_ATT_ddt,17,2,2026-06-03T03:56:12.098575+00:00,cue_competition,C010_score_only,score-only,0,1,0,P3_high_PDU_low_ATT,high PDU / low attention difficulties,1,,,ddt,Delay Discounting Task,4fd3ad79ae61,446,800,0.052,-2.96,0.72,,
IA_minimax_MiniMax-M2.5_20260603T032216Z,9129edc9-9406-4911-8674-0334e77b92ec,4,minimax,MiniMax-M2.5,0.7,IA_cue_competition_C010_score_only_P3_high_PDU_low_ATT_ddt,18,3,2026-06-03T03:56:12.098575+00:00,cue_competition,C010_score_only,score-only,0,1,0,P3_high_PDU_low_ATT,high PDU / low attention difficulties,1,,,ddt,Delay Discounting Task,4fd3ad79ae61,446,800,0.038,-3.27,0.65,,
IA_minimax_MiniMax-M2.5_20260603T032216Z,9129edc9-9406-4911-8674-0334e77b92ec,4,minimax,MiniMax-M2.5,0.7,IA_cue_competition_C010_score_only_P3_high_PDU_low_ATT_ddt,19,4,2026-06-03T03:56:12.098575+00:00,cue_competition,C010_score_only,score-only,0,1,0,P3_high_PDU_low_ATT,high PDU / low attention difficulties,1,,,ddt,Delay Discounting Task,4fd3ad79ae61,446,800,0.061,-2.79,0.75,,
IA_minimax_MiniMax-M2.5_20260603T032216Z,9129edc9-9406-4911-8674-0334e77b92ec,4,minimax,MiniMax-M2.5,0.7,IA_cue_competition_C010_score_only_P3_high_PDU_low_ATT_ddt,20,5,2026-06-03T03:56:12.098575+00:00,cue_competition,C010_score_only,score-only,0,1,0,P3_high_PDU_low_ATT,high PDU / low attention difficulties,1,,,ddt,Delay Discounting Task,4fd3ad79ae61,446,800,0.049,-3.02,0.7,,
IA_minimax_MiniMax-M2.5_20260603T032216Z,c393118e-adf0-4cc1-b491-6c679d5165b7,1,minimax,MiniMax-M2.5,0.7,IA_cue_competition_C010_score_only_P3_high_PDU_low_ATT_questionnaire,1,1,2026-06-03T03:56:22.906496+00:00,cue_competition,C010_score_only,score-only,0,1,0,P3_high_PDU_low_ATT,high PDU / low attention difficulties,1,,,questionnaire,questionnaire-profile prediction,3e5d056d3234,474,1055,23,89,6,7,10
IA_minimax_MiniMax-M2.5_20260603T032216Z,c393118e-adf0-4cc1-b491-6c679d5165b7,1,minimax,MiniMax-M2.5,0.7,IA_cue_competition_C010_score_only_P3_high_PDU_low_ATT_questionnaire,2,2,2026-06-03T03:56:22.907497+00:00,cue_competition,C010_score_only,score-only,0,1,0,P3_high_PDU_low_ATT,high PDU / low attention difficulties,1,,,questionnaire,questionnaire-profile prediction,3e5d056d3234,474,1055,25,87,7,8,11
IA_minimax_MiniMax-M2.5_20260603T032216Z,c393118e-adf0-4cc1-b491-6c679d5165b7,1,minimax,MiniMax-M2.5,0.7,IA_cue_competition_C010_score_only_P3_high_PDU_low_ATT_questionnaire,3,3,2026-06-03T03:56:22.907497+00:00,cue_competition,C010_score_only,score-only,0,1,0,P3_high_PDU_low_ATT,high PDU / low attention difficulties,1,,,questionnaire,questionnaire-profile prediction,3e5d056d3234,474,1055,24,88,6,7,10
IA_minimax_MiniMax-M2.5_20260603T032216Z,c393118e-adf0-4cc1-b491-6c679d5165b7,1,minimax,MiniMax-M2.5,0.7,IA_cue_competition_C010_score_only_P3_high_PDU_low_ATT_questionnaire,4,4,2026-06-03T03:56:22.907497+00:00,cue_competition,C010_score_only,score-only,0,1,0,P3_high_PDU_low_ATT,high PDU / low attention difficulties,1,,,questionnaire,questionnaire-profile prediction,3e5d056d3234,474,1055,22,90,5,6,9
IA_minimax_MiniMax-M2.5_20260603T032216Z,c393118e-adf0-4cc1-b491-6c679d5165b7,1,minimax,MiniMax-M2.5,0.7,IA_cue_competition_C010_score_only_P3_high_PDU_low_ATT_questionnaire,5,5,2026-06-03T03:56:22.907497+00:00,cue_competition,C010_score_only,score-only,0,1,0,P3_high_PDU_low_ATT,high PDU / low attention difficulties,1,,,questionnaire,questionnaire-profile prediction,3e5d056d3234,474,1055,25,86,6,7,10
IA_minimax_MiniMax-M2.5_20260603T032216Z,88599d4e-6a5f-4e36-9a35-372d2a8043a4,2,minimax,MiniMax-M2.5,0.7,IA_cue_competition_C010_score_only_P3_high_PDU_low_ATT_questionnaire,6,1,2026-06-03T03:56:32.631018+00:00,cue_competition,C010_score_only,score-only,0,1,0,P3_high_PDU_low_ATT,high PDU / low attention difficulties,1,,,questionnaire,questionnaire-profile prediction,3e5d056d3234,474,969,24,88,6,7,10
IA_minimax_MiniMax-M2.5_20260603T032216Z,88599d4e-6a5f-4e36-9a35-372d2a8043a4,2,minimax,MiniMax-M2.5,0.7,IA_cue_competition_C010_score_only_P3_high_PDU_low_ATT_questionnaire,7,2,2026-06-03T03:56:32.631018+00:00,cue_competition,C010_score_only,score-only,0,1,0,P3_high_PDU_low_ATT,high PDU / low attention difficulties,1,,,questionnaire,questionnaire-profile prediction,3e5d056d3234,474,969,22,92,5,6,11
IA_minimax_MiniMax-M2.5_20260603T032216Z,88599d4e-6a5f-4e36-9a35-372d2a8043a4,2,minimax,MiniMax-M2.5,0.7,IA_cue_competition_C010_score_only_P3_high_PDU_low_ATT_questionnaire,8,3,2026-06-03T03:56:32.631018+00:00,cue_competition,C010_score_only,score-only,0,1,0,P3_high_PDU_low_ATT,high PDU / low attention difficulties,1,,,questionnaire,questionnaire-profile prediction,3e5d056d3234,474,969,26,85,7,8,9
IA_minimax_MiniMax-M2.5_20260603T032216Z,88599d4e-6a5f-4e36-9a35-372d2a8043a4,2,minimax,MiniMax-M2.5,0.7,IA_cue_competition_C010_score_only_P3_high_PDU_low_ATT_questionnaire,9,4,2026-06-03T03:56:32.631018+00:00,cue_competition,C010_score_only,score-only,0,1,0,P3_high_PDU_low_ATT,high PDU / low attention difficulties,1,,,questionnaire,questionnaire-profile prediction,3e5d056d3234,474,969,21,90,6,7,10
IA_minimax_MiniMax-M2.5_20260603T032216Z,88599d4e-6a5f-4e36-9a35-372d2a8043a4,2,minimax,MiniMax-M2.5,0.7,IA_cue_competition_C010_score_only_P3_high_PDU_low_ATT_questionnaire,10,5,2026-06-03T03:56:32.631018+00:00,cue_competition,C010_score_only,score-only,0,1,0,P3_high_PDU_low_ATT,high PDU / low attention difficulties,1,,,questionnaire,questionnaire-profile prediction,3e5d056d3234,474,969,23,86,5,6,11
IA_minimax_MiniMax-M2.5_20260603T032216Z,e5432f33-3719-42f0-99d9-5732181e7820,3,minimax,MiniMax-M2.5,0.7,IA_cue_competition_C010_score_only_P3_high_PDU_low_ATT_questionnaire,11,1,2026-06-03T03:56:39.763699+00:00,cue_competition,C010_score_only,score-only,0,1,0,P3_high_PDU_low_ATT,high PDU / low attention difficulties,1,,,questionnaire,questionnaire-profile prediction,3e5d056d3234,474,661,24,88,6,7,10
IA_minimax_MiniMax-M2.5_20260603T032216Z,e5432f33-3719-42f0-99d9-5732181e7820,3,minimax,MiniMax-M2.5,0.7,IA_cue_competition_C010_score_only_P3_high_PDU_low_ATT_questionnaire,12,2,2026-06-03T03:56:39.764277+00:00,cue_competition,C010_score_only,score-only,0,1,0,P3_high_PDU_low_ATT,high PDU / low attention difficulties,1,,,questionnaire,questionnaire-profile prediction,3e5d056d3234,474,661,25,87,6,7,11
IA_minimax_MiniMax-M2.5_20260603T032216Z,e5432f33-3719-42f0-99d9-5732181e7820,3,minimax,MiniMax-M2.5,0.7,IA_cue_competition_C010_score_only_P3_high_PDU_low_ATT_questionnaire,13,3,2026-06-03T03:56:39.764277+00:00,cue_competition,C010_score_only,score-only,0,1,0,P3_high_PDU_low_ATT,high PDU / low attention difficulties,1,,,questionnaire,questionnaire-profile prediction,3e5d056d3234,474,661,23,89,7,8,10
IA_minimax_MiniMax-M2.5_20260603T032216Z,e5432f33-3719-42f0-99d9-5732181e7820,3,minimax,MiniMax-M2.5,0.7,IA_cue_competition_C010_score_only_P3_high_PDU_low_ATT_questionnaire,14,4,2026-06-03T03:56:39.764277+00:00,cue_competition,C010_score_only,score-only,0,1,0,P3_high_PDU_low_ATT,high PDU / low attention difficulties,1,,,questionnaire,questionnaire-profile prediction,3e5d056d3234,474,661,24,88,6,7,10
IA_minimax_MiniMax-M2.5_20260603T032216Z,e5432f33-3719-42f0-99d9-5732181e7820,3,minimax,MiniMax-M2.5,0.7,IA_cue_competition_C010_score_only_P3_high_PDU_low_ATT_questionnaire,15,5,2026-06-03T03:56:39.764277+00:00,cue_competition,C010_score_only,score-only,0,1,0,P3_high_PDU_low_ATT,high PDU / low attention difficulties,1,,,questionnaire,questionnaire-profile prediction,3e5d056d3234,474,661,25,86,5,6,9
IA_minimax_MiniMax-M2.5_20260603T032216Z,49f0c75e-4b2c-4485-bf42-35990952bf17,4,minimax,MiniMax-M2.5,0.7,IA_cue_competition_C010_score_only_P3_high_PDU_low_ATT_questionnaire,16,1,2026-06-03T03:56:55.754611+00:00,cue_competition,C010_score_only,score-only,0,1,0,P3_high_PDU_low_ATT,high PDU / low attention difficulties,1,,,questionnaire,questionnaire-profile prediction,3e5d056d3234,474,1624,25,89,6,7,10
IA_minimax_MiniMax-M2.5_20260603T032216Z,49f0c75e-4b2c-4485-bf42-35990952bf17,4,minimax,MiniMax-M2.5,0.7,IA_cue_competition_C010_score_only_P3_high_PDU_low_ATT_questionnaire,17,2,2026-06-03T03:56:55.754611+00:00,cue_competition,C010_score_only,score-only,0,1,0,P3_high_PDU_low_ATT,high PDU / low attention difficulties,1,,,questionnaire,questionnaire-profile prediction,3e5d056d3234,474,1624,23,87,6,7,11
IA_minimax_MiniMax-M2.5_20260603T032216Z,49f0c75e-4b2c-4485-bf42-35990952bf17,4,minimax,MiniMax-M2.5,0.7,IA_cue_competition_C010_score_only_P3_high_PDU_low_ATT_questionnaire,18,3,2026-06-03T03:56:55.755607+00:00,cue_competition,C010_score_only,score-only,0,1,0,P3_high_PDU_low_ATT,high PDU / low attention difficulties,1,,,questionnaire,questionnaire-profile prediction,3e5d056d3234,474,1624,26,88,7,8,10
IA_minimax_MiniMax-M2.5_20260603T032216Z,49f0c75e-4b2c-4485-bf42-35990952bf17,4,minimax,MiniMax-M2.5,0.7,IA_cue_competition_C010_score_only_P3_high_PDU_low_ATT_questionnaire,19,4,2026-06-03T03:56:55.755607+00:00,cue_competition,C010_score_only,score-only,0,1,0,P3_high_PDU_low_ATT,high PDU / low attention difficulties,1,,,questionnaire,questionnaire-profile prediction,3e5d056d3234,474,1624,24,86,6,7,10
IA_minimax_MiniMax-M2.5_20260603T032216Z,49f0c75e-4b2c-4485-bf42-35990952bf17,4,minimax,MiniMax-M2.5,0.7,IA_cue_competition_C010_score_only_P3_high_PDU_low_ATT_questionnaire,20,5,2026-06-03T03:56:55.755912+00:00,cue_competition,C010_score_only,score-only,0,1,0,P3_high_PDU_low_ATT,high PDU / low attention difficulties,1,,,questionnaire,questionnaire-profile prediction,3e5d056d3234,474,1624,25,89,6,8,11
IA_minimax_MiniMax-M2.5_20260603T032216Z,2c8f00da-e46e-4908-a932-e4f309d55848,1,minimax,MiniMax-M2.5,0.7,IA_cue_competition_C010_score_only_P4_high_PDU_high_ATT_stroop,1,1,2026-06-03T03:57:04.380621+00:00,cue_competition,C010_score_only,score-only,0,1,0,P4_high_PDU_high_ATT,high PDU / high attention difficulties,1,,,stroop,Stroop color-word task,f6abb4900af9,449,815,88,620,145,135,
IA_minimax_MiniMax-M2.5_20260603T032216Z,2c8f00da-e46e-4908-a932-e4f309d55848,1,minimax,MiniMax-M2.5,0.7,IA_cue_competition_C010_score_only_P4_high_PDU_high_ATT_stroop,2,2,2026-06-03T03:57:04.380621+00:00,cue_competition,C010_score_only,score-only,0,1,0,P4_high_PDU_high_ATT,high PDU / high attention difficulties,1,,,stroop,Stroop color-word task,f6abb4900af9,449,815,91,580,130,125,
IA_minimax_MiniMax-M2.5_20260603T032216Z,2c8f00da-e46e-4908-a932-e4f309d55848,1,minimax,MiniMax-M2.5,0.7,IA_cue_competition_C010_score_only_P4_high_PDU_high_ATT_stroop,3,3,2026-06-03T03:57:04.380621+00:00,cue_competition,C010_score_only,score-only,0,1,0,P4_high_PDU_high_ATT,high PDU / high attention difficulties,1,,,stroop,Stroop color-word task,f6abb4900af9,449,815,86,640,155,145,
IA_minimax_MiniMax-M2.5_20260603T032216Z,2c8f00da-e46e-4908-a932-e4f309d55848,1,minimax,MiniMax-M2.5,0.7,IA_cue_competition_C010_score_only_P4_high_PDU_high_ATT_stroop,4,4,2026-06-03T03:57:04.380621+00:00,cue_competition,C010_score_only,score-only,0,1,0,P4_high_PDU_high_ATT,high PDU / high attention difficulties,1,,,stroop,Stroop color-word task,f6abb4900af9,449,815,90,595,138,118,
IA_minimax_MiniMax-M2.5_20260603T032216Z,2c8f00da-e46e-4908-a932-e4f309d55848,1,minimax,MiniMax-M2.5,0.7,IA_cue_competition_C010_score_only_P4_high_PDU_high_ATT_stroop,5,5,2026-06-03T03:57:04.380621+00:00,cue_competition,C010_score_only,score-only,0,1,0,P4_high_PDU_high_ATT,high PDU / high attention difficulties,1,,,stroop,Stroop color-word task,f6abb4900af9,449,815,89,610,142,130,
IA_minimax_MiniMax-M2.5_20260603T032216Z,b062d994-11cc-41e0-9f7d-9bf73cef8281,2,minimax,MiniMax-M2.5,0.7,IA_cue_competition_C010_score_only_P4_high_PDU_high_ATT_stroop,6,1,2026-06-03T03:57:10.396593+00:00,cue_competition,C010_score_only,score-only,0,1,0,P4_high_PDU_high_ATT,high PDU / high attention difficulties,1,,,stroop,Stroop color-word task,f6abb4900af9,449,524,91.2,548,128,112,
IA_minimax_MiniMax-M2.5_20260603T032216Z,b062d994-11cc-41e0-9f7d-9bf73cef8281,2,minimax,MiniMax-M2.5,0.7,IA_cue_competition_C010_score_only_P4_high_PDU_high_ATT_stroop,7,2,2026-06-03T03:57:10.396593+00:00,cue_competition,C010_score_only,score-only,0,1,0,P4_high_PDU_high_ATT,high PDU / high attention difficulties,1,,,stroop,Stroop color-word task,f6abb4900af9,449,524,89.7,572,141,126,
IA_minimax_MiniMax-M2.5_20260603T032216Z,b062d994-11cc-41e0-9f7d-9bf73cef8281,2,minimax,MiniMax-M2.5,0.7,IA_cue_competition_C010_score_only_P4_high_PDU_high_ATT_stroop,8,3,2026-06-03T03:57:10.396593+00:00,cue_competition,C010_score_only,score-only,0,1,0,P4_high_PDU_high_ATT,high PDU / high attention difficulties,1,,,stroop,Stroop color-word task,f6abb4900af9,449,524,92.4,531,119,98,
IA_minimax_MiniMax-M2.5_20260603T032216Z,b062d994-11cc-41e0-9f7d-9bf73cef8281,2,minimax,MiniMax-M2.5,0.7,IA_cue_competition_C010_score_only_P4_high_PDU_high_ATT_stroop,9,4,2026-06-03T03:57:10.396593+00:00,cue_competition,C010_score_only,score-only,0,1,0,P4_high_PDU_high_ATT,high PDU / high attention difficulties,1,,,stroop,Stroop color-word task,f6abb4900af9,449,524,90.1,559,135,118,
IA_minimax_MiniMax-M2.5_20260603T032216Z,b062d994-11cc-41e0-9f7d-9bf73cef8281,2,minimax,MiniMax-M2.5,0.7,IA_cue_competition_C010_score_only_P4_high_PDU_high_ATT_stroop,10,5,2026-06-03T03:57:10.396593+00:00,cue_competition,C010_score_only,score-only,0,1,0,P4_high_PDU_high_ATT,high PDU / high attention difficulties,1,,,stroop,Stroop color-word task,f6abb4900af9,449,524,88.5,586,148,134,
IA_minimax_MiniMax-M2.5_20260603T032216Z,a1887e92-554d-4614-a4ca-5aac8d90919c,3,minimax,MiniMax-M2.5,0.7,IA_cue_competition_C010_score_only_P4_high_PDU_high_ATT_stroop,11,1,2026-06-03T03:57:19.903846+00:00,cue_competition,C010_score_only,score-only,0,1,0,P4_high_PDU_high_ATT,high PDU / high attention difficulties,1,,,stroop,Stroop color-word task,f6abb4900af9,449,913,90.2,642,98,121,
IA_minimax_MiniMax-M2.5_20260603T032216Z,a1887e92-554d-4614-a4ca-5aac8d90919c,3,minimax,MiniMax-M2.5,0.7,IA_cue_competition_C010_score_only_P4_high_PDU_high_ATT_stroop,12,2,2026-06-03T03:57:19.903846+00:00,cue_competition,C010_score_only,score-only,0,1,0,P4_high_PDU_high_ATT,high PDU / high attention difficulties,1,,,stroop,Stroop color-word task,f6abb4900af9,449,913,89.5,678,112,107,
IA_minimax_MiniMax-M2.5_20260603T032216Z,a1887e92-554d-4614-a4ca-5aac8d90919c,3,minimax,MiniMax-M2.5,0.7,IA_cue_competition_C010_score_only_P4_high_PDU_high_ATT_stroop,13,3,2026-06-03T03:57:19.903846+00:00,cue_competition,C010_score_only,score-only,0,1,0,P4_high_PDU_high_ATT,high PDU / high attention difficulties,1,,,stroop,Stroop color-word task,f6abb4900af9,449,913,88.2,703,104,134,
IA_minimax_MiniMax-M2.5_20260603T032216Z,a1887e92-554d-4614-a4ca-5aac8d90919c,3,minimax,MiniMax-M2.5,0.7,IA_cue_competition_C010_score_only_P4_high_PDU_high_ATT_stroop,14,4,2026-06-03T03:57:19.903846+00:00,cue_competition,C010_score_only,score-only,0,1,0,P4_high_PDU_high_ATT,high PDU / high attention difficulties,1,,,stroop,Stroop color-word task,f6abb4900af9,449,913,91.4,631,91,98,
IA_minimax_MiniMax-M2.5_20260603T032216Z,a1887e92-554d-4614-a4ca-5aac8d90919c,3,minimax,MiniMax-M2.5,0.7,IA_cue_competition_C010_score_only_P4_high_PDU_high_ATT_stroop,15,5,2026-06-03T03:57:19.903846+00:00,cue_competition,C010_score_only,score-only,0,1,0,P4_high_PDU_high_ATT,high PDU / high attention difficulties,1,,,stroop,Stroop color-word task,f6abb4900af9,449,913,93.8,598,85,89,
IA_minimax_MiniMax-M2.5_20260603T032216Z,9d015c4a-50fa-4057-9c59-bccdbb9bdc52,4,minimax,MiniMax-M2.5,0.7,IA_cue_competition_C010_score_only_P4_high_PDU_high_ATT_stroop,16,1,2026-06-03T03:57:27.630233+00:00,cue_competition,C010_score_only,score-only,0,1,0,P4_high_PDU_high_ATT,high PDU / high attention difficulties,1,,,stroop,Stroop color-word task,f6abb4900af9,449,728,85,680,190,210,
IA_minimax_MiniMax-M2.5_20260603T032216Z,9d015c4a-50fa-4057-9c59-bccdbb9bdc52,4,minimax,MiniMax-M2.5,0.7,IA_cue_competition_C010_score_only_P4_high_PDU_high_ATT_stroop,17,2,2026-06-03T03:57:27.630233+00:00,cue_competition,C010_score_only,score-only,0,1,0,P4_high_PDU_high_ATT,high PDU / high attention difficulties,1,,,stroop,Stroop color-word task,f6abb4900af9,449,728,82,720,210,240,
IA_minimax_MiniMax-M2.5_20260603T032216Z,9d015c4a-50fa-4057-9c59-bccdbb9bdc52,4,minimax,MiniMax-M2.5,0.7,IA_cue_competition_C010_score_only_P4_high_PDU_high_ATT_stroop,18,3,2026-06-03T03:57:27.630233+00:00,cue_competition,C010_score_only,score-only,0,1,0,P4_high_PDU_high_ATT,high PDU / high attention difficulties,1,,,stroop,Stroop color-word task,f6abb4900af9,449,728,88,650,175,195,
IA_minimax_MiniMax-M2.5_20260603T032216Z,9d015c4a-50fa-4057-9c59-bccdbb9bdc52,4,minimax,MiniMax-M2.5,0.7,IA_cue_competition_C010_score_only_P4_high_PDU_high_ATT_stroop,19,4,2026-06-03T03:57:27.630233+00:00,cue_competition,C010_score_only,score-only,0,1,0,P4_high_PDU_high_ATT,high PDU / high attention difficulties,1,,,stroop,Stroop color-word task,f6abb4900af9,449,728,80,750,230,265,
IA_minimax_MiniMax-M2.5_20260603T032216Z,9d015c4a-50fa-4057-9c59-bccdbb9bdc52,4,minimax,MiniMax-M2.5,0.7,IA_cue_competition_C010_score_only_P4_high_PDU_high_ATT_stroop,20,5,2026-06-03T03:57:27.630233+00:00,cue_competition,C010_score_only,score-only,0,1,0,P4_high_PDU_high_ATT,high PDU / high attention difficulties,1,,,stroop,Stroop color-word task,f6abb4900af9,449,728,84,700,200,225,
IA_minimax_MiniMax-M2.5_20260603T032216Z,86927071-e0a7-42be-854f-e0adad9bd22f,1,minimax,MiniMax-M2.5,0.7,IA_cue_competition_C010_score_only_P4_high_PDU_high_ATT_nback,1,1,2026-06-03T03:57:35.513114+00:00,cue_competition,C010_score_only,score-only,0,1,0,P4_high_PDU_high_ATT,high PDU / high attention difficulties,1,,,nback,n-back working-memory task,255ae3099eba,469,729,78,86,78,70,
IA_minimax_MiniMax-M2.5_20260603T032216Z,86927071-e0a7-42be-854f-e0adad9bd22f,1,minimax,MiniMax-M2.5,0.7,IA_cue_competition_C010_score_only_P4_high_PDU_high_ATT_nback,2,2,2026-06-03T03:57:35.513114+00:00,cue_competition,C010_score_only,score-only,0,1,0,P4_high_PDU_high_ATT,high PDU / high attention difficulties,1,,,nback,n-back working-memory task,255ae3099eba,469,729,75,84,75,66,
IA_minimax_MiniMax-M2.5_20260603T032216Z,86927071-e0a7-42be-854f-e0adad9bd22f,1,minimax,MiniMax-M2.5,0.7,IA_cue_competition_C010_score_only_P4_high_PDU_high_ATT_nback,3,3,2026-06-03T03:57:35.513114+00:00,cue_competition,C010_score_only,score-only,0,1,0,P4_high_PDU_high_ATT,high PDU / high attention difficulties,1,,,nback,n-back working-memory task,255ae3099eba,469,729,80,88,80,72,
IA_minimax_MiniMax-M2.5_20260603T032216Z,86927071-e0a7-42be-854f-e0adad9bd22f,1,minimax,MiniMax-M2.5,0.7,IA_cue_competition_C010_score_only_P4_high_PDU_high_ATT_nback,4,4,2026-06-03T03:57:35.513114+00:00,cue_competition,C010_score_only,score-only,0,1,0,P4_high_PDU_high_ATT,high PDU / high attention difficulties,1,,,nback,n-back working-memory task,255ae3099eba,469,729,73,82,73,64,
IA_minimax_MiniMax-M2.5_20260603T032216Z,86927071-e0a7-42be-854f-e0adad9bd22f,1,minimax,MiniMax-M2.5,0.7,IA_cue_competition_C010_score_only_P4_high_PDU_high_ATT_nback,5,5,2026-06-03T03:57:35.513114+00:00,cue_competition,C010_score_only,score-only,0,1,0,P4_high_PDU_high_ATT,high PDU / high attention difficulties,1,,,nback,n-back working-memory task,255ae3099eba,469,729,76,85,76,67,
IA_minimax_MiniMax-M2.5_20260603T032216Z,84008071-df89-4d0e-9cb4-1f3557e703fd,2,minimax,MiniMax-M2.5,0.7,IA_cue_competition_C010_score_only_P4_high_PDU_high_ATT_nback,6,1,2026-06-03T03:57:44.076555+00:00,cue_competition,C010_score_only,score-only,0,1,0,P4_high_PDU_high_ATT,high PDU / high attention difficulties,1,,,nback,n-back working-memory task,255ae3099eba,469,783,72,80,72,63,
IA_minimax_MiniMax-M2.5_20260603T032216Z,84008071-df89-4d0e-9cb4-1f3557e703fd,2,minimax,MiniMax-M2.5,0.7,IA_cue_competition_C010_score_only_P4_high_PDU_high_ATT_nback,7,2,2026-06-03T03:57:44.076555+00:00,cue_competition,C010_score_only,score-only,0,1,0,P4_high_PDU_high_ATT,high PDU / high attention difficulties,1,,,nback,n-back working-memory task,255ae3099eba,469,783,71,78,74,60,
IA_minimax_MiniMax-M2.5_20260603T032216Z,84008071-df89-4d0e-9cb4-1f3557e703fd,2,minimax,MiniMax-M2.5,0.7,IA_cue_competition_C010_score_only_P4_high_PDU_high_ATT_nback,8,3,2026-06-03T03:57:44.077562+00:00,cue_competition,C010_score_only,score-only,0,1,0,P4_high_PDU_high_ATT,high PDU / high attention difficulties,1,,,nback,n-back working-memory task,255ae3099eba,469,783,72,82,69,65,
IA_minimax_MiniMax-M2.5_20260603T032216Z,84008071-df89-4d0e-9cb4-1f3557e703fd,2,minimax,MiniMax-M2.5,0.7,IA_cue_competition_C010_score_only_P4_high_PDU_high_ATT_nback,9,4,2026-06-03T03:57:44.077562+00:00,cue_competition,C010_score_only,score-only,0,1,0,P4_high_PDU_high_ATT,high PDU / high attention difficulties,1,,,nback,n-back working-memory task,255ae3099eba,469,783,68,76,70,58,
IA_minimax_MiniMax-M2.5_20260603T032216Z,84008071-df89-4d0e-9cb4-1f3557e703fd,2,minimax,MiniMax-M2.5,0.7,IA_cue_competition_C010_score_only_P4_high_PDU_high_ATT_nback,10,5,2026-06-03T03:57:44.077562+00:00,cue_competition,C010_score_only,score-only,0,1,0,P4_high_PDU_high_ATT,high PDU / high attention difficulties,1,,,nback,n-back working-memory task,255ae3099eba,469,783,70,79,71,61,
